@odata.etag,ItemInternalId,ID,Title,field_1,MRN,EDD,field_24,field_22,field_23,field_23#Id,ConsultantsPending,field_20,field_20#Id,IV_x0020_Meds,IV_x0020_Meds@odata.type,IV_x0020_Meds#Id,IV_x0020_Meds#Id@odata.type,field_30,field_30@odata.type,field_30#Id,field_30#Id@odata.type,Isolation,Isolation#Id,Anticoagulation,Anticoagulation@odata.type,Anticoagulation#Id,Anticoagulation#Id@odata.type,field_14,field_14#Id,DNR,DNR@odata.type,DNR#Id,DNR#Id@odata.type,field_32,field_32#Id,WeightChange,ArrivalTime,DCLounge,ApptsMade,PharmacyVerified,DCOrder,MedRec,DC_x0020_TODAY,field_15,field_18,field_18#Id,field_21,field_21#Id,field_29,field_29@odata.type,field_29#Id,field_29#Id@odata.type,field_35,field_35#Id,field_38,field_38#Id,Pre_x0020_Op,PO_x0020_Pain,BM,Walk_x0020_Test_x0020_Completed,Walk_x0020_Test_x0020_Needed,VADVSq4AM,VADVSq4PM,SkinAssessVerified,MCB,WeightVerified,LOS,OData__x0001f6a6__x0020_CLINICAL_x0020,OData__x0001f6a6__x0020_CLINICAL_x0020#Id,Modified,Created,Author,Author#Claims,Editor,Editor#Claims,{Identifier},{IsFolder},{Thumbnail},{Link},{Name},{FilenameWithExtension},{Path},{FullPath},{ContentType},{ContentType}#Id,{HasAttachments},{VersionNumber},CMNotes,AttendingMD,field_3,LeaderActionItems,field_8,field_11,PTIE
"""147""",15,15,6803,Ryan,6471952,2026-07-04,"S/P PCI 6/30. Sotalol loading completed
","Sotalol loading started 6/29, loading completed. PCI 6/30, Pt having episodes of vtach and brady. Attend held d/c will monitor overnight. Pend. EKG and cardio to s/o","{""@odata.type"":""#Microsoft.Azure.Connectors.SharePoint.SPListExpandedReference"",""Id"":0,""Value"":""Home No Needs""}",0,"CARDIO, EPS, ATN","{""@odata.type"":""#Microsoft.Azure.Connectors.SharePoint.SPListExpandedReference"",""Id"":0,""Value"":""A&O""}",0,[],#Collection(Microsoft.Azure.Connectors.SharePoint.SPListExpandedReference),[],#Collection(Int64),[],#Collection(Microsoft.Azure.Connectors.SharePoint.SPListExpandedReference),[],#Collection(Int64),"{""@odata.type"":""#Microsoft.Azure.Connectors.SharePoint.SPListExpandedReference"",""Id"":0,""Value"":""STANDARD""}",0,[],#Collection(Microsoft.Azure.Connectors.SharePoint.SPListExpandedReference),[],#Collection(Int64),"{""@odata.type"":""#Microsoft.Azure.Connectors.SharePoint.SPListExpandedReference"",""Id"":3,""Value"":""Other""}",3,[],#Collection(Microsoft.Azure.Connectors.SharePoint.SPListExpandedReference),[],#Collection(Int64),"{""@odata.type"":""#Microsoft.Azure.Connectors.SharePoint.SPListExpandedReference"",""Id"":0,""Value"":""Sotalol""}",0,0,2025-12-22T04:53:46Z,False,False,False,False,False,False,2026-06-29,"{""@odata.type"":""#Microsoft.Azure.Connectors.SharePoint.SPListExpandedReference"",""Id"":3,""Value"":""CVmed""}",3,"{""@odata.type"":""#Microsoft.Azure.Connectors.SharePoint.SPListExpandedReference"",""Id"":0,""Value"":""Self""}",0,[],#Collection(Microsoft.Azure.Connectors.SharePoint.SPListExpandedReference),[],#Collection(Int64),"{""@odata.type"":""#Microsoft.Azure.Connectors.SharePoint.SPListExpandedReference"",""Id"":1,""Value"":""Eliquis""}",1,"{""@odata.type"":""#Microsoft.Azure.Connectors.SharePoint.SPListExpandedReference"",""Id"":0,""Value"":""AT HOME""}",0,False,True,False,False,False,False,False,False,False,False,19.0000000000000,"{""@odata.type"":""#Microsoft.Azure.Connectors.SharePoint.SPListExpandedReference"",""Id"":3,""Value"":""Discharged""}",3,2026-07-19T01:34:48Z,2025-12-22T04:53:46Z,"{""@odata.type"":""#Microsoft.Azure.Connectors.SharePoint.SPListExpandedUser"",""Claims"":""i:0#.f|membership|rcufd6@multihosp.net"",""DisplayName"":""Cunningham, Ryan"",""Email"":""ryan.cunningham@adventhealth.com"",""Picture"":""https://ahsonline.sharepoint.com/sites/group-gt6leadershipteamgroup/_layouts/15/UserPhoto.aspx?Size=L&AccountName=ryan.cunningham@adventhealth.com"",""Department"":""ORL PCU Cardiopulmonary"",""JobTitle"":""Registered Nurse""}",i:0#.f|membership|rcufd6@multihosp.net,"{""@odata.type"":""#Microsoft.Azure.Connectors.SharePoint.SPListExpandedUser"",""Claims"":""i:0#.f|membership|tjm254@multihosp.net"",""DisplayName"":""Moyer, Ted"",""Email"":""Ted.Moyer@AdventHealth.com"",""Picture"":""https://ahsonline.sharepoint.com/sites/group-gt6leadershipteamgroup/_layouts/15/UserPhoto.aspx?Size=L&AccountName=Ted.Moyer@AdventHealth.com"",""Department"":""ORL PCU Thoracic Pulmonary"",""JobTitle"":""Asst Nurse Mgr""}",i:0#.f|membership|tjm254@multihosp.net,Lists%252fGT6%2bSURGIFLOW%2bCPPCU%252f15_.000,False,"{""Large"":null,""Medium"":null,""Small"":null}",https://ahsonline.sharepoint.com/sites/group-gt6leadershipteamgroup/_layouts/15/listform.aspx?PageType=4&ListId=b1516083%2Da63d%2D4301%2D8686%2D4bd9d64675d3&ID=15&ContentTypeID=0x01009E3859902E23B24FAFFEB1621FDA4832,6803,6803,Lists/GT6 SURGIFLOW CPPCU/,Lists/GT6 SURGIFLOW CPPCU/15_.000,"{""@odata.type"":""#Microsoft.Azure.Connectors.SharePoint.SPListExpandedContentType"",""Id"":""0x01009E3859902E23B24FAFFEB1621FDA4832"",""Name"":""Item""}",0x01009E3859902E23B24FAFFEB1621FDA4832,False,147.0,,,,,,,
"""126""",16,16,6804,Wells ,,2026-07-06,,,"{""@odata.type"":""#Microsoft.Azure.Connectors.SharePoint.SPListExpandedReference"",""Id"":0,""Value"":""Home No Needs""}",0,"CTS, cardio, attending",,,[],#Collection(Microsoft.Azure.Connectors.SharePoint.SPListExpandedReference),[],#Collection(Int64),"[{""@odata.type"":""#Microsoft.Azure.Connectors.SharePoint.SPListExpandedReference"",""Id"":0,""Value"":""Heparin""}]",#Collection(Microsoft.Azure.Connectors.SharePoint.SPListExpandedReference),[0],#Collection(Int64),,,[],#Collection(Microsoft.Azure.Connectors.SharePoint.SPListExpandedReference),[],#Collection(Int64),,,[],#Collection(Microsoft.Azure.Connectors.SharePoint.SPListExpandedReference),[],#Collection(Int64),"{""@odata.type"":""#Microsoft.Azure.Connectors.SharePoint.SPListExpandedReference"",""Id"":3,""Value"":""Other Time Critical""}",3,0,2025-12-22T04:54:08Z,False,False,False,False,False,False,2026-06-23,"{""@odata.type"":""#Microsoft.Azure.Connectors.SharePoint.SPListExpandedReference"",""Id"":3,""Value"":""CVmed""}",3,"{""@odata.type"":""#Microsoft.Azure.Connectors.SharePoint.SPListExpandedReference"",""Id"":1,""Value"":""Standby""}",1,[],#Collection(Microsoft.Azure.Connectors.SharePoint.SPListExpandedReference),[],#Collection(Int64),,,,,False,False,False,False,False,False,False,False,False,False,25.0000000000000,"{""@odata.type"":""#Microsoft.Azure.Connectors.SharePoint.SPListExpandedReference"",""Id"":3,""Value"":""Discharged""}",3,2026-07-19T01:33:40Z,2025-12-22T04:54:08Z,"{""@odata.type"":""#Microsoft.Azure.Connectors.SharePoint.SPListExpandedUser"",""Claims"":""i:0#.f|membership|rcufd6@multihosp.net"",""DisplayName"":""Cunningham, Ryan"",""Email"":""ryan.cunningham@adventhealth.com"",""Picture"":""https://ahsonline.sharepoint.com/sites/group-gt6leadershipteamgroup/_layouts/15/UserPhoto.aspx?Size=L&AccountName=ryan.cunningham@adventhealth.com"",""Department"":""ORL PCU Cardiopulmonary"",""JobTitle"":""Registered Nurse""}",i:0#.f|membership|rcufd6@multihosp.net,"{""@odata.type"":""#Microsoft.Azure.Connectors.SharePoint.SPListExpandedUser"",""Claims"":""i:0#.f|membership|tjm254@multihosp.net"",""DisplayName"":""Moyer, Ted"",""Email"":""Ted.Moyer@AdventHealth.com"",""Picture"":""https://ahsonline.sharepoint.com/sites/group-gt6leadershipteamgroup/_layouts/15/UserPhoto.aspx?Size=L&AccountName=Ted.Moyer@AdventHealth.com"",""Department"":""ORL PCU Thoracic Pulmonary"",""JobTitle"":""Asst Nurse Mgr""}",i:0#.f|membership|tjm254@multihosp.net,Lists%252fGT6%2bSURGIFLOW%2bCPPCU%252f16_.000,False,"{""Large"":null,""Medium"":null,""Small"":null}",https://ahsonline.sharepoint.com/sites/group-gt6leadershipteamgroup/_layouts/15/listform.aspx?PageType=4&ListId=b1516083%2Da63d%2D4301%2D8686%2D4bd9d64675d3&ID=16&ContentTypeID=0x01009E3859902E23B24FAFFEB1621FDA4832,6804,6804,Lists/GT6 SURGIFLOW CPPCU/,Lists/GT6 SURGIFLOW CPPCU/16_.000,"{""@odata.type"":""#Microsoft.Azure.Connectors.SharePoint.SPListExpandedContentType"",""Id"":""0x01009E3859902E23B24FAFFEB1621FDA4832"",""Name"":""Item""}",0x01009E3859902E23B24FAFFEB1621FDA4832,False,126.0,"HHC w/ Rn, pending. ",Dr. Gorman,Chest pain/vomiting,,,,
"""119""",17,17,6805,,,2026-07-04,,,,,,"{""@odata.type"":""#Microsoft.Azure.Connectors.SharePoint.SPListExpandedReference"",""Id"":0,""Value"":""A&O""}",0,[],#Collection(Microsoft.Azure.Connectors.SharePoint.SPListExpandedReference),[],#Collection(Int64),[],#Collection(Microsoft.Azure.Connectors.SharePoint.SPListExpandedReference),[],#Collection(Int64),,,[],#Collection(Microsoft.Azure.Connectors.SharePoint.SPListExpandedReference),[],#Collection(Int64),,,[],#Collection(Microsoft.Azure.Connectors.SharePoint.SPListExpandedReference),[],#Collection(Int64),"{""@odata.type"":""#Microsoft.Azure.Connectors.SharePoint.SPListExpandedReference"",""Id"":2,""Value"":""Tacro""}",2,0,2025-12-22T04:54:34Z,False,False,False,False,False,False,2026-06-04,"{""@odata.type"":""#Microsoft.Azure.Connectors.SharePoint.SPListExpandedReference"",""Id"":3,""Value"":""CVmed""}",3,"{""@odata.type"":""#Microsoft.Azure.Connectors.SharePoint.SPListExpandedReference"",""Id"":4,""Value"":""Total""}",4,[],#Collection(Microsoft.Azure.Connectors.SharePoint.SPListExpandedReference),[],#Collection(Int64),,,"{""@odata.type"":""#Microsoft.Azure.Connectors.SharePoint.SPListExpandedReference"",""Id"":0,""Value"":""AT HOME""}",0,False,True,False,False,False,False,False,False,False,False,44.0000000000000,"{""@odata.type"":""#Microsoft.Azure.Connectors.SharePoint.SPListExpandedReference"",""Id"":3,""Value"":""Discharged""}",3,2026-07-19T01:35:49Z,2025-12-22T04:54:34Z,"{""@odata.type"":""#Microsoft.Azure.Connectors.SharePoint.SPListExpandedUser"",""Claims"":""i:0#.f|membership|rcufd6@multihosp.net"",""DisplayName"":""Cunningham, Ryan"",""Email"":""ryan.cunningham@adventhealth.com"",""Picture"":""https://ahsonline.sharepoint.com/sites/group-gt6leadershipteamgroup/_layouts/15/UserPhoto.aspx?Size=L&AccountName=ryan.cunningham@adventhealth.com"",""Department"":""ORL PCU Cardiopulmonary"",""JobTitle"":""Registered Nurse""}",i:0#.f|membership|rcufd6@multihosp.net,"{""@odata.type"":""#Microsoft.Azure.Connectors.SharePoint.SPListExpandedUser"",""Claims"":""i:0#.f|membership|tjm254@multihosp.net"",""DisplayName"":""Moyer, Ted"",""Email"":""Ted.Moyer@AdventHealth.com"",""Picture"":""https://ahsonline.sharepoint.com/sites/group-gt6leadershipteamgroup/_layouts/15/UserPhoto.aspx?Size=L&AccountName=Ted.Moyer@AdventHealth.com"",""Department"":""ORL PCU Thoracic Pulmonary"",""JobTitle"":""Asst Nurse Mgr""}",i:0#.f|membership|tjm254@multihosp.net,Lists%252fGT6%2bSURGIFLOW%2bCPPCU%252f17_.000,False,"{""Large"":null,""Medium"":null,""Small"":null}",https://ahsonline.sharepoint.com/sites/group-gt6leadershipteamgroup/_layouts/15/listform.aspx?PageType=4&ListId=b1516083%2Da63d%2D4301%2D8686%2D4bd9d64675d3&ID=17&ContentTypeID=0x01009E3859902E23B24FAFFEB1621FDA4832,6805,6805,Lists/GT6 SURGIFLOW CPPCU/,Lists/GT6 SURGIFLOW CPPCU/17_.000,"{""@odata.type"":""#Microsoft.Azure.Connectors.SharePoint.SPListExpandedContentType"",""Id"":""0x01009E3859902E23B24FAFFEB1621FDA4832"",""Name"":""Item""}",0x01009E3859902E23B24FAFFEB1621FDA4832,False,119.0,,,,,,,
"""129""",18,18,6806,,,2026-07-04,,,"{""@odata.type"":""#Microsoft.Azure.Connectors.SharePoint.SPListExpandedReference"",""Id"":2,""Value"":""HHC DME""}",2,,"{""@odata.type"":""#Microsoft.Azure.Connectors.SharePoint.SPListExpandedReference"",""Id"":0,""Value"":""A&O""}",0,[],#Collection(Microsoft.Azure.Connectors.SharePoint.SPListExpandedReference),[],#Collection(Int64),[],#Collection(Microsoft.Azure.Connectors.SharePoint.SPListExpandedReference),[],#Collection(Int64),,,[],#Collection(Microsoft.Azure.Connectors.SharePoint.SPListExpandedReference),[],#Collection(Int64),,,[],#Collection(Microsoft.Azure.Connectors.SharePoint.SPListExpandedReference),[],#Collection(Int64),,,0,2025-12-22T04:54:51Z,False,False,False,False,False,False,2026-06-24,"{""@odata.type"":""#Microsoft.Azure.Connectors.SharePoint.SPListExpandedReference"",""Id"":3,""Value"":""CVmed""}",3,"{""@odata.type"":""#Microsoft.Azure.Connectors.SharePoint.SPListExpandedReference"",""Id"":2,""Value"":""x1""}",2,[],#Collection(Microsoft.Azure.Connectors.SharePoint.SPListExpandedReference),[],#Collection(Int64),"{""@odata.type"":""#Microsoft.Azure.Connectors.SharePoint.SPListExpandedReference"",""Id"":1,""Value"":""Eliquis""}",1,,,False,False,False,False,False,False,False,False,False,False,24.0000000000000,"{""@odata.type"":""#Microsoft.Azure.Connectors.SharePoint.SPListExpandedReference"",""Id"":3,""Value"":""Discharged""}",3,2026-07-19T01:35:50Z,2025-12-22T04:54:51Z,"{""@odata.type"":""#Microsoft.Azure.Connectors.SharePoint.SPListExpandedUser"",""Claims"":""i:0#.f|membership|rcufd6@multihosp.net"",""DisplayName"":""Cunningham, Ryan"",""Email"":""ryan.cunningham@adventhealth.com"",""Picture"":""https://ahsonline.sharepoint.com/sites/group-gt6leadershipteamgroup/_layouts/15/UserPhoto.aspx?Size=L&AccountName=ryan.cunningham@adventhealth.com"",""Department"":""ORL PCU Cardiopulmonary"",""JobTitle"":""Registered Nurse""}",i:0#.f|membership|rcufd6@multihosp.net,"{""@odata.type"":""#Microsoft.Azure.Connectors.SharePoint.SPListExpandedUser"",""Claims"":""i:0#.f|membership|tjm254@multihosp.net"",""DisplayName"":""Moyer, Ted"",""Email"":""Ted.Moyer@AdventHealth.com"",""Picture"":""https://ahsonline.sharepoint.com/sites/group-gt6leadershipteamgroup/_layouts/15/UserPhoto.aspx?Size=L&AccountName=Ted.Moyer@AdventHealth.com"",""Department"":""ORL PCU Thoracic Pulmonary"",""JobTitle"":""Asst Nurse Mgr""}",i:0#.f|membership|tjm254@multihosp.net,Lists%252fGT6%2bSURGIFLOW%2bCPPCU%252f18_.000,False,"{""Large"":null,""Medium"":null,""Small"":null}",https://ahsonline.sharepoint.com/sites/group-gt6leadershipteamgroup/_layouts/15/listform.aspx?PageType=4&ListId=b1516083%2Da63d%2D4301%2D8686%2D4bd9d64675d3&ID=18&ContentTypeID=0x01009E3859902E23B24FAFFEB1621FDA4832,6806,6806,Lists/GT6 SURGIFLOW CPPCU/,Lists/GT6 SURGIFLOW CPPCU/18_.000,"{""@odata.type"":""#Microsoft.Azure.Connectors.SharePoint.SPListExpandedContentType"",""Id"":""0x01009E3859902E23B24FAFFEB1621FDA4832"",""Name"":""Item""}",0x01009E3859902E23B24FAFFEB1621FDA4832,False,129.0,,,,,,,
"""130""",19,19,6807,Davis ,12722123,2026-07-10,"HTN, HLD, GERD, CAD, LHC 7/2 1400 w/Raju
","NEW ONSET OF AFLUTTER, cardio need to come see him. LH 7/2- CABG 7/3 1400
","{""@odata.type"":""#Microsoft.Azure.Connectors.SharePoint.SPListExpandedReference"",""Id"":1,""Value"":""HHC""}",1,"CARDIO, ATTN","{""@odata.type"":""#Microsoft.Azure.Connectors.SharePoint.SPListExpandedReference"",""Id"":0,""Value"":""A&O""}",0,[],#Collection(Microsoft.Azure.Connectors.SharePoint.SPListExpandedReference),[],#Collection(Int64),[],#Collection(Microsoft.Azure.Connectors.SharePoint.SPListExpandedReference),[],#Collection(Int64),"{""@odata.type"":""#Microsoft.Azure.Connectors.SharePoint.SPListExpandedReference"",""Id"":0,""Value"":""STANDARD""}",0,[],#Collection(Microsoft.Azure.Connectors.SharePoint.SPListExpandedReference),[],#Collection(Int64),,,[],#Collection(Microsoft.Azure.Connectors.SharePoint.SPListExpandedReference),[],#Collection(Int64),,,0,2025-12-22T04:55:14Z,False,False,False,False,False,False,2026-06-30,"{""@odata.type"":""#Microsoft.Azure.Connectors.SharePoint.SPListExpandedReference"",""Id"":3,""Value"":""CVmed""}",3,"{""@odata.type"":""#Microsoft.Azure.Connectors.SharePoint.SPListExpandedReference"",""Id"":2,""Value"":""x1""}",2,[],#Collection(Microsoft.Azure.Connectors.SharePoint.SPListExpandedReference),[],#Collection(Int64),"{""@odata.type"":""#Microsoft.Azure.Connectors.SharePoint.SPListExpandedReference"",""Id"":1,""Value"":""Eliquis""}",1,,,False,True,False,False,False,False,False,False,False,False,18.0000000000000,"{""@odata.type"":""#Microsoft.Azure.Connectors.SharePoint.SPListExpandedReference"",""Id"":3,""Value"":""Discharged""}",3,2026-07-19T01:34:41Z,2025-12-22T04:55:14Z,"{""@odata.type"":""#Microsoft.Azure.Connectors.SharePoint.SPListExpandedUser"",""Claims"":""i:0#.f|membership|rcufd6@multihosp.net"",""DisplayName"":""Cunningham, Ryan"",""Email"":""ryan.cunningham@adventhealth.com"",""Picture"":""https://ahsonline.sharepoint.com/sites/group-gt6leadershipteamgroup/_layouts/15/UserPhoto.aspx?Size=L&AccountName=ryan.cunningham@adventhealth.com"",""Department"":""ORL PCU Cardiopulmonary"",""JobTitle"":""Registered Nurse""}",i:0#.f|membership|rcufd6@multihosp.net,"{""@odata.type"":""#Microsoft.Azure.Connectors.SharePoint.SPListExpandedUser"",""Claims"":""i:0#.f|membership|tjm254@multihosp.net"",""DisplayName"":""Moyer, Ted"",""Email"":""Ted.Moyer@AdventHealth.com"",""Picture"":""https://ahsonline.sharepoint.com/sites/group-gt6leadershipteamgroup/_layouts/15/UserPhoto.aspx?Size=L&AccountName=Ted.Moyer@AdventHealth.com"",""Department"":""ORL PCU Thoracic Pulmonary"",""JobTitle"":""Asst Nurse Mgr""}",i:0#.f|membership|tjm254@multihosp.net,Lists%252fGT6%2bSURGIFLOW%2bCPPCU%252f19_.000,False,"{""Large"":null,""Medium"":null,""Small"":null}",https://ahsonline.sharepoint.com/sites/group-gt6leadershipteamgroup/_layouts/15/listform.aspx?PageType=4&ListId=b1516083%2Da63d%2D4301%2D8686%2D4bd9d64675d3&ID=19&ContentTypeID=0x01009E3859902E23B24FAFFEB1621FDA4832,6807,6807,Lists/GT6 SURGIFLOW CPPCU/,Lists/GT6 SURGIFLOW CPPCU/19_.000,"{""@odata.type"":""#Microsoft.Azure.Connectors.SharePoint.SPListExpandedContentType"",""Id"":""0x01009E3859902E23B24FAFFEB1621FDA4832"",""Name"":""Item""}",0x01009E3859902E23B24FAFFEB1621FDA4832,False,130.0,"SELF, RA",MARTINEZ,Palpitations,,,,
"""129""",21,21,6809,,,2026-07-02,,Initially came for dog bite to the left ring finger. Transferred for Afib RVR. Cardizem gtt. IV abx till 7/4. Lovenox subq. No Sx from Ortho. Cardizem gtt DC'ed. Pt reports having loose stools. Pending blood cultures,"{""@odata.type"":""#Microsoft.Azure.Connectors.SharePoint.SPListExpandedReference"",""Id"":0,""Value"":""Home No Needs""}",0,"cardio, ortho, Att",,,[],#Collection(Microsoft.Azure.Connectors.SharePoint.SPListExpandedReference),[],#Collection(Int64),[],#Collection(Microsoft.Azure.Connectors.SharePoint.SPListExpandedReference),[],#Collection(Int64),,,[],#Collection(Microsoft.Azure.Connectors.SharePoint.SPListExpandedReference),[],#Collection(Int64),,,[],#Collection(Microsoft.Azure.Connectors.SharePoint.SPListExpandedReference),[],#Collection(Int64),,,0,2025-12-22T04:56:10Z,False,False,False,False,False,False,2026-06-15,"{""@odata.type"":""#Microsoft.Azure.Connectors.SharePoint.SPListExpandedReference"",""Id"":3,""Value"":""CVmed""}",3,"{""@odata.type"":""#Microsoft.Azure.Connectors.SharePoint.SPListExpandedReference"",""Id"":4,""Value"":""Total""}",4,[],#Collection(Microsoft.Azure.Connectors.SharePoint.SPListExpandedReference),[],#Collection(Int64),,,,,False,False,False,False,False,False,False,False,False,False,33.0000000000000,"{""@odata.type"":""#Microsoft.Azure.Connectors.SharePoint.SPListExpandedReference"",""Id"":3,""Value"":""Discharged""}",3,2026-07-19T01:33:55Z,2025-12-22T04:56:10Z,"{""@odata.type"":""#Microsoft.Azure.Connectors.SharePoint.SPListExpandedUser"",""Claims"":""i:0#.f|membership|rcufd6@multihosp.net"",""DisplayName"":""Cunningham, Ryan"",""Email"":""ryan.cunningham@adventhealth.com"",""Picture"":""https://ahsonline.sharepoint.com/sites/group-gt6leadershipteamgroup/_layouts/15/UserPhoto.aspx?Size=L&AccountName=ryan.cunningham@adventhealth.com"",""Department"":""ORL PCU Cardiopulmonary"",""JobTitle"":""Registered Nurse""}",i:0#.f|membership|rcufd6@multihosp.net,"{""@odata.type"":""#Microsoft.Azure.Connectors.SharePoint.SPListExpandedUser"",""Claims"":""i:0#.f|membership|tjm254@multihosp.net"",""DisplayName"":""Moyer, Ted"",""Email"":""Ted.Moyer@AdventHealth.com"",""Picture"":""https://ahsonline.sharepoint.com/sites/group-gt6leadershipteamgroup/_layouts/15/UserPhoto.aspx?Size=L&AccountName=Ted.Moyer@AdventHealth.com"",""Department"":""ORL PCU Thoracic Pulmonary"",""JobTitle"":""Asst Nurse Mgr""}",i:0#.f|membership|tjm254@multihosp.net,Lists%252fGT6%2bSURGIFLOW%2bCPPCU%252f21_.000,False,"{""Large"":null,""Medium"":null,""Small"":null}",https://ahsonline.sharepoint.com/sites/group-gt6leadershipteamgroup/_layouts/15/listform.aspx?PageType=4&ListId=b1516083%2Da63d%2D4301%2D8686%2D4bd9d64675d3&ID=21&ContentTypeID=0x01009E3859902E23B24FAFFEB1621FDA4832,6809,6809,Lists/GT6 SURGIFLOW CPPCU/,Lists/GT6 SURGIFLOW CPPCU/21_.000,"{""@odata.type"":""#Microsoft.Azure.Connectors.SharePoint.SPListExpandedContentType"",""Id"":""0x01009E3859902E23B24FAFFEB1621FDA4832"",""Name"":""Item""}",0x01009E3859902E23B24FAFFEB1621FDA4832,False,129.0,RA/Self,Singh ,,F/u on BCx 6.30 AM ,,,
"""111""",22,22,6810,,,2026-07-04,,,"{""@odata.type"":""#Microsoft.Azure.Connectors.SharePoint.SPListExpandedReference"",""Id"":1,""Value"":""HHC""}",1,,"{""@odata.type"":""#Microsoft.Azure.Connectors.SharePoint.SPListExpandedReference"",""Id"":0,""Value"":""A&O""}",0,[],#Collection(Microsoft.Azure.Connectors.SharePoint.SPListExpandedReference),[],#Collection(Int64),[],#Collection(Microsoft.Azure.Connectors.SharePoint.SPListExpandedReference),[],#Collection(Int64),,,[],#Collection(Microsoft.Azure.Connectors.SharePoint.SPListExpandedReference),[],#Collection(Int64),,,[],#Collection(Microsoft.Azure.Connectors.SharePoint.SPListExpandedReference),[],#Collection(Int64),,,0,2025-12-22T05:05:55Z,False,False,False,False,False,False,2026-06-08,"{""@odata.type"":""#Microsoft.Azure.Connectors.SharePoint.SPListExpandedReference"",""Id"":3,""Value"":""CVmed""}",3,"{""@odata.type"":""#Microsoft.Azure.Connectors.SharePoint.SPListExpandedReference"",""Id"":0,""Value"":""Self""}",0,[],#Collection(Microsoft.Azure.Connectors.SharePoint.SPListExpandedReference),[],#Collection(Int64),,,,,False,True,False,False,False,False,False,False,False,False,40.0000000000000,"{""@odata.type"":""#Microsoft.Azure.Connectors.SharePoint.SPListExpandedReference"",""Id"":3,""Value"":""Discharged""}",3,2026-07-19T01:35:58Z,2025-12-22T05:05:55Z,"{""@odata.type"":""#Microsoft.Azure.Connectors.SharePoint.SPListExpandedUser"",""Claims"":""i:0#.f|membership|rcufd6@multihosp.net"",""DisplayName"":""Cunningham, Ryan"",""Email"":""ryan.cunningham@adventhealth.com"",""Picture"":""https://ahsonline.sharepoint.com/sites/group-gt6leadershipteamgroup/_layouts/15/UserPhoto.aspx?Size=L&AccountName=ryan.cunningham@adventhealth.com"",""Department"":""ORL PCU Cardiopulmonary"",""JobTitle"":""Registered Nurse""}",i:0#.f|membership|rcufd6@multihosp.net,"{""@odata.type"":""#Microsoft.Azure.Connectors.SharePoint.SPListExpandedUser"",""Claims"":""i:0#.f|membership|tjm254@multihosp.net"",""DisplayName"":""Moyer, Ted"",""Email"":""Ted.Moyer@AdventHealth.com"",""Picture"":""https://ahsonline.sharepoint.com/sites/group-gt6leadershipteamgroup/_layouts/15/UserPhoto.aspx?Size=L&AccountName=Ted.Moyer@AdventHealth.com"",""Department"":""ORL PCU Thoracic Pulmonary"",""JobTitle"":""Asst Nurse Mgr""}",i:0#.f|membership|tjm254@multihosp.net,Lists%252fGT6%2bSURGIFLOW%2bCPPCU%252f22_.000,False,"{""Large"":null,""Medium"":null,""Small"":null}",https://ahsonline.sharepoint.com/sites/group-gt6leadershipteamgroup/_layouts/15/listform.aspx?PageType=4&ListId=b1516083%2Da63d%2D4301%2D8686%2D4bd9d64675d3&ID=22&ContentTypeID=0x01009E3859902E23B24FAFFEB1621FDA4832,6810,6810,Lists/GT6 SURGIFLOW CPPCU/,Lists/GT6 SURGIFLOW CPPCU/22_.000,"{""@odata.type"":""#Microsoft.Azure.Connectors.SharePoint.SPListExpandedContentType"",""Id"":""0x01009E3859902E23B24FAFFEB1621FDA4832"",""Name"":""Item""}",0x01009E3859902E23B24FAFFEB1621FDA4832,False,111.0,,,,,2026-06-14,,
"""121""",30,30,6811,Taylor Crespo ,20344780,2026-06-29,,"s/p BOLT on 6/18. Chest tubes removed on 6/27. IV abx completed, IV caspofungin till 8/18. Passed swallow study. Needs prior auth for Cresmba. AICD fired this admission, 17 beats of VT today - metoprolol increased. IV antifungal to PO at DC ","{""@odata.type"":""#Microsoft.Azure.Connectors.SharePoint.SPListExpandedReference"",""Id"":2,""Value"":""HHC DME""}",2,,"{""@odata.type"":""#Microsoft.Azure.Connectors.SharePoint.SPListExpandedReference"",""Id"":0,""Value"":""A&O""}",0,[],#Collection(Microsoft.Azure.Connectors.SharePoint.SPListExpandedReference),[],#Collection(Int64),"[{""@odata.type"":""#Microsoft.Azure.Connectors.SharePoint.SPListExpandedReference"",""Id"":0,""Value"":""Heparin""}]",#Collection(Microsoft.Azure.Connectors.SharePoint.SPListExpandedReference),[0],#Collection(Int64),,,[],#Collection(Microsoft.Azure.Connectors.SharePoint.SPListExpandedReference),[],#Collection(Int64),,,[],#Collection(Microsoft.Azure.Connectors.SharePoint.SPListExpandedReference),[],#Collection(Int64),,,0,2025-12-22T05:08:56Z,False,False,False,False,False,False,2026-06-04,"{""@odata.type"":""#Microsoft.Azure.Connectors.SharePoint.SPListExpandedReference"",""Id"":3,""Value"":""CVmed""}",3,"{""@odata.type"":""#Microsoft.Azure.Connectors.SharePoint.SPListExpandedReference"",""Id"":3,""Value"":""x2""}",3,[],#Collection(Microsoft.Azure.Connectors.SharePoint.SPListExpandedReference),[],#Collection(Int64),,,,,False,False,False,False,False,False,False,False,False,False,44.0000000000000,"{""@odata.type"":""#Microsoft.Azure.Connectors.SharePoint.SPListExpandedReference"",""Id"":3,""Value"":""Discharged""}",3,2026-07-19T01:35:49Z,2025-12-22T05:08:56Z,"{""@odata.type"":""#Microsoft.Azure.Connectors.SharePoint.SPListExpandedUser"",""Claims"":""i:0#.f|membership|rcufd6@multihosp.net"",""DisplayName"":""Cunningham, Ryan"",""Email"":""ryan.cunningham@adventhealth.com"",""Picture"":""https://ahsonline.sharepoint.com/sites/group-gt6leadershipteamgroup/_layouts/15/UserPhoto.aspx?Size=L&AccountName=ryan.cunningham@adventhealth.com"",""Department"":""ORL PCU Cardiopulmonary"",""JobTitle"":""Registered Nurse""}",i:0#.f|membership|rcufd6@multihosp.net,"{""@odata.type"":""#Microsoft.Azure.Connectors.SharePoint.SPListExpandedUser"",""Claims"":""i:0#.f|membership|tjm254@multihosp.net"",""DisplayName"":""Moyer, Ted"",""Email"":""Ted.Moyer@AdventHealth.com"",""Picture"":""https://ahsonline.sharepoint.com/sites/group-gt6leadershipteamgroup/_layouts/15/UserPhoto.aspx?Size=L&AccountName=Ted.Moyer@AdventHealth.com"",""Department"":""ORL PCU Thoracic Pulmonary"",""JobTitle"":""Asst Nurse Mgr""}",i:0#.f|membership|tjm254@multihosp.net,Lists%252fGT6%2bSURGIFLOW%2bCPPCU%252f30_.000,False,"{""Large"":null,""Medium"":null,""Small"":null}",https://ahsonline.sharepoint.com/sites/group-gt6leadershipteamgroup/_layouts/15/listform.aspx?PageType=4&ListId=b1516083%2Da63d%2D4301%2D8686%2D4bd9d64675d3&ID=30&ContentTypeID=0x01009E3859902E23B24FAFFEB1621FDA4832,6811,6811,Lists/GT6 SURGIFLOW CPPCU/,Lists/GT6 SURGIFLOW CPPCU/30_.000,"{""@odata.type"":""#Microsoft.Azure.Connectors.SharePoint.SPListExpandedContentType"",""Id"":""0x01009E3859902E23B24FAFFEB1621FDA4832"",""Name"":""Item""}",0x01009E3859902E23B24FAFFEB1621FDA4832,False,121.0,RA/2-assist. ,,,,,,
"""102""",31,31,6812,Turner,14031971,2026-07-04,"AFIB, DM2, ACS, HLD, BPH",,"{""@odata.type"":""#Microsoft.Azure.Connectors.SharePoint.SPListExpandedReference"",""Id"":0,""Value"":""Home No Needs""}",0,"
","{""@odata.type"":""#Microsoft.Azure.Connectors.SharePoint.SPListExpandedReference"",""Id"":0,""Value"":""A&O""}",0,[],#Collection(Microsoft.Azure.Connectors.SharePoint.SPListExpandedReference),[],#Collection(Int64),[],#Collection(Microsoft.Azure.Connectors.SharePoint.SPListExpandedReference),[],#Collection(Int64),,,[],#Collection(Microsoft.Azure.Connectors.SharePoint.SPListExpandedReference),[],#Collection(Int64),,,[],#Collection(Microsoft.Azure.Connectors.SharePoint.SPListExpandedReference),[],#Collection(Int64),,,0,2025-12-22T05:09:15Z,False,False,False,False,False,False,2026-06-24,"{""@odata.type"":""#Microsoft.Azure.Connectors.SharePoint.SPListExpandedReference"",""Id"":2,""Value"":""CTsx""}",2,"{""@odata.type"":""#Microsoft.Azure.Connectors.SharePoint.SPListExpandedReference"",""Id"":0,""Value"":""Self""}",0,[],#Collection(Microsoft.Azure.Connectors.SharePoint.SPListExpandedReference),[],#Collection(Int64),"{""@odata.type"":""#Microsoft.Azure.Connectors.SharePoint.SPListExpandedReference"",""Id"":1,""Value"":""Eliquis""}",1,,,False,True,False,False,False,False,False,False,False,False,24.0000000000000,"{""@odata.type"":""#Microsoft.Azure.Connectors.SharePoint.SPListExpandedReference"",""Id"":3,""Value"":""Discharged""}",3,2026-07-19T01:35:36Z,2025-12-22T05:09:15Z,"{""@odata.type"":""#Microsoft.Azure.Connectors.SharePoint.SPListExpandedUser"",""Claims"":""i:0#.f|membership|rcufd6@multihosp.net"",""DisplayName"":""Cunningham, Ryan"",""Email"":""ryan.cunningham@adventhealth.com"",""Picture"":""https://ahsonline.sharepoint.com/sites/group-gt6leadershipteamgroup/_layouts/15/UserPhoto.aspx?Size=L&AccountName=ryan.cunningham@adventhealth.com"",""Department"":""ORL PCU Cardiopulmonary"",""JobTitle"":""Registered Nurse""}",i:0#.f|membership|rcufd6@multihosp.net,"{""@odata.type"":""#Microsoft.Azure.Connectors.SharePoint.SPListExpandedUser"",""Claims"":""i:0#.f|membership|tjm254@multihosp.net"",""DisplayName"":""Moyer, Ted"",""Email"":""Ted.Moyer@AdventHealth.com"",""Picture"":""https://ahsonline.sharepoint.com/sites/group-gt6leadershipteamgroup/_layouts/15/UserPhoto.aspx?Size=L&AccountName=Ted.Moyer@AdventHealth.com"",""Department"":""ORL PCU Thoracic Pulmonary"",""JobTitle"":""Asst Nurse Mgr""}",i:0#.f|membership|tjm254@multihosp.net,Lists%252fGT6%2bSURGIFLOW%2bCPPCU%252f31_.000,False,"{""Large"":null,""Medium"":null,""Small"":null}",https://ahsonline.sharepoint.com/sites/group-gt6leadershipteamgroup/_layouts/15/listform.aspx?PageType=4&ListId=b1516083%2Da63d%2D4301%2D8686%2D4bd9d64675d3&ID=31&ContentTypeID=0x01009E3859902E23B24FAFFEB1621FDA4832,6812,6812,Lists/GT6 SURGIFLOW CPPCU/,Lists/GT6 SURGIFLOW CPPCU/31_.000,"{""@odata.type"":""#Microsoft.Azure.Connectors.SharePoint.SPListExpandedContentType"",""Id"":""0x01009E3859902E23B24FAFFEB1621FDA4832"",""Name"":""Item""}",0x01009E3859902E23B24FAFFEB1621FDA4832,False,102.0,,Amawi,weakness,,2026-06-15,,
"""128""",32,32,6813,,,,,,,,,"{""@odata.type"":""#Microsoft.Azure.Connectors.SharePoint.SPListExpandedReference"",""Id"":0,""Value"":""A&O""}",0,[],#Collection(Microsoft.Azure.Connectors.SharePoint.SPListExpandedReference),[],#Collection(Int64),[],#Collection(Microsoft.Azure.Connectors.SharePoint.SPListExpandedReference),[],#Collection(Int64),,,[],#Collection(Microsoft.Azure.Connectors.SharePoint.SPListExpandedReference),[],#Collection(Int64),,,[],#Collection(Microsoft.Azure.Connectors.SharePoint.SPListExpandedReference),[],#Collection(Int64),,,0,2025-12-22T05:09:43Z,False,False,False,False,False,False,2026-06-11,"{""@odata.type"":""#Microsoft.Azure.Connectors.SharePoint.SPListExpandedReference"",""Id"":3,""Value"":""CVmed""}",3,"{""@odata.type"":""#Microsoft.Azure.Connectors.SharePoint.SPListExpandedReference"",""Id"":1,""Value"":""Standby""}",1,[],#Collection(Microsoft.Azure.Connectors.SharePoint.SPListExpandedReference),[],#Collection(Int64),"{""@odata.type"":""#Microsoft.Azure.Connectors.SharePoint.SPListExpandedReference"",""Id"":2,""Value"":""Xarelto""}",2,,,False,False,False,False,False,False,False,False,False,False,37.0000000000000,"{""@odata.type"":""#Microsoft.Azure.Connectors.SharePoint.SPListExpandedReference"",""Id"":3,""Value"":""Discharged""}",3,2026-07-19T01:35:43Z,2025-12-22T05:09:43Z,"{""@odata.type"":""#Microsoft.Azure.Connectors.SharePoint.SPListExpandedUser"",""Claims"":""i:0#.f|membership|rcufd6@multihosp.net"",""DisplayName"":""Cunningham, Ryan"",""Email"":""ryan.cunningham@adventhealth.com"",""Picture"":""https://ahsonline.sharepoint.com/sites/group-gt6leadershipteamgroup/_layouts/15/UserPhoto.aspx?Size=L&AccountName=ryan.cunningham@adventhealth.com"",""Department"":""ORL PCU Cardiopulmonary"",""JobTitle"":""Registered Nurse""}",i:0#.f|membership|rcufd6@multihosp.net,"{""@odata.type"":""#Microsoft.Azure.Connectors.SharePoint.SPListExpandedUser"",""Claims"":""i:0#.f|membership|tjm254@multihosp.net"",""DisplayName"":""Moyer, Ted"",""Email"":""Ted.Moyer@AdventHealth.com"",""Picture"":""https://ahsonline.sharepoint.com/sites/group-gt6leadershipteamgroup/_layouts/15/UserPhoto.aspx?Size=L&AccountName=Ted.Moyer@AdventHealth.com"",""Department"":""ORL PCU Thoracic Pulmonary"",""JobTitle"":""Asst Nurse Mgr""}",i:0#.f|membership|tjm254@multihosp.net,Lists%252fGT6%2bSURGIFLOW%2bCPPCU%252f32_.000,False,"{""Large"":null,""Medium"":null,""Small"":null}",https://ahsonline.sharepoint.com/sites/group-gt6leadershipteamgroup/_layouts/15/listform.aspx?PageType=4&ListId=b1516083%2Da63d%2D4301%2D8686%2D4bd9d64675d3&ID=32&ContentTypeID=0x01009E3859902E23B24FAFFEB1621FDA4832,6813,6813,Lists/GT6 SURGIFLOW CPPCU/,Lists/GT6 SURGIFLOW CPPCU/32_.000,"{""@odata.type"":""#Microsoft.Azure.Connectors.SharePoint.SPListExpandedContentType"",""Id"":""0x01009E3859902E23B24FAFFEB1621FDA4832"",""Name"":""Item""}",0x01009E3859902E23B24FAFFEB1621FDA4832,False,128.0,,,cardiac contractility modulation device ,"needs help with meds cost, and ride home.",,,
"""150""",33,33,6814,Agnini,31605513,2026-07-06,"CTS consulted, pending NMST results for POC. ","CTS consulted for anomaly of RC, Second stress test 7/2. Pending POC","{""@odata.type"":""#Microsoft.Azure.Connectors.SharePoint.SPListExpandedReference"",""Id"":0,""Value"":""Home No Needs""}",0,"Cardio, GI, Att",,,[],#Collection(Microsoft.Azure.Connectors.SharePoint.SPListExpandedReference),[],#Collection(Int64),[],#Collection(Microsoft.Azure.Connectors.SharePoint.SPListExpandedReference),[],#Collection(Int64),"{""@odata.type"":""#Microsoft.Azure.Connectors.SharePoint.SPListExpandedReference"",""Id"":0,""Value"":""STANDARD""}",0,[],#Collection(Microsoft.Azure.Connectors.SharePoint.SPListExpandedReference),[],#Collection(Int64),,,[],#Collection(Microsoft.Azure.Connectors.SharePoint.SPListExpandedReference),[],#Collection(Int64),"{""@odata.type"":""#Microsoft.Azure.Connectors.SharePoint.SPListExpandedReference"",""Id"":2,""Value"":""Tacro""}",2,0,2025-12-22T05:10:02Z,False,False,False,False,False,False,2026-06-27,"{""@odata.type"":""#Microsoft.Azure.Connectors.SharePoint.SPListExpandedReference"",""Id"":1,""Value"":""Transplant""}",1,"{""@odata.type"":""#Microsoft.Azure.Connectors.SharePoint.SPListExpandedReference"",""Id"":0,""Value"":""Self""}",0,[],#Collection(Microsoft.Azure.Connectors.SharePoint.SPListExpandedReference),[],#Collection(Int64),,,"{""@odata.type"":""#Microsoft.Azure.Connectors.SharePoint.SPListExpandedReference"",""Id"":0,""Value"":""AT HOME""}",0,False,False,False,False,False,False,False,False,False,False,21.0000000000000,"{""@odata.type"":""#Microsoft.Azure.Connectors.SharePoint.SPListExpandedReference"",""Id"":3,""Value"":""Discharged""}",3,2026-07-19T01:33:53Z,2025-12-22T05:10:02Z,"{""@odata.type"":""#Microsoft.Azure.Connectors.SharePoint.SPListExpandedUser"",""Claims"":""i:0#.f|membership|rcufd6@multihosp.net"",""DisplayName"":""Cunningham, Ryan"",""Email"":""ryan.cunningham@adventhealth.com"",""Picture"":""https://ahsonline.sharepoint.com/sites/group-gt6leadershipteamgroup/_layouts/15/UserPhoto.aspx?Size=L&AccountName=ryan.cunningham@adventhealth.com"",""Department"":""ORL PCU Cardiopulmonary"",""JobTitle"":""Registered Nurse""}",i:0#.f|membership|rcufd6@multihosp.net,"{""@odata.type"":""#Microsoft.Azure.Connectors.SharePoint.SPListExpandedUser"",""Claims"":""i:0#.f|membership|tjm254@multihosp.net"",""DisplayName"":""Moyer, Ted"",""Email"":""Ted.Moyer@AdventHealth.com"",""Picture"":""https://ahsonline.sharepoint.com/sites/group-gt6leadershipteamgroup/_layouts/15/UserPhoto.aspx?Size=L&AccountName=Ted.Moyer@AdventHealth.com"",""Department"":""ORL PCU Thoracic Pulmonary"",""JobTitle"":""Asst Nurse Mgr""}",i:0#.f|membership|tjm254@multihosp.net,Lists%252fGT6%2bSURGIFLOW%2bCPPCU%252f33_.000,False,"{""Large"":null,""Medium"":null,""Small"":null}",https://ahsonline.sharepoint.com/sites/group-gt6leadershipteamgroup/_layouts/15/listform.aspx?PageType=4&ListId=b1516083%2Da63d%2D4301%2D8686%2D4bd9d64675d3&ID=33&ContentTypeID=0x01009E3859902E23B24FAFFEB1621FDA4832,6814,6814,Lists/GT6 SURGIFLOW CPPCU/,Lists/GT6 SURGIFLOW CPPCU/33_.000,"{""@odata.type"":""#Microsoft.Azure.Connectors.SharePoint.SPListExpandedContentType"",""Id"":""0x01009E3859902E23B24FAFFEB1621FDA4832"",""Name"":""Item""}",0x01009E3859902E23B24FAFFEB1621FDA4832,False,150.0,"Homeless, and un-insured? RA. ",Dr. Mouawad,NSTEMI,,,,
"""153""",35,35,6816,Fertil,502411455,2026-07-23,,"Pending CCTAm Echo pending, poss stress test.  ",,,cardio ,"{""@odata.type"":""#Microsoft.Azure.Connectors.SharePoint.SPListExpandedReference"",""Id"":0,""Value"":""A&O""}",0,[],#Collection(Microsoft.Azure.Connectors.SharePoint.SPListExpandedReference),[],#Collection(Int64),[],#Collection(Microsoft.Azure.Connectors.SharePoint.SPListExpandedReference),[],#Collection(Int64),,,[],#Collection(Microsoft.Azure.Connectors.SharePoint.SPListExpandedReference),[],#Collection(Int64),,,[],#Collection(Microsoft.Azure.Connectors.SharePoint.SPListExpandedReference),[],#Collection(Int64),"{""@odata.type"":""#Microsoft.Azure.Connectors.SharePoint.SPListExpandedReference"",""Id"":3,""Value"":""Other Time Critical""}",3,0,2025-12-22T05:10:48Z,False,False,False,False,False,False,2026-07-01,"{""@odata.type"":""#Microsoft.Azure.Connectors.SharePoint.SPListExpandedReference"",""Id"":3,""Value"":""CVmed""}",3,"{""@odata.type"":""#Microsoft.Azure.Connectors.SharePoint.SPListExpandedReference"",""Id"":1,""Value"":""Standby""}",1,[],#Collection(Microsoft.Azure.Connectors.SharePoint.SPListExpandedReference),[],#Collection(Int64),"{""@odata.type"":""#Microsoft.Azure.Connectors.SharePoint.SPListExpandedReference"",""Id"":2,""Value"":""Xarelto""}",2,,,False,False,False,False,False,False,False,False,False,False,17.0000000000000,"{""@odata.type"":""#Microsoft.Azure.Connectors.SharePoint.SPListExpandedReference"",""Id"":3,""Value"":""Discharged""}",3,2026-07-19T01:33:56Z,2025-12-22T05:10:48Z,"{""@odata.type"":""#Microsoft.Azure.Connectors.SharePoint.SPListExpandedUser"",""Claims"":""i:0#.f|membership|rcufd6@multihosp.net"",""DisplayName"":""Cunningham, Ryan"",""Email"":""ryan.cunningham@adventhealth.com"",""Picture"":""https://ahsonline.sharepoint.com/sites/group-gt6leadershipteamgroup/_layouts/15/UserPhoto.aspx?Size=L&AccountName=ryan.cunningham@adventhealth.com"",""Department"":""ORL PCU Cardiopulmonary"",""JobTitle"":""Registered Nurse""}",i:0#.f|membership|rcufd6@multihosp.net,"{""@odata.type"":""#Microsoft.Azure.Connectors.SharePoint.SPListExpandedUser"",""Claims"":""i:0#.f|membership|tjm254@multihosp.net"",""DisplayName"":""Moyer, Ted"",""Email"":""Ted.Moyer@AdventHealth.com"",""Picture"":""https://ahsonline.sharepoint.com/sites/group-gt6leadershipteamgroup/_layouts/15/UserPhoto.aspx?Size=L&AccountName=Ted.Moyer@AdventHealth.com"",""Department"":""ORL PCU Thoracic Pulmonary"",""JobTitle"":""Asst Nurse Mgr""}",i:0#.f|membership|tjm254@multihosp.net,Lists%252fGT6%2bSURGIFLOW%2bCPPCU%252f35_.000,False,"{""Large"":null,""Medium"":null,""Small"":null}",https://ahsonline.sharepoint.com/sites/group-gt6leadershipteamgroup/_layouts/15/listform.aspx?PageType=4&ListId=b1516083%2Da63d%2D4301%2D8686%2D4bd9d64675d3&ID=35&ContentTypeID=0x01009E3859902E23B24FAFFEB1621FDA4832,6816,6816,Lists/GT6 SURGIFLOW CPPCU/,Lists/GT6 SURGIFLOW CPPCU/35_.000,"{""@odata.type"":""#Microsoft.Azure.Connectors.SharePoint.SPListExpandedContentType"",""Id"":""0x01009E3859902E23B24FAFFEB1621FDA4832"",""Name"":""Item""}",0x01009E3859902E23B24FAFFEB1621FDA4832,False,153.0,,TURPIN,CHEST PAIN AND ABD PAIN,,,,
"""101""",36,36,6817,,,2026-07-04,,,"{""@odata.type"":""#Microsoft.Azure.Connectors.SharePoint.SPListExpandedReference"",""Id"":5,""Value"":""SNF""}",5,,"{""@odata.type"":""#Microsoft.Azure.Connectors.SharePoint.SPListExpandedReference"",""Id"":0,""Value"":""A&O""}",0,[],#Collection(Microsoft.Azure.Connectors.SharePoint.SPListExpandedReference),[],#Collection(Int64),[],#Collection(Microsoft.Azure.Connectors.SharePoint.SPListExpandedReference),[],#Collection(Int64),,,[],#Collection(Microsoft.Azure.Connectors.SharePoint.SPListExpandedReference),[],#Collection(Int64),,,[],#Collection(Microsoft.Azure.Connectors.SharePoint.SPListExpandedReference),[],#Collection(Int64),,,0,2025-12-22T05:11:28Z,False,False,False,False,False,False,2026-06-01,"{""@odata.type"":""#Microsoft.Azure.Connectors.SharePoint.SPListExpandedReference"",""Id"":3,""Value"":""CVmed""}",3,"{""@odata.type"":""#Microsoft.Azure.Connectors.SharePoint.SPListExpandedReference"",""Id"":1,""Value"":""Standby""}",1,[],#Collection(Microsoft.Azure.Connectors.SharePoint.SPListExpandedReference),[],#Collection(Int64),"{""@odata.type"":""#Microsoft.Azure.Connectors.SharePoint.SPListExpandedReference"",""Id"":1,""Value"":""Eliquis""}",1,,,False,False,False,False,False,False,False,False,False,False,47.0000000000000,"{""@odata.type"":""#Microsoft.Azure.Connectors.SharePoint.SPListExpandedReference"",""Id"":3,""Value"":""Discharged""}",3,2026-07-19T01:35:59Z,2025-12-22T05:11:28Z,"{""@odata.type"":""#Microsoft.Azure.Connectors.SharePoint.SPListExpandedUser"",""Claims"":""i:0#.f|membership|rcufd6@multihosp.net"",""DisplayName"":""Cunningham, Ryan"",""Email"":""ryan.cunningham@adventhealth.com"",""Picture"":""https://ahsonline.sharepoint.com/sites/group-gt6leadershipteamgroup/_layouts/15/UserPhoto.aspx?Size=L&AccountName=ryan.cunningham@adventhealth.com"",""Department"":""ORL PCU Cardiopulmonary"",""JobTitle"":""Registered Nurse""}",i:0#.f|membership|rcufd6@multihosp.net,"{""@odata.type"":""#Microsoft.Azure.Connectors.SharePoint.SPListExpandedUser"",""Claims"":""i:0#.f|membership|tjm254@multihosp.net"",""DisplayName"":""Moyer, Ted"",""Email"":""Ted.Moyer@AdventHealth.com"",""Picture"":""https://ahsonline.sharepoint.com/sites/group-gt6leadershipteamgroup/_layouts/15/UserPhoto.aspx?Size=L&AccountName=Ted.Moyer@AdventHealth.com"",""Department"":""ORL PCU Thoracic Pulmonary"",""JobTitle"":""Asst Nurse Mgr""}",i:0#.f|membership|tjm254@multihosp.net,Lists%252fGT6%2bSURGIFLOW%2bCPPCU%252f36_.000,False,"{""Large"":null,""Medium"":null,""Small"":null}",https://ahsonline.sharepoint.com/sites/group-gt6leadershipteamgroup/_layouts/15/listform.aspx?PageType=4&ListId=b1516083%2Da63d%2D4301%2D8686%2D4bd9d64675d3&ID=36&ContentTypeID=0x01009E3859902E23B24FAFFEB1621FDA4832,6817,6817,Lists/GT6 SURGIFLOW CPPCU/,Lists/GT6 SURGIFLOW CPPCU/36_.000,"{""@odata.type"":""#Microsoft.Azure.Connectors.SharePoint.SPListExpandedContentType"",""Id"":""0x01009E3859902E23B24FAFFEB1621FDA4832"",""Name"":""Item""}",0x01009E3859902E23B24FAFFEB1621FDA4832,False,101.0,,,,,2026-05-20,,
"""108""",37,37,6818,,,2026-07-03,"HLD, HTN, OSA, ASTHMA, HYPOTHYROIDISM,",,,,"neuro, cardio",,,[],#Collection(Microsoft.Azure.Connectors.SharePoint.SPListExpandedReference),[],#Collection(Int64),[],#Collection(Microsoft.Azure.Connectors.SharePoint.SPListExpandedReference),[],#Collection(Int64),,,[],#Collection(Microsoft.Azure.Connectors.SharePoint.SPListExpandedReference),[],#Collection(Int64),,,[],#Collection(Microsoft.Azure.Connectors.SharePoint.SPListExpandedReference),[],#Collection(Int64),"{""@odata.type"":""#Microsoft.Azure.Connectors.SharePoint.SPListExpandedReference"",""Id"":3,""Value"":""Other Time Critical""}",3,0,2025-12-22T05:11:50Z,False,False,False,False,False,False,2026-07-01,"{""@odata.type"":""#Microsoft.Azure.Connectors.SharePoint.SPListExpandedReference"",""Id"":3,""Value"":""CVmed""}",3,"{""@odata.type"":""#Microsoft.Azure.Connectors.SharePoint.SPListExpandedReference"",""Id"":0,""Value"":""Self""}",0,[],#Collection(Microsoft.Azure.Connectors.SharePoint.SPListExpandedReference),[],#Collection(Int64),,,,,False,True,False,False,False,False,False,False,False,False,17.0000000000000,"{""@odata.type"":""#Microsoft.Azure.Connectors.SharePoint.SPListExpandedReference"",""Id"":3,""Value"":""Discharged""}",3,2026-07-19T01:33:39Z,2025-12-22T05:11:50Z,"{""@odata.type"":""#Microsoft.Azure.Connectors.SharePoint.SPListExpandedUser"",""Claims"":""i:0#.f|membership|rcufd6@multihosp.net"",""DisplayName"":""Cunningham, Ryan"",""Email"":""ryan.cunningham@adventhealth.com"",""Picture"":""https://ahsonline.sharepoint.com/sites/group-gt6leadershipteamgroup/_layouts/15/UserPhoto.aspx?Size=L&AccountName=ryan.cunningham@adventhealth.com"",""Department"":""ORL PCU Cardiopulmonary"",""JobTitle"":""Registered Nurse""}",i:0#.f|membership|rcufd6@multihosp.net,"{""@odata.type"":""#Microsoft.Azure.Connectors.SharePoint.SPListExpandedUser"",""Claims"":""i:0#.f|membership|tjm254@multihosp.net"",""DisplayName"":""Moyer, Ted"",""Email"":""Ted.Moyer@AdventHealth.com"",""Picture"":""https://ahsonline.sharepoint.com/sites/group-gt6leadershipteamgroup/_layouts/15/UserPhoto.aspx?Size=L&AccountName=Ted.Moyer@AdventHealth.com"",""Department"":""ORL PCU Thoracic Pulmonary"",""JobTitle"":""Asst Nurse Mgr""}",i:0#.f|membership|tjm254@multihosp.net,Lists%252fGT6%2bSURGIFLOW%2bCPPCU%252f37_.000,False,"{""Large"":null,""Medium"":null,""Small"":null}",https://ahsonline.sharepoint.com/sites/group-gt6leadershipteamgroup/_layouts/15/listform.aspx?PageType=4&ListId=b1516083%2Da63d%2D4301%2D8686%2D4bd9d64675d3&ID=37&ContentTypeID=0x01009E3859902E23B24FAFFEB1621FDA4832,6818,6818,Lists/GT6 SURGIFLOW CPPCU/,Lists/GT6 SURGIFLOW CPPCU/37_.000,"{""@odata.type"":""#Microsoft.Azure.Connectors.SharePoint.SPListExpandedContentType"",""Id"":""0x01009E3859902E23B24FAFFEB1621FDA4832"",""Name"":""Item""}",0x01009E3859902E23B24FAFFEB1621FDA4832,False,108.0,"RA, SELF",Mirander,Chest pain,,,,
"""148""",38,38,6819,Yarizadeh,505576774,2026-07-04,"Wean O2, 3.6","CXR w/ Pulm congestion. PO Bumex. On NC 3L, baseline 2-3L. Changed oxygen companies - pending delivery of oxygen tanks. ","{""@odata.type"":""#Microsoft.Azure.Connectors.SharePoint.SPListExpandedReference"",""Id"":1,""Value"":""HHC""}",1,"Att, cardio, ",,,[],#Collection(Microsoft.Azure.Connectors.SharePoint.SPListExpandedReference),[],#Collection(Int64),"[{""@odata.type"":""#Microsoft.Azure.Connectors.SharePoint.SPListExpandedReference"",""Id"":6,""Value"":""Lasix/Bumex""}]",#Collection(Microsoft.Azure.Connectors.SharePoint.SPListExpandedReference),[6],#Collection(Int64),,,[],#Collection(Microsoft.Azure.Connectors.SharePoint.SPListExpandedReference),[],#Collection(Int64),,,[],#Collection(Microsoft.Azure.Connectors.SharePoint.SPListExpandedReference),[],#Collection(Int64),,,0,2025-12-22T05:12:12Z,False,False,False,False,False,False,2026-06-26,"{""@odata.type"":""#Microsoft.Azure.Connectors.SharePoint.SPListExpandedReference"",""Id"":3,""Value"":""CVmed""}",3,"{""@odata.type"":""#Microsoft.Azure.Connectors.SharePoint.SPListExpandedReference"",""Id"":3,""Value"":""x2""}",3,[],#Collection(Microsoft.Azure.Connectors.SharePoint.SPListExpandedReference),[],#Collection(Int64),,,,,False,False,False,False,False,False,False,False,False,False,22.0000000000000,"{""@odata.type"":""#Microsoft.Azure.Connectors.SharePoint.SPListExpandedReference"",""Id"":3,""Value"":""Discharged""}",3,2026-07-19T01:34:44Z,2025-12-22T05:12:12Z,"{""@odata.type"":""#Microsoft.Azure.Connectors.SharePoint.SPListExpandedUser"",""Claims"":""i:0#.f|membership|rcufd6@multihosp.net"",""DisplayName"":""Cunningham, Ryan"",""Email"":""ryan.cunningham@adventhealth.com"",""Picture"":""https://ahsonline.sharepoint.com/sites/group-gt6leadershipteamgroup/_layouts/15/UserPhoto.aspx?Size=L&AccountName=ryan.cunningham@adventhealth.com"",""Department"":""ORL PCU Cardiopulmonary"",""JobTitle"":""Registered Nurse""}",i:0#.f|membership|rcufd6@multihosp.net,"{""@odata.type"":""#Microsoft.Azure.Connectors.SharePoint.SPListExpandedUser"",""Claims"":""i:0#.f|membership|tjm254@multihosp.net"",""DisplayName"":""Moyer, Ted"",""Email"":""Ted.Moyer@AdventHealth.com"",""Picture"":""https://ahsonline.sharepoint.com/sites/group-gt6leadershipteamgroup/_layouts/15/UserPhoto.aspx?Size=L&AccountName=Ted.Moyer@AdventHealth.com"",""Department"":""ORL PCU Thoracic Pulmonary"",""JobTitle"":""Asst Nurse Mgr""}",i:0#.f|membership|tjm254@multihosp.net,Lists%252fGT6%2bSURGIFLOW%2bCPPCU%252f38_.000,False,"{""Large"":null,""Medium"":null,""Small"":null}",https://ahsonline.sharepoint.com/sites/group-gt6leadershipteamgroup/_layouts/15/listform.aspx?PageType=4&ListId=b1516083%2Da63d%2D4301%2D8686%2D4bd9d64675d3&ID=38&ContentTypeID=0x01009E3859902E23B24FAFFEB1621FDA4832,6819,6819,Lists/GT6 SURGIFLOW CPPCU/,Lists/GT6 SURGIFLOW CPPCU/38_.000,"{""@odata.type"":""#Microsoft.Azure.Connectors.SharePoint.SPListExpandedContentType"",""Id"":""0x01009E3859902E23B24FAFFEB1621FDA4832"",""Name"":""Item""}",0x01009E3859902E23B24FAFFEB1621FDA4832,False,148.0,4L- Standby; Needs PT/OT to see. Weaning O2,Dr. Kurakula,Chest pain,,,,
"""136""",39,39,6820,,,2026-07-01,"afib, htn, aaa, chf",,"{""@odata.type"":""#Microsoft.Azure.Connectors.SharePoint.SPListExpandedReference"",""Id"":1,""Value"":""HHC""}",1,"CARDIO, ATT","{""@odata.type"":""#Microsoft.Azure.Connectors.SharePoint.SPListExpandedReference"",""Id"":0,""Value"":""A&O""}",0,[],#Collection(Microsoft.Azure.Connectors.SharePoint.SPListExpandedReference),[],#Collection(Int64),"[{""@odata.type"":""#Microsoft.Azure.Connectors.SharePoint.SPListExpandedReference"",""Id"":3,""Value"":""Cardizem""}]",#Collection(Microsoft.Azure.Connectors.SharePoint.SPListExpandedReference),[3],#Collection(Int64),"{""@odata.type"":""#Microsoft.Azure.Connectors.SharePoint.SPListExpandedReference"",""Id"":0,""Value"":""STANDARD""}",0,[],#Collection(Microsoft.Azure.Connectors.SharePoint.SPListExpandedReference),[],#Collection(Int64),"{""@odata.type"":""#Microsoft.Azure.Connectors.SharePoint.SPListExpandedReference"",""Id"":3,""Value"":""Other""}",3,[],#Collection(Microsoft.Azure.Connectors.SharePoint.SPListExpandedReference),[],#Collection(Int64),,,0,2025-12-22T05:12:36Z,False,False,False,False,False,False,2026-06-19,"{""@odata.type"":""#Microsoft.Azure.Connectors.SharePoint.SPListExpandedReference"",""Id"":3,""Value"":""CVmed""}",3,"{""@odata.type"":""#Microsoft.Azure.Connectors.SharePoint.SPListExpandedReference"",""Id"":0,""Value"":""Self""}",0,[],#Collection(Microsoft.Azure.Connectors.SharePoint.SPListExpandedReference),[],#Collection(Int64),"{""@odata.type"":""#Microsoft.Azure.Connectors.SharePoint.SPListExpandedReference"",""Id"":1,""Value"":""Eliquis""}",1,,,False,True,False,False,False,False,False,False,False,False,29.0000000000000,"{""@odata.type"":""#Microsoft.Azure.Connectors.SharePoint.SPListExpandedReference"",""Id"":3,""Value"":""Discharged""}",3,2026-07-19T01:35:44Z,2025-12-22T05:12:36Z,"{""@odata.type"":""#Microsoft.Azure.Connectors.SharePoint.SPListExpandedUser"",""Claims"":""i:0#.f|membership|rcufd6@multihosp.net"",""DisplayName"":""Cunningham, Ryan"",""Email"":""ryan.cunningham@adventhealth.com"",""Picture"":""https://ahsonline.sharepoint.com/sites/group-gt6leadershipteamgroup/_layouts/15/UserPhoto.aspx?Size=L&AccountName=ryan.cunningham@adventhealth.com"",""Department"":""ORL PCU Cardiopulmonary"",""JobTitle"":""Registered Nurse""}",i:0#.f|membership|rcufd6@multihosp.net,"{""@odata.type"":""#Microsoft.Azure.Connectors.SharePoint.SPListExpandedUser"",""Claims"":""i:0#.f|membership|tjm254@multihosp.net"",""DisplayName"":""Moyer, Ted"",""Email"":""Ted.Moyer@AdventHealth.com"",""Picture"":""https://ahsonline.sharepoint.com/sites/group-gt6leadershipteamgroup/_layouts/15/UserPhoto.aspx?Size=L&AccountName=Ted.Moyer@AdventHealth.com"",""Department"":""ORL PCU Thoracic Pulmonary"",""JobTitle"":""Asst Nurse Mgr""}",i:0#.f|membership|tjm254@multihosp.net,Lists%252fGT6%2bSURGIFLOW%2bCPPCU%252f39_.000,False,"{""Large"":null,""Medium"":null,""Small"":null}",https://ahsonline.sharepoint.com/sites/group-gt6leadershipteamgroup/_layouts/15/listform.aspx?PageType=4&ListId=b1516083%2Da63d%2D4301%2D8686%2D4bd9d64675d3&ID=39&ContentTypeID=0x01009E3859902E23B24FAFFEB1621FDA4832,6820,6820,Lists/GT6 SURGIFLOW CPPCU/,Lists/GT6 SURGIFLOW CPPCU/39_.000,"{""@odata.type"":""#Microsoft.Azure.Connectors.SharePoint.SPListExpandedContentType"",""Id"":""0x01009E3859902E23B24FAFFEB1621FDA4832"",""Name"":""Item""}",0x01009E3859902E23B24FAFFEB1621FDA4832,False,136.0,,Maalouf,AFIB RVR ,,2026-05-29,,
"""125""",40,40,6821,Rubin,12336089,,,"Sob/ Cough, s/p Bronch in April. Tracheal stent. Pulm consulted, pending bronch on friday. CT head and neck pending results. ",,,,,,[],#Collection(Microsoft.Azure.Connectors.SharePoint.SPListExpandedReference),[],#Collection(Int64),[],#Collection(Microsoft.Azure.Connectors.SharePoint.SPListExpandedReference),[],#Collection(Int64),,,[],#Collection(Microsoft.Azure.Connectors.SharePoint.SPListExpandedReference),[],#Collection(Int64),,,[],#Collection(Microsoft.Azure.Connectors.SharePoint.SPListExpandedReference),[],#Collection(Int64),,,0,,False,False,False,False,False,False,,,,,,[],#Collection(Microsoft.Azure.Connectors.SharePoint.SPListExpandedReference),[],#Collection(Int64),,,,,False,False,False,False,False,False,False,False,False,False,46221.0000000000,"{""@odata.type"":""#Microsoft.Azure.Connectors.SharePoint.SPListExpandedReference"",""Id"":3,""Value"":""Discharged""}",3,2026-07-19T01:33:58Z,2025-12-22T05:12:56Z,"{""@odata.type"":""#Microsoft.Azure.Connectors.SharePoint.SPListExpandedUser"",""Claims"":""i:0#.f|membership|rcufd6@multihosp.net"",""DisplayName"":""Cunningham, Ryan"",""Email"":""ryan.cunningham@adventhealth.com"",""Picture"":""https://ahsonline.sharepoint.com/sites/group-gt6leadershipteamgroup/_layouts/15/UserPhoto.aspx?Size=L&AccountName=ryan.cunningham@adventhealth.com"",""Department"":""ORL PCU Cardiopulmonary"",""JobTitle"":""Registered Nurse""}",i:0#.f|membership|rcufd6@multihosp.net,"{""@odata.type"":""#Microsoft.Azure.Connectors.SharePoint.SPListExpandedUser"",""Claims"":""i:0#.f|membership|tjm254@multihosp.net"",""DisplayName"":""Moyer, Ted"",""Email"":""Ted.Moyer@AdventHealth.com"",""Picture"":""https://ahsonline.sharepoint.com/sites/group-gt6leadershipteamgroup/_layouts/15/UserPhoto.aspx?Size=L&AccountName=Ted.Moyer@AdventHealth.com"",""Department"":""ORL PCU Thoracic Pulmonary"",""JobTitle"":""Asst Nurse Mgr""}",i:0#.f|membership|tjm254@multihosp.net,Lists%252fGT6%2bSURGIFLOW%2bCPPCU%252f40_.000,False,"{""Large"":null,""Medium"":null,""Small"":null}",https://ahsonline.sharepoint.com/sites/group-gt6leadershipteamgroup/_layouts/15/listform.aspx?PageType=4&ListId=b1516083%2Da63d%2D4301%2D8686%2D4bd9d64675d3&ID=40&ContentTypeID=0x01009E3859902E23B24FAFFEB1621FDA4832,6821,6821,Lists/GT6 SURGIFLOW CPPCU/,Lists/GT6 SURGIFLOW CPPCU/40_.000,"{""@odata.type"":""#Microsoft.Azure.Connectors.SharePoint.SPListExpandedContentType"",""Id"":""0x01009E3859902E23B24FAFFEB1621FDA4832"",""Name"":""Item""}",0x01009E3859902E23B24FAFFEB1621FDA4832,False,125.0,,,,,,,
"""132""",41,41,6822,Barbose,503008605,2026-07-10,"Nephro and Cardio consult, pending LHC but waiting for Cr to become WNL.","Afib, EKG, TTE- done. Sotalol discontinued. SVT in am. ABLATION outpt. AKI improving. S/p LHC w/ PCI to LAD. ","{""@odata.type"":""#Microsoft.Azure.Connectors.SharePoint.SPListExpandedReference"",""Id"":0,""Value"":""Home No Needs""}",0,"cardio, attn","{""@odata.type"":""#Microsoft.Azure.Connectors.SharePoint.SPListExpandedReference"",""Id"":0,""Value"":""A&O""}",0,[],#Collection(Microsoft.Azure.Connectors.SharePoint.SPListExpandedReference),[],#Collection(Int64),[],#Collection(Microsoft.Azure.Connectors.SharePoint.SPListExpandedReference),[],#Collection(Int64),,,[],#Collection(Microsoft.Azure.Connectors.SharePoint.SPListExpandedReference),[],#Collection(Int64),,,[],#Collection(Microsoft.Azure.Connectors.SharePoint.SPListExpandedReference),[],#Collection(Int64),,,0,2025-12-22T05:13:33Z,False,False,False,False,False,False,2026-06-11,"{""@odata.type"":""#Microsoft.Azure.Connectors.SharePoint.SPListExpandedReference"",""Id"":3,""Value"":""CVmed""}",3,"{""@odata.type"":""#Microsoft.Azure.Connectors.SharePoint.SPListExpandedReference"",""Id"":1,""Value"":""Standby""}",1,[],#Collection(Microsoft.Azure.Connectors.SharePoint.SPListExpandedReference),[],#Collection(Int64),,,,,False,True,False,False,False,False,False,False,False,False,37.0000000000000,"{""@odata.type"":""#Microsoft.Azure.Connectors.SharePoint.SPListExpandedReference"",""Id"":3,""Value"":""Discharged""}",3,2026-07-19T01:35:29Z,2025-12-22T05:13:33Z,"{""@odata.type"":""#Microsoft.Azure.Connectors.SharePoint.SPListExpandedUser"",""Claims"":""i:0#.f|membership|rcufd6@multihosp.net"",""DisplayName"":""Cunningham, Ryan"",""Email"":""ryan.cunningham@adventhealth.com"",""Picture"":""https://ahsonline.sharepoint.com/sites/group-gt6leadershipteamgroup/_layouts/15/UserPhoto.aspx?Size=L&AccountName=ryan.cunningham@adventhealth.com"",""Department"":""ORL PCU Cardiopulmonary"",""JobTitle"":""Registered Nurse""}",i:0#.f|membership|rcufd6@multihosp.net,"{""@odata.type"":""#Microsoft.Azure.Connectors.SharePoint.SPListExpandedUser"",""Claims"":""i:0#.f|membership|tjm254@multihosp.net"",""DisplayName"":""Moyer, Ted"",""Email"":""Ted.Moyer@AdventHealth.com"",""Picture"":""https://ahsonline.sharepoint.com/sites/group-gt6leadershipteamgroup/_layouts/15/UserPhoto.aspx?Size=L&AccountName=Ted.Moyer@AdventHealth.com"",""Department"":""ORL PCU Thoracic Pulmonary"",""JobTitle"":""Asst Nurse Mgr""}",i:0#.f|membership|tjm254@multihosp.net,Lists%252fGT6%2bSURGIFLOW%2bCPPCU%252f41_.000,False,"{""Large"":null,""Medium"":null,""Small"":null}",https://ahsonline.sharepoint.com/sites/group-gt6leadershipteamgroup/_layouts/15/listform.aspx?PageType=4&ListId=b1516083%2Da63d%2D4301%2D8686%2D4bd9d64675d3&ID=41&ContentTypeID=0x01009E3859902E23B24FAFFEB1621FDA4832,6822,6822,Lists/GT6 SURGIFLOW CPPCU/,Lists/GT6 SURGIFLOW CPPCU/41_.000,"{""@odata.type"":""#Microsoft.Azure.Connectors.SharePoint.SPListExpandedContentType"",""Id"":""0x01009E3859902E23B24FAFFEB1621FDA4832"",""Name"":""Item""}",0x01009E3859902E23B24FAFFEB1621FDA4832,False,132.0,RA/8,,Bradycardia,"With home insulin pump-form signed, plavix on hold. ",2026-06-20,,
"""118""",43,43,6824,Torres Lara,512183450,2026-07-11,"Lung tx eval from Puerto Rico, HHF 35 Lt. 45%.. Having syncopal episodes with coughing spills.","Lung tx eval from Puerto Rico, Dr. Onyx's team. CTs completed. on Heated High flow 35L 50%. BC x2 done. Pend. SNIFF test. PH consulted pend to see. IV diurising. Poss. ICU pend PH to round. ","{""@odata.type"":""#Microsoft.Azure.Connectors.SharePoint.SPListExpandedReference"",""Id"":5,""Value"":""SNF""}",5,"Lung tx, cardio, GI. CTS, PH","{""@odata.type"":""#Microsoft.Azure.Connectors.SharePoint.SPListExpandedReference"",""Id"":0,""Value"":""A&O""}",0,[],#Collection(Microsoft.Azure.Connectors.SharePoint.SPListExpandedReference),[],#Collection(Int64),[],#Collection(Microsoft.Azure.Connectors.SharePoint.SPListExpandedReference),[],#Collection(Int64),,,[],#Collection(Microsoft.Azure.Connectors.SharePoint.SPListExpandedReference),[],#Collection(Int64),,,[],#Collection(Microsoft.Azure.Connectors.SharePoint.SPListExpandedReference),[],#Collection(Int64),,,0,2025-12-22T05:14:15Z,False,False,False,False,False,False,2026-06-17,,,"{""@odata.type"":""#Microsoft.Azure.Connectors.SharePoint.SPListExpandedReference"",""Id"":4,""Value"":""Total""}",4,[],#Collection(Microsoft.Azure.Connectors.SharePoint.SPListExpandedReference),[],#Collection(Int64),,,"{""@odata.type"":""#Microsoft.Azure.Connectors.SharePoint.SPListExpandedReference"",""Id"":1,""Value"":""NEW THIS ADMIT""}",1,False,True,False,False,False,False,False,False,False,False,31.0000000000000,"{""@odata.type"":""#Microsoft.Azure.Connectors.SharePoint.SPListExpandedReference"",""Id"":3,""Value"":""Discharged""}",3,2026-07-19T01:34:46Z,2025-12-22T05:14:15Z,"{""@odata.type"":""#Microsoft.Azure.Connectors.SharePoint.SPListExpandedUser"",""Claims"":""i:0#.f|membership|rcufd6@multihosp.net"",""DisplayName"":""Cunningham, Ryan"",""Email"":""ryan.cunningham@adventhealth.com"",""Picture"":""https://ahsonline.sharepoint.com/sites/group-gt6leadershipteamgroup/_layouts/15/UserPhoto.aspx?Size=L&AccountName=ryan.cunningham@adventhealth.com"",""Department"":""ORL PCU Cardiopulmonary"",""JobTitle"":""Registered Nurse""}",i:0#.f|membership|rcufd6@multihosp.net,"{""@odata.type"":""#Microsoft.Azure.Connectors.SharePoint.SPListExpandedUser"",""Claims"":""i:0#.f|membership|tjm254@multihosp.net"",""DisplayName"":""Moyer, Ted"",""Email"":""Ted.Moyer@AdventHealth.com"",""Picture"":""https://ahsonline.sharepoint.com/sites/group-gt6leadershipteamgroup/_layouts/15/UserPhoto.aspx?Size=L&AccountName=Ted.Moyer@AdventHealth.com"",""Department"":""ORL PCU Thoracic Pulmonary"",""JobTitle"":""Asst Nurse Mgr""}",i:0#.f|membership|tjm254@multihosp.net,Lists%252fGT6%2bSURGIFLOW%2bCPPCU%252f43_.000,False,"{""Large"":null,""Medium"":null,""Small"":null}",https://ahsonline.sharepoint.com/sites/group-gt6leadershipteamgroup/_layouts/15/listform.aspx?PageType=4&ListId=b1516083%2Da63d%2D4301%2D8686%2D4bd9d64675d3&ID=43&ContentTypeID=0x01009E3859902E23B24FAFFEB1621FDA4832,6824,6824,Lists/GT6 SURGIFLOW CPPCU/,Lists/GT6 SURGIFLOW CPPCU/43_.000,"{""@odata.type"":""#Microsoft.Azure.Connectors.SharePoint.SPListExpandedContentType"",""Id"":""0x01009E3859902E23B24FAFFEB1621FDA4832"",""Name"":""Item""}",0x01009E3859902E23B24FAFFEB1621FDA4832,False,118.0,"RA/ standby 

HHC order pend.",Dr. Coye ,CP ,,,,
"""128""",44,44,6825,,,2026-06-29,,,"{""@odata.type"":""#Microsoft.Azure.Connectors.SharePoint.SPListExpandedReference"",""Id"":10,""Value"":""ALF""}",10,,,,[],#Collection(Microsoft.Azure.Connectors.SharePoint.SPListExpandedReference),[],#Collection(Int64),[],#Collection(Microsoft.Azure.Connectors.SharePoint.SPListExpandedReference),[],#Collection(Int64),,,[],#Collection(Microsoft.Azure.Connectors.SharePoint.SPListExpandedReference),[],#Collection(Int64),,,[],#Collection(Microsoft.Azure.Connectors.SharePoint.SPListExpandedReference),[],#Collection(Int64),,,0,2025-12-22T05:14:22Z,False,False,False,False,False,False,2026-06-26,"{""@odata.type"":""#Microsoft.Azure.Connectors.SharePoint.SPListExpandedReference"",""Id"":3,""Value"":""CVmed""}",3,"{""@odata.type"":""#Microsoft.Azure.Connectors.SharePoint.SPListExpandedReference"",""Id"":1,""Value"":""Standby""}",1,[],#Collection(Microsoft.Azure.Connectors.SharePoint.SPListExpandedReference),[],#Collection(Int64),,,,,False,True,False,False,False,False,False,False,False,False,22.0000000000000,"{""@odata.type"":""#Microsoft.Azure.Connectors.SharePoint.SPListExpandedReference"",""Id"":3,""Value"":""Discharged""}",3,2026-07-19T01:35:46Z,2025-12-22T05:14:22Z,"{""@odata.type"":""#Microsoft.Azure.Connectors.SharePoint.SPListExpandedUser"",""Claims"":""i:0#.f|membership|rcufd6@multihosp.net"",""DisplayName"":""Cunningham, Ryan"",""Email"":""ryan.cunningham@adventhealth.com"",""Picture"":""https://ahsonline.sharepoint.com/sites/group-gt6leadershipteamgroup/_layouts/15/UserPhoto.aspx?Size=L&AccountName=ryan.cunningham@adventhealth.com"",""Department"":""ORL PCU Cardiopulmonary"",""JobTitle"":""Registered Nurse""}",i:0#.f|membership|rcufd6@multihosp.net,"{""@odata.type"":""#Microsoft.Azure.Connectors.SharePoint.SPListExpandedUser"",""Claims"":""i:0#.f|membership|tjm254@multihosp.net"",""DisplayName"":""Moyer, Ted"",""Email"":""Ted.Moyer@AdventHealth.com"",""Picture"":""https://ahsonline.sharepoint.com/sites/group-gt6leadershipteamgroup/_layouts/15/UserPhoto.aspx?Size=L&AccountName=Ted.Moyer@AdventHealth.com"",""Department"":""ORL PCU Thoracic Pulmonary"",""JobTitle"":""Asst Nurse Mgr""}",i:0#.f|membership|tjm254@multihosp.net,Lists%252fGT6%2bSURGIFLOW%2bCPPCU%252f44_.000,False,"{""Large"":null,""Medium"":null,""Small"":null}",https://ahsonline.sharepoint.com/sites/group-gt6leadershipteamgroup/_layouts/15/listform.aspx?PageType=4&ListId=b1516083%2Da63d%2D4301%2D8686%2D4bd9d64675d3&ID=44&ContentTypeID=0x01009E3859902E23B24FAFFEB1621FDA4832,6825,6825,Lists/GT6 SURGIFLOW CPPCU/,Lists/GT6 SURGIFLOW CPPCU/44_.000,"{""@odata.type"":""#Microsoft.Azure.Connectors.SharePoint.SPListExpandedContentType"",""Id"":""0x01009E3859902E23B24FAFFEB1621FDA4832"",""Name"":""Item""}",0x01009E3859902E23B24FAFFEB1621FDA4832,False,128.0,,,Chest pain,,,,
"""162""",45,45,6826,Collins ,40408616,2026-07-16,"IV ABX 7/3 & Steroids, wean O2
Continuing titration for Utrepia","Hypoxic episode.  IV steroids. 6L HFNC--15 w/ ambulation. Yutrepia--at goal. IV bumex BID. IV steroid 7/13 dose. 15L on 6MWT - needs to wean for DC. ATTN to dc in AM- just monitor overnight. O2 bedside. 
","{""@odata.type"":""#Microsoft.Azure.Connectors.SharePoint.SPListExpandedReference"",""Id"":2,""Value"":""HHC DME""}",2,"PULM, ID,PH, tx. ",,,[],#Collection(Microsoft.Azure.Connectors.SharePoint.SPListExpandedReference),[],#Collection(Int64),[],#Collection(Microsoft.Azure.Connectors.SharePoint.SPListExpandedReference),[],#Collection(Int64),,,[],#Collection(Microsoft.Azure.Connectors.SharePoint.SPListExpandedReference),[],#Collection(Int64),,,[],#Collection(Microsoft.Azure.Connectors.SharePoint.SPListExpandedReference),[],#Collection(Int64),,,0,2025-12-22T05:14:43Z,False,False,False,False,False,False,2026-06-27,"{""@odata.type"":""#Microsoft.Azure.Connectors.SharePoint.SPListExpandedReference"",""Id"":3,""Value"":""CVmed""}",3,"{""@odata.type"":""#Microsoft.Azure.Connectors.SharePoint.SPListExpandedReference"",""Id"":0,""Value"":""Self""}",0,[],#Collection(Microsoft.Azure.Connectors.SharePoint.SPListExpandedReference),[],#Collection(Int64),,,,,False,False,False,False,False,False,False,False,False,False,21.0000000000000,"{""@odata.type"":""#Microsoft.Azure.Connectors.SharePoint.SPListExpandedReference"",""Id"":3,""Value"":""Discharged""}",3,2026-07-19T01:35:41Z,2025-12-22T05:14:43Z,"{""@odata.type"":""#Microsoft.Azure.Connectors.SharePoint.SPListExpandedUser"",""Claims"":""i:0#.f|membership|rcufd6@multihosp.net"",""DisplayName"":""Cunningham, Ryan"",""Email"":""ryan.cunningham@adventhealth.com"",""Picture"":""https://ahsonline.sharepoint.com/sites/group-gt6leadershipteamgroup/_layouts/15/UserPhoto.aspx?Size=L&AccountName=ryan.cunningham@adventhealth.com"",""Department"":""ORL PCU Cardiopulmonary"",""JobTitle"":""Registered Nurse""}",i:0#.f|membership|rcufd6@multihosp.net,"{""@odata.type"":""#Microsoft.Azure.Connectors.SharePoint.SPListExpandedUser"",""Claims"":""i:0#.f|membership|tjm254@multihosp.net"",""DisplayName"":""Moyer, Ted"",""Email"":""Ted.Moyer@AdventHealth.com"",""Picture"":""https://ahsonline.sharepoint.com/sites/group-gt6leadershipteamgroup/_layouts/15/UserPhoto.aspx?Size=L&AccountName=Ted.Moyer@AdventHealth.com"",""Department"":""ORL PCU Thoracic Pulmonary"",""JobTitle"":""Asst Nurse Mgr""}",i:0#.f|membership|tjm254@multihosp.net,Lists%252fGT6%2bSURGIFLOW%2bCPPCU%252f45_.000,False,"{""Large"":null,""Medium"":null,""Small"":null}",https://ahsonline.sharepoint.com/sites/group-gt6leadershipteamgroup/_layouts/15/listform.aspx?PageType=4&ListId=b1516083%2Da63d%2D4301%2D8686%2D4bd9d64675d3&ID=45&ContentTypeID=0x01009E3859902E23B24FAFFEB1621FDA4832,6826,6826,Lists/GT6 SURGIFLOW CPPCU/,Lists/GT6 SURGIFLOW CPPCU/45_.000,"{""@odata.type"":""#Microsoft.Azure.Connectors.SharePoint.SPListExpandedContentType"",""Id"":""0x01009E3859902E23B24FAFFEB1621FDA4832"",""Name"":""Item""}",0x01009E3859902E23B24FAFFEB1621FDA4832,False,162.0,"4-5 BASELINE/8-15 w/ambulation

FWW pending to be signed ",Mirander,SoB,"Baseline O2. 4-5L, 5 at rest
6MWT -12L-25L
DCP: Outpt Pulm Rehab and O2 DME ",,,
"""123""",46,46,6827,Vascik,12124713,2026-06-26,,"Afib RVR on cardizem gtt, 2 unit PRBCs, 500ml bolus, IV mag replaced. RR for Increased O2 demands. 10L HFNC. ABG/XRAY/ IV LASIX/ IV STEROIDS. STRAIGHT CATH X1. TTE- pending results.","{""@odata.type"":""#Microsoft.Azure.Connectors.SharePoint.SPListExpandedReference"",""Id"":0,""Value"":""Home No Needs""}",0,,"{""@odata.type"":""#Microsoft.Azure.Connectors.SharePoint.SPListExpandedReference"",""Id"":0,""Value"":""A&O""}",0,[],#Collection(Microsoft.Azure.Connectors.SharePoint.SPListExpandedReference),[],#Collection(Int64),[],#Collection(Microsoft.Azure.Connectors.SharePoint.SPListExpandedReference),[],#Collection(Int64),,,[],#Collection(Microsoft.Azure.Connectors.SharePoint.SPListExpandedReference),[],#Collection(Int64),,,[],#Collection(Microsoft.Azure.Connectors.SharePoint.SPListExpandedReference),[],#Collection(Int64),,,0,2025-12-22T05:17:20Z,False,False,False,False,False,False,2026-06-09,"{""@odata.type"":""#Microsoft.Azure.Connectors.SharePoint.SPListExpandedReference"",""Id"":3,""Value"":""CVmed""}",3,"{""@odata.type"":""#Microsoft.Azure.Connectors.SharePoint.SPListExpandedReference"",""Id"":3,""Value"":""x2""}",3,[],#Collection(Microsoft.Azure.Connectors.SharePoint.SPListExpandedReference),[],#Collection(Int64),"{""@odata.type"":""#Microsoft.Azure.Connectors.SharePoint.SPListExpandedReference"",""Id"":0,""Value"":""Coumadin""}",0,"{""@odata.type"":""#Microsoft.Azure.Connectors.SharePoint.SPListExpandedReference"",""Id"":1,""Value"":""NEW THIS ADMIT""}",1,False,True,False,False,False,False,False,False,False,False,39.0000000000000,"{""@odata.type"":""#Microsoft.Azure.Connectors.SharePoint.SPListExpandedReference"",""Id"":3,""Value"":""Discharged""}",3,2026-07-19T01:36:02Z,2025-12-22T05:17:20Z,"{""@odata.type"":""#Microsoft.Azure.Connectors.SharePoint.SPListExpandedUser"",""Claims"":""i:0#.f|membership|rcufd6@multihosp.net"",""DisplayName"":""Cunningham, Ryan"",""Email"":""ryan.cunningham@adventhealth.com"",""Picture"":""https://ahsonline.sharepoint.com/sites/group-gt6leadershipteamgroup/_layouts/15/UserPhoto.aspx?Size=L&AccountName=ryan.cunningham@adventhealth.com"",""Department"":""ORL PCU Cardiopulmonary"",""JobTitle"":""Registered Nurse""}",i:0#.f|membership|rcufd6@multihosp.net,"{""@odata.type"":""#Microsoft.Azure.Connectors.SharePoint.SPListExpandedUser"",""Claims"":""i:0#.f|membership|tjm254@multihosp.net"",""DisplayName"":""Moyer, Ted"",""Email"":""Ted.Moyer@AdventHealth.com"",""Picture"":""https://ahsonline.sharepoint.com/sites/group-gt6leadershipteamgroup/_layouts/15/UserPhoto.aspx?Size=L&AccountName=Ted.Moyer@AdventHealth.com"",""Department"":""ORL PCU Thoracic Pulmonary"",""JobTitle"":""Asst Nurse Mgr""}",i:0#.f|membership|tjm254@multihosp.net,Lists%252fGT6%2bSURGIFLOW%2bCPPCU%252f46_.000,False,"{""Large"":null,""Medium"":null,""Small"":null}",https://ahsonline.sharepoint.com/sites/group-gt6leadershipteamgroup/_layouts/15/listform.aspx?PageType=4&ListId=b1516083%2Da63d%2D4301%2D8686%2D4bd9d64675d3&ID=46&ContentTypeID=0x01009E3859902E23B24FAFFEB1621FDA4832,6827,6827,Lists/GT6 SURGIFLOW CPPCU/,Lists/GT6 SURGIFLOW CPPCU/46_.000,"{""@odata.type"":""#Microsoft.Azure.Connectors.SharePoint.SPListExpandedContentType"",""Id"":""0x01009E3859902E23B24FAFFEB1621FDA4832"",""Name"":""Item""}",0x01009E3859902E23B24FAFFEB1621FDA4832,False,123.0,RA baseline/ standby ,,,,,,
"""107""",47,47,6828,,,,,,,,,,,[],#Collection(Microsoft.Azure.Connectors.SharePoint.SPListExpandedReference),[],#Collection(Int64),[],#Collection(Microsoft.Azure.Connectors.SharePoint.SPListExpandedReference),[],#Collection(Int64),,,[],#Collection(Microsoft.Azure.Connectors.SharePoint.SPListExpandedReference),[],#Collection(Int64),,,[],#Collection(Microsoft.Azure.Connectors.SharePoint.SPListExpandedReference),[],#Collection(Int64),,,0,,False,False,False,False,False,False,2026-05-19,"{""@odata.type"":""#Microsoft.Azure.Connectors.SharePoint.SPListExpandedReference"",""Id"":4,""Value"":""OFF""}",4,"{""@odata.type"":""#Microsoft.Azure.Connectors.SharePoint.SPListExpandedReference"",""Id"":3,""Value"":""x2""}",3,[],#Collection(Microsoft.Azure.Connectors.SharePoint.SPListExpandedReference),[],#Collection(Int64),"{""@odata.type"":""#Microsoft.Azure.Connectors.SharePoint.SPListExpandedReference"",""Id"":1,""Value"":""Eliquis""}",1,,,False,False,False,False,False,False,False,False,False,False,60.0000000000000,"{""@odata.type"":""#Microsoft.Azure.Connectors.SharePoint.SPListExpandedReference"",""Id"":3,""Value"":""Discharged""}",3,2026-07-19T01:33:33Z,2025-12-22T05:17:44Z,"{""@odata.type"":""#Microsoft.Azure.Connectors.SharePoint.SPListExpandedUser"",""Claims"":""i:0#.f|membership|rcufd6@multihosp.net"",""DisplayName"":""Cunningham, Ryan"",""Email"":""ryan.cunningham@adventhealth.com"",""Picture"":""https://ahsonline.sharepoint.com/sites/group-gt6leadershipteamgroup/_layouts/15/UserPhoto.aspx?Size=L&AccountName=ryan.cunningham@adventhealth.com"",""Department"":""ORL PCU Cardiopulmonary"",""JobTitle"":""Registered Nurse""}",i:0#.f|membership|rcufd6@multihosp.net,"{""@odata.type"":""#Microsoft.Azure.Connectors.SharePoint.SPListExpandedUser"",""Claims"":""i:0#.f|membership|tjm254@multihosp.net"",""DisplayName"":""Moyer, Ted"",""Email"":""Ted.Moyer@AdventHealth.com"",""Picture"":""https://ahsonline.sharepoint.com/sites/group-gt6leadershipteamgroup/_layouts/15/UserPhoto.aspx?Size=L&AccountName=Ted.Moyer@AdventHealth.com"",""Department"":""ORL PCU Thoracic Pulmonary"",""JobTitle"":""Asst Nurse Mgr""}",i:0#.f|membership|tjm254@multihosp.net,Lists%252fGT6%2bSURGIFLOW%2bCPPCU%252f47_.000,False,"{""Large"":null,""Medium"":null,""Small"":null}",https://ahsonline.sharepoint.com/sites/group-gt6leadershipteamgroup/_layouts/15/listform.aspx?PageType=4&ListId=b1516083%2Da63d%2D4301%2D8686%2D4bd9d64675d3&ID=47&ContentTypeID=0x01009E3859902E23B24FAFFEB1621FDA4832,6828,6828,Lists/GT6 SURGIFLOW CPPCU/,Lists/GT6 SURGIFLOW CPPCU/47_.000,"{""@odata.type"":""#Microsoft.Azure.Connectors.SharePoint.SPListExpandedContentType"",""Id"":""0x01009E3859902E23B24FAFFEB1621FDA4832"",""Name"":""Item""}",0x01009E3859902E23B24FAFFEB1621FDA4832,False,107.0,Family reaching out to brother,,CP,,,,
"""142""",48,48,6829,Juma,502695776,2026-07-03,To discharge soon,For high-risk PCI Wed 7/1 to the LDA and RCA. Stanged PCI for RCA. starting on ASA and Brilinta. with foley pending voiding trial before d/c. ,"{""@odata.type"":""#Microsoft.Azure.Connectors.SharePoint.SPListExpandedReference"",""Id"":0,""Value"":""Home No Needs""}",0,,"{""@odata.type"":""#Microsoft.Azure.Connectors.SharePoint.SPListExpandedReference"",""Id"":0,""Value"":""A&O""}",0,[],#Collection(Microsoft.Azure.Connectors.SharePoint.SPListExpandedReference),[],#Collection(Int64),[],#Collection(Microsoft.Azure.Connectors.SharePoint.SPListExpandedReference),[],#Collection(Int64),,,[],#Collection(Microsoft.Azure.Connectors.SharePoint.SPListExpandedReference),[],#Collection(Int64),,,[],#Collection(Microsoft.Azure.Connectors.SharePoint.SPListExpandedReference),[],#Collection(Int64),"{""@odata.type"":""#Microsoft.Azure.Connectors.SharePoint.SPListExpandedReference"",""Id"":2,""Value"":""Tacro""}",2,0,2025-12-22T05:18:07Z,False,False,False,False,False,False,2026-06-23,"{""@odata.type"":""#Microsoft.Azure.Connectors.SharePoint.SPListExpandedReference"",""Id"":3,""Value"":""CVmed""}",3,"{""@odata.type"":""#Microsoft.Azure.Connectors.SharePoint.SPListExpandedReference"",""Id"":0,""Value"":""Self""}",0,[],#Collection(Microsoft.Azure.Connectors.SharePoint.SPListExpandedReference),[],#Collection(Int64),"{""@odata.type"":""#Microsoft.Azure.Connectors.SharePoint.SPListExpandedReference"",""Id"":1,""Value"":""Eliquis""}",1,"{""@odata.type"":""#Microsoft.Azure.Connectors.SharePoint.SPListExpandedReference"",""Id"":1,""Value"":""NEW THIS ADMIT""}",1,False,True,False,False,False,False,False,False,False,False,25.0000000000000,"{""@odata.type"":""#Microsoft.Azure.Connectors.SharePoint.SPListExpandedReference"",""Id"":3,""Value"":""Discharged""}",3,2026-07-19T01:33:55Z,2025-12-22T05:18:07Z,"{""@odata.type"":""#Microsoft.Azure.Connectors.SharePoint.SPListExpandedUser"",""Claims"":""i:0#.f|membership|rcufd6@multihosp.net"",""DisplayName"":""Cunningham, Ryan"",""Email"":""ryan.cunningham@adventhealth.com"",""Picture"":""https://ahsonline.sharepoint.com/sites/group-gt6leadershipteamgroup/_layouts/15/UserPhoto.aspx?Size=L&AccountName=ryan.cunningham@adventhealth.com"",""Department"":""ORL PCU Cardiopulmonary"",""JobTitle"":""Registered Nurse""}",i:0#.f|membership|rcufd6@multihosp.net,"{""@odata.type"":""#Microsoft.Azure.Connectors.SharePoint.SPListExpandedUser"",""Claims"":""i:0#.f|membership|tjm254@multihosp.net"",""DisplayName"":""Moyer, Ted"",""Email"":""Ted.Moyer@AdventHealth.com"",""Picture"":""https://ahsonline.sharepoint.com/sites/group-gt6leadershipteamgroup/_layouts/15/UserPhoto.aspx?Size=L&AccountName=Ted.Moyer@AdventHealth.com"",""Department"":""ORL PCU Thoracic Pulmonary"",""JobTitle"":""Asst Nurse Mgr""}",i:0#.f|membership|tjm254@multihosp.net,Lists%252fGT6%2bSURGIFLOW%2bCPPCU%252f48_.000,False,"{""Large"":null,""Medium"":null,""Small"":null}",https://ahsonline.sharepoint.com/sites/group-gt6leadershipteamgroup/_layouts/15/listform.aspx?PageType=4&ListId=b1516083%2Da63d%2D4301%2D8686%2D4bd9d64675d3&ID=48&ContentTypeID=0x01009E3859902E23B24FAFFEB1621FDA4832,6829,6829,Lists/GT6 SURGIFLOW CPPCU/,Lists/GT6 SURGIFLOW CPPCU/48_.000,"{""@odata.type"":""#Microsoft.Azure.Connectors.SharePoint.SPListExpandedContentType"",""Id"":""0x01009E3859902E23B24FAFFEB1621FDA4832"",""Name"":""Item""}",0x01009E3859902E23B24FAFFEB1621FDA4832,False,142.0,,Dr. Pandaya,Nausea ,,2026-06-01,LHC ,
"""129""",49,49,6830,,,2026-06-30,,,"{""@odata.type"":""#Microsoft.Azure.Connectors.SharePoint.SPListExpandedReference"",""Id"":1,""Value"":""HHC""}",1,,"{""@odata.type"":""#Microsoft.Azure.Connectors.SharePoint.SPListExpandedReference"",""Id"":0,""Value"":""A&O""}",0,[],#Collection(Microsoft.Azure.Connectors.SharePoint.SPListExpandedReference),[],#Collection(Int64),[],#Collection(Microsoft.Azure.Connectors.SharePoint.SPListExpandedReference),[],#Collection(Int64),"{""@odata.type"":""#Microsoft.Azure.Connectors.SharePoint.SPListExpandedReference"",""Id"":0,""Value"":""STANDARD""}",0,[],#Collection(Microsoft.Azure.Connectors.SharePoint.SPListExpandedReference),[],#Collection(Int64),,,[],#Collection(Microsoft.Azure.Connectors.SharePoint.SPListExpandedReference),[],#Collection(Int64),,,0,2025-12-22T05:18:26Z,False,False,False,False,False,False,2026-06-26,"{""@odata.type"":""#Microsoft.Azure.Connectors.SharePoint.SPListExpandedReference"",""Id"":3,""Value"":""CVmed""}",3,"{""@odata.type"":""#Microsoft.Azure.Connectors.SharePoint.SPListExpandedReference"",""Id"":0,""Value"":""Self""}",0,[],#Collection(Microsoft.Azure.Connectors.SharePoint.SPListExpandedReference),[],#Collection(Int64),"{""@odata.type"":""#Microsoft.Azure.Connectors.SharePoint.SPListExpandedReference"",""Id"":1,""Value"":""Eliquis""}",1,,,False,False,False,False,False,False,False,False,False,False,22.0000000000000,"{""@odata.type"":""#Microsoft.Azure.Connectors.SharePoint.SPListExpandedReference"",""Id"":3,""Value"":""Discharged""}",3,2026-07-19T01:35:47Z,2025-12-22T05:18:26Z,"{""@odata.type"":""#Microsoft.Azure.Connectors.SharePoint.SPListExpandedUser"",""Claims"":""i:0#.f|membership|rcufd6@multihosp.net"",""DisplayName"":""Cunningham, Ryan"",""Email"":""ryan.cunningham@adventhealth.com"",""Picture"":""https://ahsonline.sharepoint.com/sites/group-gt6leadershipteamgroup/_layouts/15/UserPhoto.aspx?Size=L&AccountName=ryan.cunningham@adventhealth.com"",""Department"":""ORL PCU Cardiopulmonary"",""JobTitle"":""Registered Nurse""}",i:0#.f|membership|rcufd6@multihosp.net,"{""@odata.type"":""#Microsoft.Azure.Connectors.SharePoint.SPListExpandedUser"",""Claims"":""i:0#.f|membership|tjm254@multihosp.net"",""DisplayName"":""Moyer, Ted"",""Email"":""Ted.Moyer@AdventHealth.com"",""Picture"":""https://ahsonline.sharepoint.com/sites/group-gt6leadershipteamgroup/_layouts/15/UserPhoto.aspx?Size=L&AccountName=Ted.Moyer@AdventHealth.com"",""Department"":""ORL PCU Thoracic Pulmonary"",""JobTitle"":""Asst Nurse Mgr""}",i:0#.f|membership|tjm254@multihosp.net,Lists%252fGT6%2bSURGIFLOW%2bCPPCU%252f49_.000,False,"{""Large"":null,""Medium"":null,""Small"":null}",https://ahsonline.sharepoint.com/sites/group-gt6leadershipteamgroup/_layouts/15/listform.aspx?PageType=4&ListId=b1516083%2Da63d%2D4301%2D8686%2D4bd9d64675d3&ID=49&ContentTypeID=0x01009E3859902E23B24FAFFEB1621FDA4832,6830,6830,Lists/GT6 SURGIFLOW CPPCU/,Lists/GT6 SURGIFLOW CPPCU/49_.000,"{""@odata.type"":""#Microsoft.Azure.Connectors.SharePoint.SPListExpandedContentType"",""Id"":""0x01009E3859902E23B24FAFFEB1621FDA4832"",""Name"":""Item""}",0x01009E3859902E23B24FAFFEB1621FDA4832,False,129.0,,Akram,CABG Eval,,,,
"""128""",50,50,6831,Hoskins.,512166139,2026-06-30,metastatic appendiceal adenocarcinoma,PH patient on yutrepia 106mcg. DNR. O2 concentrator connector was delivered. DC today. ,"{""@odata.type"":""#Microsoft.Azure.Connectors.SharePoint.SPListExpandedReference"",""Id"":10,""Value"":""ALF""}",10,"Hospice, palliative, heme, Gen sx, ","{""@odata.type"":""#Microsoft.Azure.Connectors.SharePoint.SPListExpandedReference"",""Id"":0,""Value"":""A&O""}",0,[],#Collection(Microsoft.Azure.Connectors.SharePoint.SPListExpandedReference),[],#Collection(Int64),[],#Collection(Microsoft.Azure.Connectors.SharePoint.SPListExpandedReference),[],#Collection(Int64),,,[],#Collection(Microsoft.Azure.Connectors.SharePoint.SPListExpandedReference),[],#Collection(Int64),,,[],#Collection(Microsoft.Azure.Connectors.SharePoint.SPListExpandedReference),[],#Collection(Int64),,,0,2025-12-22T05:18:48Z,False,False,False,False,False,False,2026-05-29,"{""@odata.type"":""#Microsoft.Azure.Connectors.SharePoint.SPListExpandedReference"",""Id"":3,""Value"":""CVmed""}",3,"{""@odata.type"":""#Microsoft.Azure.Connectors.SharePoint.SPListExpandedReference"",""Id"":0,""Value"":""Self""}",0,[],#Collection(Microsoft.Azure.Connectors.SharePoint.SPListExpandedReference),[],#Collection(Int64),"{""@odata.type"":""#Microsoft.Azure.Connectors.SharePoint.SPListExpandedReference"",""Id"":1,""Value"":""Eliquis""}",1,,,False,False,False,False,False,False,False,False,False,False,50.0000000000000,"{""@odata.type"":""#Microsoft.Azure.Connectors.SharePoint.SPListExpandedReference"",""Id"":3,""Value"":""Discharged""}",3,2026-07-19T01:34:42Z,2025-12-22T05:18:48Z,"{""@odata.type"":""#Microsoft.Azure.Connectors.SharePoint.SPListExpandedUser"",""Claims"":""i:0#.f|membership|rcufd6@multihosp.net"",""DisplayName"":""Cunningham, Ryan"",""Email"":""ryan.cunningham@adventhealth.com"",""Picture"":""https://ahsonline.sharepoint.com/sites/group-gt6leadershipteamgroup/_layouts/15/UserPhoto.aspx?Size=L&AccountName=ryan.cunningham@adventhealth.com"",""Department"":""ORL PCU Cardiopulmonary"",""JobTitle"":""Registered Nurse""}",i:0#.f|membership|rcufd6@multihosp.net,"{""@odata.type"":""#Microsoft.Azure.Connectors.SharePoint.SPListExpandedUser"",""Claims"":""i:0#.f|membership|tjm254@multihosp.net"",""DisplayName"":""Moyer, Ted"",""Email"":""Ted.Moyer@AdventHealth.com"",""Picture"":""https://ahsonline.sharepoint.com/sites/group-gt6leadershipteamgroup/_layouts/15/UserPhoto.aspx?Size=L&AccountName=Ted.Moyer@AdventHealth.com"",""Department"":""ORL PCU Thoracic Pulmonary"",""JobTitle"":""Asst Nurse Mgr""}",i:0#.f|membership|tjm254@multihosp.net,Lists%252fGT6%2bSURGIFLOW%2bCPPCU%252f50_.000,False,"{""Large"":null,""Medium"":null,""Small"":null}",https://ahsonline.sharepoint.com/sites/group-gt6leadershipteamgroup/_layouts/15/listform.aspx?PageType=4&ListId=b1516083%2Da63d%2D4301%2D8686%2D4bd9d64675d3&ID=50&ContentTypeID=0x01009E3859902E23B24FAFFEB1621FDA4832,6831,6831,Lists/GT6 SURGIFLOW CPPCU/,Lists/GT6 SURGIFLOW CPPCU/50_.000,"{""@odata.type"":""#Microsoft.Azure.Connectors.SharePoint.SPListExpandedContentType"",""Id"":""0x01009E3859902E23B24FAFFEB1621FDA4832"",""Name"":""Item""}",0x01009E3859902E23B24FAFFEB1621FDA4832,False,128.0,"2-assist/ 3L baseline 

ALF/SNF",Dr. Kapoor ,Abd pain ,,,,
"""114""",51,51,6832,Bourgeois,15483263,2026-06-24,,S/P LHC 6/23- diagnostic. Plavix- hold.  Trops unremarkable. managing BG. Pending SNF decision. ,"{""@odata.type"":""#Microsoft.Azure.Connectors.SharePoint.SPListExpandedReference"",""Id"":0,""Value"":""Home No Needs""}",0,,"{""@odata.type"":""#Microsoft.Azure.Connectors.SharePoint.SPListExpandedReference"",""Id"":0,""Value"":""A&O""}",0,[],#Collection(Microsoft.Azure.Connectors.SharePoint.SPListExpandedReference),[],#Collection(Int64),[],#Collection(Microsoft.Azure.Connectors.SharePoint.SPListExpandedReference),[],#Collection(Int64),"{""@odata.type"":""#Microsoft.Azure.Connectors.SharePoint.SPListExpandedReference"",""Id"":1,""Value"":""CONTACT""}",1,[],#Collection(Microsoft.Azure.Connectors.SharePoint.SPListExpandedReference),[],#Collection(Int64),,,[],#Collection(Microsoft.Azure.Connectors.SharePoint.SPListExpandedReference),[],#Collection(Int64),,,0,2025-12-22T05:19:08Z,False,False,False,False,False,False,2026-06-19,,,"{""@odata.type"":""#Microsoft.Azure.Connectors.SharePoint.SPListExpandedReference"",""Id"":1,""Value"":""Standby""}",1,[],#Collection(Microsoft.Azure.Connectors.SharePoint.SPListExpandedReference),[],#Collection(Int64),,,,,False,True,False,False,False,False,False,False,False,False,29.0000000000000,"{""@odata.type"":""#Microsoft.Azure.Connectors.SharePoint.SPListExpandedReference"",""Id"":3,""Value"":""Discharged""}",3,2026-07-19T01:36:01Z,2025-12-22T05:19:08Z,"{""@odata.type"":""#Microsoft.Azure.Connectors.SharePoint.SPListExpandedUser"",""Claims"":""i:0#.f|membership|rcufd6@multihosp.net"",""DisplayName"":""Cunningham, Ryan"",""Email"":""ryan.cunningham@adventhealth.com"",""Picture"":""https://ahsonline.sharepoint.com/sites/group-gt6leadershipteamgroup/_layouts/15/UserPhoto.aspx?Size=L&AccountName=ryan.cunningham@adventhealth.com"",""Department"":""ORL PCU Cardiopulmonary"",""JobTitle"":""Registered Nurse""}",i:0#.f|membership|rcufd6@multihosp.net,"{""@odata.type"":""#Microsoft.Azure.Connectors.SharePoint.SPListExpandedUser"",""Claims"":""i:0#.f|membership|tjm254@multihosp.net"",""DisplayName"":""Moyer, Ted"",""Email"":""Ted.Moyer@AdventHealth.com"",""Picture"":""https://ahsonline.sharepoint.com/sites/group-gt6leadershipteamgroup/_layouts/15/UserPhoto.aspx?Size=L&AccountName=Ted.Moyer@AdventHealth.com"",""Department"":""ORL PCU Thoracic Pulmonary"",""JobTitle"":""Asst Nurse Mgr""}",i:0#.f|membership|tjm254@multihosp.net,Lists%252fGT6%2bSURGIFLOW%2bCPPCU%252f51_.000,False,"{""Large"":null,""Medium"":null,""Small"":null}",https://ahsonline.sharepoint.com/sites/group-gt6leadershipteamgroup/_layouts/15/listform.aspx?PageType=4&ListId=b1516083%2Da63d%2D4301%2D8686%2D4bd9d64675d3&ID=51&ContentTypeID=0x01009E3859902E23B24FAFFEB1621FDA4832,6832,6832,Lists/GT6 SURGIFLOW CPPCU/,Lists/GT6 SURGIFLOW CPPCU/51_.000,"{""@odata.type"":""#Microsoft.Azure.Connectors.SharePoint.SPListExpandedContentType"",""Id"":""0x01009E3859902E23B24FAFFEB1621FDA4832"",""Name"":""Item""}",0x01009E3859902E23B24FAFFEB1621FDA4832,False,114.0,"Needs Social Services for benefits. Requesting IPR 
 IPR vs SNF",,Chest pain,,,,HHC
"""105""",52,52,6833,Rosero,,2026-07-04,,,,,,"{""@odata.type"":""#Microsoft.Azure.Connectors.SharePoint.SPListExpandedReference"",""Id"":0,""Value"":""A&O""}",0,[],#Collection(Microsoft.Azure.Connectors.SharePoint.SPListExpandedReference),[],#Collection(Int64),[],#Collection(Microsoft.Azure.Connectors.SharePoint.SPListExpandedReference),[],#Collection(Int64),,,[],#Collection(Microsoft.Azure.Connectors.SharePoint.SPListExpandedReference),[],#Collection(Int64),,,[],#Collection(Microsoft.Azure.Connectors.SharePoint.SPListExpandedReference),[],#Collection(Int64),,,0,2025-12-22T05:19:28Z,False,False,False,False,False,False,2026-06-19,"{""@odata.type"":""#Microsoft.Azure.Connectors.SharePoint.SPListExpandedReference"",""Id"":3,""Value"":""CVmed""}",3,"{""@odata.type"":""#Microsoft.Azure.Connectors.SharePoint.SPListExpandedReference"",""Id"":3,""Value"":""x2""}",3,[],#Collection(Microsoft.Azure.Connectors.SharePoint.SPListExpandedReference),[],#Collection(Int64),,,,,False,True,False,False,False,False,False,False,False,False,29.0000000000000,"{""@odata.type"":""#Microsoft.Azure.Connectors.SharePoint.SPListExpandedReference"",""Id"":3,""Value"":""Discharged""}",3,2026-07-19T01:36:00Z,2025-12-22T05:19:28Z,"{""@odata.type"":""#Microsoft.Azure.Connectors.SharePoint.SPListExpandedUser"",""Claims"":""i:0#.f|membership|rcufd6@multihosp.net"",""DisplayName"":""Cunningham, Ryan"",""Email"":""ryan.cunningham@adventhealth.com"",""Picture"":""https://ahsonline.sharepoint.com/sites/group-gt6leadershipteamgroup/_layouts/15/UserPhoto.aspx?Size=L&AccountName=ryan.cunningham@adventhealth.com"",""Department"":""ORL PCU Cardiopulmonary"",""JobTitle"":""Registered Nurse""}",i:0#.f|membership|rcufd6@multihosp.net,"{""@odata.type"":""#Microsoft.Azure.Connectors.SharePoint.SPListExpandedUser"",""Claims"":""i:0#.f|membership|tjm254@multihosp.net"",""DisplayName"":""Moyer, Ted"",""Email"":""Ted.Moyer@AdventHealth.com"",""Picture"":""https://ahsonline.sharepoint.com/sites/group-gt6leadershipteamgroup/_layouts/15/UserPhoto.aspx?Size=L&AccountName=Ted.Moyer@AdventHealth.com"",""Department"":""ORL PCU Thoracic Pulmonary"",""JobTitle"":""Asst Nurse Mgr""}",i:0#.f|membership|tjm254@multihosp.net,Lists%252fGT6%2bSURGIFLOW%2bCPPCU%252f52_.000,False,"{""Large"":null,""Medium"":null,""Small"":null}",https://ahsonline.sharepoint.com/sites/group-gt6leadershipteamgroup/_layouts/15/listform.aspx?PageType=4&ListId=b1516083%2Da63d%2D4301%2D8686%2D4bd9d64675d3&ID=52&ContentTypeID=0x01009E3859902E23B24FAFFEB1621FDA4832,6833,6833,Lists/GT6 SURGIFLOW CPPCU/,Lists/GT6 SURGIFLOW CPPCU/52_.000,"{""@odata.type"":""#Microsoft.Azure.Connectors.SharePoint.SPListExpandedContentType"",""Id"":""0x01009E3859902E23B24FAFFEB1621FDA4832"",""Name"":""Item""}",0x01009E3859902E23B24FAFFEB1621FDA4832,False,105.0,,,,,,,
"""183""",53,53,6801,Tarnovska,15809823,2026-07-16,"MVCAD s/p CABG and PCI/NSTEMI, HFpEF, AF/AFL on eliquis",S/P PDA Thombectomy. Monitor overnight per Cardio for Hgb monitoring- possible d/c in the AM. ,"{""@odata.type"":""#Microsoft.Azure.Connectors.SharePoint.SPListExpandedReference"",""Id"":1,""Value"":""HHC""}",1,,,,[],#Collection(Microsoft.Azure.Connectors.SharePoint.SPListExpandedReference),[],#Collection(Int64),[],#Collection(Microsoft.Azure.Connectors.SharePoint.SPListExpandedReference),[],#Collection(Int64),"{""@odata.type"":""#Microsoft.Azure.Connectors.SharePoint.SPListExpandedReference"",""Id"":0,""Value"":""STANDARD""}",0,[],#Collection(Microsoft.Azure.Connectors.SharePoint.SPListExpandedReference),[],#Collection(Int64),,,[],#Collection(Microsoft.Azure.Connectors.SharePoint.SPListExpandedReference),[],#Collection(Int64),,,0,,False,False,False,False,False,False,2026-07-12,,,,,[],#Collection(Microsoft.Azure.Connectors.SharePoint.SPListExpandedReference),[],#Collection(Int64),,,,,False,False,False,False,False,False,False,False,False,False,6.00000000000000,"{""@odata.type"":""#Microsoft.Azure.Connectors.SharePoint.SPListExpandedReference"",""Id"":3,""Value"":""Discharged""}",3,2026-07-19T01:36:10Z,2025-12-26T03:28:08Z,"{""@odata.type"":""#Microsoft.Azure.Connectors.SharePoint.SPListExpandedUser"",""Claims"":""i:0#.f|membership|bto862@multihosp.net"",""DisplayName"":""Torres, Beatriz"",""Email"":""Beatriz.Torres1@AdventHealth.com"",""Picture"":""https://ahsonline.sharepoint.com/sites/group-gt6leadershipteamgroup/_layouts/15/UserPhoto.aspx?Size=L&AccountName=Beatriz.Torres1@AdventHealth.com"",""Department"":""ORL PCU Cardiopulmonary"",""JobTitle"":""Registered Nurse""}",i:0#.f|membership|bto862@multihosp.net,"{""@odata.type"":""#Microsoft.Azure.Connectors.SharePoint.SPListExpandedUser"",""Claims"":""i:0#.f|membership|tjm254@multihosp.net"",""DisplayName"":""Moyer, Ted"",""Email"":""Ted.Moyer@AdventHealth.com"",""Picture"":""https://ahsonline.sharepoint.com/sites/group-gt6leadershipteamgroup/_layouts/15/UserPhoto.aspx?Size=L&AccountName=Ted.Moyer@AdventHealth.com"",""Department"":""ORL PCU Thoracic Pulmonary"",""JobTitle"":""Asst Nurse Mgr""}",i:0#.f|membership|tjm254@multihosp.net,Lists%252fGT6%2bSURGIFLOW%2bCPPCU%252f53_.000,False,"{""Large"":null,""Medium"":null,""Small"":null}",https://ahsonline.sharepoint.com/sites/group-gt6leadershipteamgroup/_layouts/15/listform.aspx?PageType=4&ListId=b1516083%2Da63d%2D4301%2D8686%2D4bd9d64675d3&ID=53&ContentTypeID=0x01009E3859902E23B24FAFFEB1621FDA4832,6801,6801,Lists/GT6 SURGIFLOW CPPCU/,Lists/GT6 SURGIFLOW CPPCU/53_.000,"{""@odata.type"":""#Microsoft.Azure.Connectors.SharePoint.SPListExpandedContentType"",""Id"":""0x01009E3859902E23B24FAFFEB1621FDA4832"",""Name"":""Item""}",0x01009E3859902E23B24FAFFEB1621FDA4832,False,183.0,,Condron,C. Pain,,,,
"""137""",54,54,6802,,,2026-07-03,BOLT ,,,,"Att, Transplant, Uro. ",,,[],#Collection(Microsoft.Azure.Connectors.SharePoint.SPListExpandedReference),[],#Collection(Int64),[],#Collection(Microsoft.Azure.Connectors.SharePoint.SPListExpandedReference),[],#Collection(Int64),,,[],#Collection(Microsoft.Azure.Connectors.SharePoint.SPListExpandedReference),[],#Collection(Int64),"{""@odata.type"":""#Microsoft.Azure.Connectors.SharePoint.SPListExpandedReference"",""Id"":3,""Value"":""Other""}",3,[],#Collection(Microsoft.Azure.Connectors.SharePoint.SPListExpandedReference),[],#Collection(Int64),"{""@odata.type"":""#Microsoft.Azure.Connectors.SharePoint.SPListExpandedReference"",""Id"":0,""Value"":""Sotalol""}",0,0,2026-05-15T20:50:04Z,False,False,False,False,False,False,2026-06-29,"{""@odata.type"":""#Microsoft.Azure.Connectors.SharePoint.SPListExpandedReference"",""Id"":3,""Value"":""CVmed""}",3,"{""@odata.type"":""#Microsoft.Azure.Connectors.SharePoint.SPListExpandedReference"",""Id"":4,""Value"":""Total""}",4,[],#Collection(Microsoft.Azure.Connectors.SharePoint.SPListExpandedReference),[],#Collection(Int64),,,"{""@odata.type"":""#Microsoft.Azure.Connectors.SharePoint.SPListExpandedReference"",""Id"":0,""Value"":""AT HOME""}",0,False,False,False,False,False,False,False,False,False,False,19.0000000000000,"{""@odata.type"":""#Microsoft.Azure.Connectors.SharePoint.SPListExpandedReference"",""Id"":3,""Value"":""Discharged""}",3,2026-07-19T01:33:41Z,2026-05-15T20:50:04Z,"{""@odata.type"":""#Microsoft.Azure.Connectors.SharePoint.SPListExpandedUser"",""Claims"":""i:0#.f|membership|tjm254@multihosp.net"",""DisplayName"":""Moyer, Ted"",""Email"":""Ted.Moyer@AdventHealth.com"",""Picture"":""https://ahsonline.sharepoint.com/sites/group-gt6leadershipteamgroup/_layouts/15/UserPhoto.aspx?Size=L&AccountName=Ted.Moyer@AdventHealth.com"",""Department"":""ORL PCU Thoracic Pulmonary"",""JobTitle"":""Asst Nurse Mgr""}",i:0#.f|membership|tjm254@multihosp.net,"{""@odata.type"":""#Microsoft.Azure.Connectors.SharePoint.SPListExpandedUser"",""Claims"":""i:0#.f|membership|tjm254@multihosp.net"",""DisplayName"":""Moyer, Ted"",""Email"":""Ted.Moyer@AdventHealth.com"",""Picture"":""https://ahsonline.sharepoint.com/sites/group-gt6leadershipteamgroup/_layouts/15/UserPhoto.aspx?Size=L&AccountName=Ted.Moyer@AdventHealth.com"",""Department"":""ORL PCU Thoracic Pulmonary"",""JobTitle"":""Asst Nurse Mgr""}",i:0#.f|membership|tjm254@multihosp.net,Lists%252fGT6%2bSURGIFLOW%2bCPPCU%252f54_.000,False,"{""Large"":null,""Medium"":null,""Small"":null}",https://ahsonline.sharepoint.com/sites/group-gt6leadershipteamgroup/_layouts/15/listform.aspx?PageType=4&ListId=b1516083%2Da63d%2D4301%2D8686%2D4bd9d64675d3&ID=54&ContentTypeID=0x01009E3859902E23B24FAFFEB1621FDA4832,6802,6802,Lists/GT6 SURGIFLOW CPPCU/,Lists/GT6 SURGIFLOW CPPCU/54_.000,"{""@odata.type"":""#Microsoft.Azure.Connectors.SharePoint.SPListExpandedContentType"",""Id"":""0x01009E3859902E23B24FAFFEB1621FDA4832"",""Name"":""Item""}",0x01009E3859902E23B24FAFFEB1621FDA4832,False,137.0,RA; CM--No needs. ,Akram ,,"
",2026-05-12,,
"""116""",55,55,6834,,,2026-07-03,,,"{""@odata.type"":""#Microsoft.Azure.Connectors.SharePoint.SPListExpandedReference"",""Id"":0,""Value"":""Home No Needs""}",0,CARDIO AND ATTN,"{""@odata.type"":""#Microsoft.Azure.Connectors.SharePoint.SPListExpandedReference"",""Id"":0,""Value"":""A&O""}",0,[],#Collection(Microsoft.Azure.Connectors.SharePoint.SPListExpandedReference),[],#Collection(Int64),[],#Collection(Microsoft.Azure.Connectors.SharePoint.SPListExpandedReference),[],#Collection(Int64),,,[],#Collection(Microsoft.Azure.Connectors.SharePoint.SPListExpandedReference),[],#Collection(Int64),,,[],#Collection(Microsoft.Azure.Connectors.SharePoint.SPListExpandedReference),[],#Collection(Int64),,,0,2026-05-17T20:40:06Z,False,False,False,False,False,False,2026-06-29,"{""@odata.type"":""#Microsoft.Azure.Connectors.SharePoint.SPListExpandedReference"",""Id"":3,""Value"":""CVmed""}",3,"{""@odata.type"":""#Microsoft.Azure.Connectors.SharePoint.SPListExpandedReference"",""Id"":0,""Value"":""Self""}",0,[],#Collection(Microsoft.Azure.Connectors.SharePoint.SPListExpandedReference),[],#Collection(Int64),,,,,False,True,False,False,False,False,False,False,False,False,19.0000000000000,"{""@odata.type"":""#Microsoft.Azure.Connectors.SharePoint.SPListExpandedReference"",""Id"":3,""Value"":""Discharged""}",3,2026-07-19T01:33:44Z,2026-05-17T20:40:06Z,"{""@odata.type"":""#Microsoft.Azure.Connectors.SharePoint.SPListExpandedUser"",""Claims"":""i:0#.f|membership|aex41f@multihosp.net"",""DisplayName"":""Excellent, Ayana"",""Email"":""ayana.excellent@adventhealth.com"",""Picture"":""https://ahsonline.sharepoint.com/sites/group-gt6leadershipteamgroup/_layouts/15/UserPhoto.aspx?Size=L&AccountName=ayana.excellent@adventhealth.com"",""Department"":""ORL PCU Cardiopulmonary"",""JobTitle"":""Asst Nurse Mgr""}",i:0#.f|membership|aex41f@multihosp.net,"{""@odata.type"":""#Microsoft.Azure.Connectors.SharePoint.SPListExpandedUser"",""Claims"":""i:0#.f|membership|tjm254@multihosp.net"",""DisplayName"":""Moyer, Ted"",""Email"":""Ted.Moyer@AdventHealth.com"",""Picture"":""https://ahsonline.sharepoint.com/sites/group-gt6leadershipteamgroup/_layouts/15/UserPhoto.aspx?Size=L&AccountName=Ted.Moyer@AdventHealth.com"",""Department"":""ORL PCU Thoracic Pulmonary"",""JobTitle"":""Asst Nurse Mgr""}",i:0#.f|membership|tjm254@multihosp.net,Lists%252fGT6%2bSURGIFLOW%2bCPPCU%252f55_.000,False,"{""Large"":null,""Medium"":null,""Small"":null}",https://ahsonline.sharepoint.com/sites/group-gt6leadershipteamgroup/_layouts/15/listform.aspx?PageType=4&ListId=b1516083%2Da63d%2D4301%2D8686%2D4bd9d64675d3&ID=55&ContentTypeID=0x01009E3859902E23B24FAFFEB1621FDA4832,6834,6834,Lists/GT6 SURGIFLOW CPPCU/,Lists/GT6 SURGIFLOW CPPCU/55_.000,"{""@odata.type"":""#Microsoft.Azure.Connectors.SharePoint.SPListExpandedContentType"",""Id"":""0x01009E3859902E23B24FAFFEB1621FDA4832"",""Name"":""Item""}",0x01009E3859902E23B24FAFFEB1621FDA4832,False,116.0,"RA, SELF",,,,,,
"""209""",56,56,6835,Nobles ,13654964,2026-08-17,Poss LHC,"Decline vest from orlando health due to patient unable to operate device. 
PT/OT rec SNF. Cardiology suggesting palliative/hospice - no lifevest or AICD. Family requesting transfer to ORMC due to patient not receiving any interventions here - attn aware. **ORMC will review case on Monday for transfer back. AHF consult placed for while patient is here. ","{""@odata.type"":""#Microsoft.Azure.Connectors.SharePoint.SPListExpandedReference"",""Id"":5,""Value"":""SNF""}",5, Cardio ,,,[],#Collection(Microsoft.Azure.Connectors.SharePoint.SPListExpandedReference),[],#Collection(Int64),[],#Collection(Microsoft.Azure.Connectors.SharePoint.SPListExpandedReference),[],#Collection(Int64),,,[],#Collection(Microsoft.Azure.Connectors.SharePoint.SPListExpandedReference),[],#Collection(Int64),,,[],#Collection(Microsoft.Azure.Connectors.SharePoint.SPListExpandedReference),[],#Collection(Int64),,,0,,False,False,False,False,False,False,2026-08-12,,,,,[],#Collection(Microsoft.Azure.Connectors.SharePoint.SPListExpandedReference),[],#Collection(Int64),,,,,False,False,False,False,False,False,False,False,False,False,3.00000000000000,,,2026-08-16T04:55:54Z,2026-05-17T20:40:10Z,"{""@odata.type"":""#Microsoft.Azure.Connectors.SharePoint.SPListExpandedUser"",""Claims"":""i:0#.f|membership|aex41f@multihosp.net"",""DisplayName"":""Excellent, Ayana"",""Email"":""ayana.excellent@adventhealth.com"",""Picture"":""https://ahsonline.sharepoint.com/sites/group-gt6leadershipteamgroup/_layouts/15/UserPhoto.aspx?Size=L&AccountName=ayana.excellent@adventhealth.com"",""Department"":""ORL PCU Cardiopulmonary"",""JobTitle"":""Asst Nurse Mgr""}",i:0#.f|membership|aex41f@multihosp.net,"{""@odata.type"":""#Microsoft.Azure.Connectors.SharePoint.SPListExpandedUser"",""Claims"":""i:0#.f|membership|ssmc7a@multihosp.net"",""DisplayName"":""Smith, Shayla"",""Email"":""Shayla.Smith@AdventHealth.com"",""Picture"":""https://ahsonline.sharepoint.com/sites/group-gt6leadershipteamgroup/_layouts/15/UserPhoto.aspx?Size=L&AccountName=Shayla.Smith@AdventHealth.com"",""Department"":""ORL PCU Cardiopulmonary"",""JobTitle"":""Asst Nurse Mgr""}",i:0#.f|membership|ssmc7a@multihosp.net,Lists%252fGT6%2bSURGIFLOW%2bCPPCU%252f56_.000,False,"{""Large"":null,""Medium"":null,""Small"":null}",https://ahsonline.sharepoint.com/sites/group-gt6leadershipteamgroup/_layouts/15/listform.aspx?PageType=4&ListId=b1516083%2Da63d%2D4301%2D8686%2D4bd9d64675d3&ID=56&ContentTypeID=0x01009E3859902E23B24FAFFEB1621FDA4832,6835,6835,Lists/GT6 SURGIFLOW CPPCU/,Lists/GT6 SURGIFLOW CPPCU/56_.000,"{""@odata.type"":""#Microsoft.Azure.Connectors.SharePoint.SPListExpandedContentType"",""Id"":""0x01009E3859902E23B24FAFFEB1621FDA4832"",""Name"":""Item""}",0x01009E3859902E23B24FAFFEB1621FDA4832,False,209.0,Family Refused SNF ,Mirander,SOB ,,,,
"""131""",57,57,6836,Wright ,505807155,2026-07-01,,Afib RVR- Cardizem stopped overnight for low HR and bp. TEE/ Cardioversion 6/30. CIWA patient. Converted to NSR- cardio aware. ,"{""@odata.type"":""#Microsoft.Azure.Connectors.SharePoint.SPListExpandedReference"",""Id"":0,""Value"":""Home No Needs""}",0,"Attn, vas ","{""@odata.type"":""#Microsoft.Azure.Connectors.SharePoint.SPListExpandedReference"",""Id"":0,""Value"":""A&O""}",0,[],#Collection(Microsoft.Azure.Connectors.SharePoint.SPListExpandedReference),[],#Collection(Int64),[],#Collection(Microsoft.Azure.Connectors.SharePoint.SPListExpandedReference),[],#Collection(Int64),,,[],#Collection(Microsoft.Azure.Connectors.SharePoint.SPListExpandedReference),[],#Collection(Int64),,,[],#Collection(Microsoft.Azure.Connectors.SharePoint.SPListExpandedReference),[],#Collection(Int64),,,0,2026-05-17T20:40:12Z,False,False,False,False,False,False,2026-06-19,"{""@odata.type"":""#Microsoft.Azure.Connectors.SharePoint.SPListExpandedReference"",""Id"":3,""Value"":""CVmed""}",3,"{""@odata.type"":""#Microsoft.Azure.Connectors.SharePoint.SPListExpandedReference"",""Id"":0,""Value"":""Self""}",0,[],#Collection(Microsoft.Azure.Connectors.SharePoint.SPListExpandedReference),[],#Collection(Int64),"{""@odata.type"":""#Microsoft.Azure.Connectors.SharePoint.SPListExpandedReference"",""Id"":1,""Value"":""Eliquis""}",1,,,False,False,False,False,False,False,False,False,False,False,29.0000000000000,"{""@odata.type"":""#Microsoft.Azure.Connectors.SharePoint.SPListExpandedReference"",""Id"":3,""Value"":""Discharged""}",3,2026-07-19T01:34:16Z,2026-05-17T20:40:12Z,"{""@odata.type"":""#Microsoft.Azure.Connectors.SharePoint.SPListExpandedUser"",""Claims"":""i:0#.f|membership|aex41f@multihosp.net"",""DisplayName"":""Excellent, Ayana"",""Email"":""ayana.excellent@adventhealth.com"",""Picture"":""https://ahsonline.sharepoint.com/sites/group-gt6leadershipteamgroup/_layouts/15/UserPhoto.aspx?Size=L&AccountName=ayana.excellent@adventhealth.com"",""Department"":""ORL PCU Cardiopulmonary"",""JobTitle"":""Asst Nurse Mgr""}",i:0#.f|membership|aex41f@multihosp.net,"{""@odata.type"":""#Microsoft.Azure.Connectors.SharePoint.SPListExpandedUser"",""Claims"":""i:0#.f|membership|tjm254@multihosp.net"",""DisplayName"":""Moyer, Ted"",""Email"":""Ted.Moyer@AdventHealth.com"",""Picture"":""https://ahsonline.sharepoint.com/sites/group-gt6leadershipteamgroup/_layouts/15/UserPhoto.aspx?Size=L&AccountName=Ted.Moyer@AdventHealth.com"",""Department"":""ORL PCU Thoracic Pulmonary"",""JobTitle"":""Asst Nurse Mgr""}",i:0#.f|membership|tjm254@multihosp.net,Lists%252fGT6%2bSURGIFLOW%2bCPPCU%252f57_.000,False,"{""Large"":null,""Medium"":null,""Small"":null}",https://ahsonline.sharepoint.com/sites/group-gt6leadershipteamgroup/_layouts/15/listform.aspx?PageType=4&ListId=b1516083%2Da63d%2D4301%2D8686%2D4bd9d64675d3&ID=57&ContentTypeID=0x01009E3859902E23B24FAFFEB1621FDA4832,6836,6836,Lists/GT6 SURGIFLOW CPPCU/,Lists/GT6 SURGIFLOW CPPCU/57_.000,"{""@odata.type"":""#Microsoft.Azure.Connectors.SharePoint.SPListExpandedContentType"",""Id"":""0x01009E3859902E23B24FAFFEB1621FDA4832"",""Name"":""Item""}",0x01009E3859902E23B24FAFFEB1621FDA4832,False,131.0,RA/ SELF ,,SOB ,,2026-05-21,,
"""99""",58,58,6837,Butler,510975482,2026-07-05,,HF: PTE on 7/1. IV Lasix on hold due to NA Dropping. Dob/Rem/Angiomax gtt started. Must be on CPAP any time he sleeps/nap due to elevated CO2. no REM titration till PTE,,,,,,[],#Collection(Microsoft.Azure.Connectors.SharePoint.SPListExpandedReference),[],#Collection(Int64),"[{""@odata.type"":""#Microsoft.Azure.Connectors.SharePoint.SPListExpandedReference"",""Id"":0,""Value"":""Heparin""}]",#Collection(Microsoft.Azure.Connectors.SharePoint.SPListExpandedReference),[0],#Collection(Int64),,,[],#Collection(Microsoft.Azure.Connectors.SharePoint.SPListExpandedReference),[],#Collection(Int64),,,[],#Collection(Microsoft.Azure.Connectors.SharePoint.SPListExpandedReference),[],#Collection(Int64),,,0,2026-05-17T20:40:14Z,False,False,False,False,False,False,2026-06-17,"{""@odata.type"":""#Microsoft.Azure.Connectors.SharePoint.SPListExpandedReference"",""Id"":3,""Value"":""CVmed""}",3,"{""@odata.type"":""#Microsoft.Azure.Connectors.SharePoint.SPListExpandedReference"",""Id"":0,""Value"":""Self""}",0,[],#Collection(Microsoft.Azure.Connectors.SharePoint.SPListExpandedReference),[],#Collection(Int64),,,,,False,True,False,False,False,False,False,False,False,False,31.0000000000000,"{""@odata.type"":""#Microsoft.Azure.Connectors.SharePoint.SPListExpandedReference"",""Id"":3,""Value"":""Discharged""}",3,2026-07-19T01:33:31Z,2026-05-17T20:40:14Z,"{""@odata.type"":""#Microsoft.Azure.Connectors.SharePoint.SPListExpandedUser"",""Claims"":""i:0#.f|membership|aex41f@multihosp.net"",""DisplayName"":""Excellent, Ayana"",""Email"":""ayana.excellent@adventhealth.com"",""Picture"":""https://ahsonline.sharepoint.com/sites/group-gt6leadershipteamgroup/_layouts/15/UserPhoto.aspx?Size=L&AccountName=ayana.excellent@adventhealth.com"",""Department"":""ORL PCU Cardiopulmonary"",""JobTitle"":""Asst Nurse Mgr""}",i:0#.f|membership|aex41f@multihosp.net,"{""@odata.type"":""#Microsoft.Azure.Connectors.SharePoint.SPListExpandedUser"",""Claims"":""i:0#.f|membership|tjm254@multihosp.net"",""DisplayName"":""Moyer, Ted"",""Email"":""Ted.Moyer@AdventHealth.com"",""Picture"":""https://ahsonline.sharepoint.com/sites/group-gt6leadershipteamgroup/_layouts/15/UserPhoto.aspx?Size=L&AccountName=Ted.Moyer@AdventHealth.com"",""Department"":""ORL PCU Thoracic Pulmonary"",""JobTitle"":""Asst Nurse Mgr""}",i:0#.f|membership|tjm254@multihosp.net,Lists%252fGT6%2bSURGIFLOW%2bCPPCU%252f58_.000,False,"{""Large"":null,""Medium"":null,""Small"":null}",https://ahsonline.sharepoint.com/sites/group-gt6leadershipteamgroup/_layouts/15/listform.aspx?PageType=4&ListId=b1516083%2Da63d%2D4301%2D8686%2D4bd9d64675d3&ID=58&ContentTypeID=0x01009E3859902E23B24FAFFEB1621FDA4832,6837,6837,Lists/GT6 SURGIFLOW CPPCU/,Lists/GT6 SURGIFLOW CPPCU/58_.000,"{""@odata.type"":""#Microsoft.Azure.Connectors.SharePoint.SPListExpandedContentType"",""Id"":""0x01009E3859902E23B24FAFFEB1621FDA4832"",""Name"":""Item""}",0x01009E3859902E23B24FAFFEB1621FDA4832,False,99.0,Homeless,,New onset AFib ,,,,
"""158""",59,59,6838,,,2026-07-16,"Heart tx candidate IV Lasix gtt, 10mg/ml, minimal outpt. ",Came from home due to infusion pump not working - on Milrinone gtt. Pain mgt. ORMC Md manages pump/gtt for Mil outpt--HHC orders in for Mil gtt.   DPC is now GIP - needs more pain medication. ,"{""@odata.type"":""#Microsoft.Azure.Connectors.SharePoint.SPListExpandedReference"",""Id"":1,""Value"":""HHC""}",1,"Nephro, Cardio","{""@odata.type"":""#Microsoft.Azure.Connectors.SharePoint.SPListExpandedReference"",""Id"":0,""Value"":""A&O""}",0,[],#Collection(Microsoft.Azure.Connectors.SharePoint.SPListExpandedReference),[],#Collection(Int64),"[{""@odata.type"":""#Microsoft.Azure.Connectors.SharePoint.SPListExpandedReference"",""Id"":4,""Value"":""Milrinone""}]",#Collection(Microsoft.Azure.Connectors.SharePoint.SPListExpandedReference),[4],#Collection(Int64),,,[],#Collection(Microsoft.Azure.Connectors.SharePoint.SPListExpandedReference),[],#Collection(Int64),,,[],#Collection(Microsoft.Azure.Connectors.SharePoint.SPListExpandedReference),[],#Collection(Int64),,,0,2026-05-17T20:40:16Z,False,False,False,False,False,False,2026-06-29,"{""@odata.type"":""#Microsoft.Azure.Connectors.SharePoint.SPListExpandedReference"",""Id"":3,""Value"":""CVmed""}",3,"{""@odata.type"":""#Microsoft.Azure.Connectors.SharePoint.SPListExpandedReference"",""Id"":0,""Value"":""Self""}",0,[],#Collection(Microsoft.Azure.Connectors.SharePoint.SPListExpandedReference),[],#Collection(Int64),,,,,False,True,False,False,False,False,False,False,False,False,19.0000000000000,"{""@odata.type"":""#Microsoft.Azure.Connectors.SharePoint.SPListExpandedReference"",""Id"":3,""Value"":""Discharged""}",3,2026-07-19T01:34:06Z,2026-05-17T20:40:16Z,"{""@odata.type"":""#Microsoft.Azure.Connectors.SharePoint.SPListExpandedUser"",""Claims"":""i:0#.f|membership|aex41f@multihosp.net"",""DisplayName"":""Excellent, Ayana"",""Email"":""ayana.excellent@adventhealth.com"",""Picture"":""https://ahsonline.sharepoint.com/sites/group-gt6leadershipteamgroup/_layouts/15/UserPhoto.aspx?Size=L&AccountName=ayana.excellent@adventhealth.com"",""Department"":""ORL PCU Cardiopulmonary"",""JobTitle"":""Asst Nurse Mgr""}",i:0#.f|membership|aex41f@multihosp.net,"{""@odata.type"":""#Microsoft.Azure.Connectors.SharePoint.SPListExpandedUser"",""Claims"":""i:0#.f|membership|tjm254@multihosp.net"",""DisplayName"":""Moyer, Ted"",""Email"":""Ted.Moyer@AdventHealth.com"",""Picture"":""https://ahsonline.sharepoint.com/sites/group-gt6leadershipteamgroup/_layouts/15/UserPhoto.aspx?Size=L&AccountName=Ted.Moyer@AdventHealth.com"",""Department"":""ORL PCU Thoracic Pulmonary"",""JobTitle"":""Asst Nurse Mgr""}",i:0#.f|membership|tjm254@multihosp.net,Lists%252fGT6%2bSURGIFLOW%2bCPPCU%252f59_.000,False,"{""Large"":null,""Medium"":null,""Small"":null}",https://ahsonline.sharepoint.com/sites/group-gt6leadershipteamgroup/_layouts/15/listform.aspx?PageType=4&ListId=b1516083%2Da63d%2D4301%2D8686%2D4bd9d64675d3&ID=59&ContentTypeID=0x01009E3859902E23B24FAFFEB1621FDA4832,6838,6838,Lists/GT6 SURGIFLOW CPPCU/,Lists/GT6 SURGIFLOW CPPCU/59_.000,"{""@odata.type"":""#Microsoft.Azure.Connectors.SharePoint.SPListExpandedContentType"",""Id"":""0x01009E3859902E23B24FAFFEB1621FDA4832"",""Name"":""Item""}",0x01009E3859902E23B24FAFFEB1621FDA4832,False,158.0,"GIPS ORDERS???\

Att pursuing transfer to ORMC ",Pandya,Acute pancreatitis,patient a new TOTAL ,,,
"""110""",60,60,6839,Roberts,511734063,2026-07-03,S/P PPM 7/2 w/Dr. Mondal. ,"Echo older, pending dual chamber PPM 7/2-Needs education with new device. ","{""@odata.type"":""#Microsoft.Azure.Connectors.SharePoint.SPListExpandedReference"",""Id"":0,""Value"":""Home No Needs""}",0,Attend/Cardio,"{""@odata.type"":""#Microsoft.Azure.Connectors.SharePoint.SPListExpandedReference"",""Id"":0,""Value"":""A&O""}",0,[],#Collection(Microsoft.Azure.Connectors.SharePoint.SPListExpandedReference),[],#Collection(Int64),[],#Collection(Microsoft.Azure.Connectors.SharePoint.SPListExpandedReference),[],#Collection(Int64),,,[],#Collection(Microsoft.Azure.Connectors.SharePoint.SPListExpandedReference),[],#Collection(Int64),,,[],#Collection(Microsoft.Azure.Connectors.SharePoint.SPListExpandedReference),[],#Collection(Int64),"{""@odata.type"":""#Microsoft.Azure.Connectors.SharePoint.SPListExpandedReference"",""Id"":2,""Value"":""Tacro""}",2,0,2026-05-17T20:40:19Z,False,False,False,False,False,False,2026-06-19,"{""@odata.type"":""#Microsoft.Azure.Connectors.SharePoint.SPListExpandedReference"",""Id"":1,""Value"":""Transplant""}",1,"{""@odata.type"":""#Microsoft.Azure.Connectors.SharePoint.SPListExpandedReference"",""Id"":0,""Value"":""Self""}",0,[],#Collection(Microsoft.Azure.Connectors.SharePoint.SPListExpandedReference),[],#Collection(Int64),,,"{""@odata.type"":""#Microsoft.Azure.Connectors.SharePoint.SPListExpandedReference"",""Id"":0,""Value"":""AT HOME""}",0,False,True,False,False,False,False,False,False,False,False,29.0000000000000,"{""@odata.type"":""#Microsoft.Azure.Connectors.SharePoint.SPListExpandedReference"",""Id"":3,""Value"":""Discharged""}",3,2026-07-19T01:34:07Z,2026-05-17T20:40:19Z,"{""@odata.type"":""#Microsoft.Azure.Connectors.SharePoint.SPListExpandedUser"",""Claims"":""i:0#.f|membership|aex41f@multihosp.net"",""DisplayName"":""Excellent, Ayana"",""Email"":""ayana.excellent@adventhealth.com"",""Picture"":""https://ahsonline.sharepoint.com/sites/group-gt6leadershipteamgroup/_layouts/15/UserPhoto.aspx?Size=L&AccountName=ayana.excellent@adventhealth.com"",""Department"":""ORL PCU Cardiopulmonary"",""JobTitle"":""Asst Nurse Mgr""}",i:0#.f|membership|aex41f@multihosp.net,"{""@odata.type"":""#Microsoft.Azure.Connectors.SharePoint.SPListExpandedUser"",""Claims"":""i:0#.f|membership|tjm254@multihosp.net"",""DisplayName"":""Moyer, Ted"",""Email"":""Ted.Moyer@AdventHealth.com"",""Picture"":""https://ahsonline.sharepoint.com/sites/group-gt6leadershipteamgroup/_layouts/15/UserPhoto.aspx?Size=L&AccountName=Ted.Moyer@AdventHealth.com"",""Department"":""ORL PCU Thoracic Pulmonary"",""JobTitle"":""Asst Nurse Mgr""}",i:0#.f|membership|tjm254@multihosp.net,Lists%252fGT6%2bSURGIFLOW%2bCPPCU%252f60_.000,False,"{""Large"":null,""Medium"":null,""Small"":null}",https://ahsonline.sharepoint.com/sites/group-gt6leadershipteamgroup/_layouts/15/listform.aspx?PageType=4&ListId=b1516083%2Da63d%2D4301%2D8686%2D4bd9d64675d3&ID=60&ContentTypeID=0x01009E3859902E23B24FAFFEB1621FDA4832,6839,6839,Lists/GT6 SURGIFLOW CPPCU/,Lists/GT6 SURGIFLOW CPPCU/60_.000,"{""@odata.type"":""#Microsoft.Azure.Connectors.SharePoint.SPListExpandedContentType"",""Id"":""0x01009E3859902E23B24FAFFEB1621FDA4832"",""Name"":""Item""}",0x01009E3859902E23B24FAFFEB1621FDA4832,False,110.0,,Dr. Clarke,SoB,needs 6MWT for d/c. ,,,
"""2""",64,64,6812,,,,,,,,,,,"[{""@odata.type"":""#Microsoft.Azure.Connectors.SharePoint.SPListExpandedReference"",""Id"":4,""Value"":""None""}]",#Collection(Microsoft.Azure.Connectors.SharePoint.SPListExpandedReference),[4],#Collection(Int64),[],#Collection(Microsoft.Azure.Connectors.SharePoint.SPListExpandedReference),[],#Collection(Int64),,,[],#Collection(Microsoft.Azure.Connectors.SharePoint.SPListExpandedReference),[],#Collection(Int64),,,[],#Collection(Microsoft.Azure.Connectors.SharePoint.SPListExpandedReference),[],#Collection(Int64),,,0,2026-06-25T04:11:37Z,False,False,False,False,False,False,,,,,,[],#Collection(Microsoft.Azure.Connectors.SharePoint.SPListExpandedReference),[],#Collection(Int64),,,,,False,True,False,False,False,False,False,False,False,False,46221.0000000000,"{""@odata.type"":""#Microsoft.Azure.Connectors.SharePoint.SPListExpandedReference"",""Id"":3,""Value"":""Discharged""}",3,2026-07-19T01:36:19Z,2026-06-25T04:11:37Z,"{""@odata.type"":""#Microsoft.Azure.Connectors.SharePoint.SPListExpandedUser"",""Claims"":""i:0#.f|membership|hsif92@multihosp.net"",""DisplayName"":""Silvestre, Helen"",""Email"":""Helen.Silvestre@AdventHealth.com"",""Picture"":""https://ahsonline.sharepoint.com/sites/group-gt6leadershipteamgroup/_layouts/15/UserPhoto.aspx?Size=L&AccountName=Helen.Silvestre@AdventHealth.com"",""Department"":""ORL PCU Cardiopulmonary"",""JobTitle"":""Registered Nurse""}",i:0#.f|membership|hsif92@multihosp.net,"{""@odata.type"":""#Microsoft.Azure.Connectors.SharePoint.SPListExpandedUser"",""Claims"":""i:0#.f|membership|tjm254@multihosp.net"",""DisplayName"":""Moyer, Ted"",""Email"":""Ted.Moyer@AdventHealth.com"",""Picture"":""https://ahsonline.sharepoint.com/sites/group-gt6leadershipteamgroup/_layouts/15/UserPhoto.aspx?Size=L&AccountName=Ted.Moyer@AdventHealth.com"",""Department"":""ORL PCU Thoracic Pulmonary"",""JobTitle"":""Asst Nurse Mgr""}",i:0#.f|membership|tjm254@multihosp.net,Lists%252fGT6%2bSURGIFLOW%2bCPPCU%252f64_.000,False,"{""Large"":null,""Medium"":null,""Small"":null}",https://ahsonline.sharepoint.com/sites/group-gt6leadershipteamgroup/_layouts/15/listform.aspx?PageType=4&ListId=b1516083%2Da63d%2D4301%2D8686%2D4bd9d64675d3&ID=64&ContentTypeID=0x01009E3859902E23B24FAFFEB1621FDA4832,6812,6812,Lists/GT6 SURGIFLOW CPPCU/,Lists/GT6 SURGIFLOW CPPCU/64_.000,"{""@odata.type"":""#Microsoft.Azure.Connectors.SharePoint.SPListExpandedContentType"",""Id"":""0x01009E3859902E23B24FAFFEB1621FDA4832"",""Name"":""Item""}",0x01009E3859902E23B24FAFFEB1621FDA4832,False,2.0,,,,,,,
"""2""",65,65,6818,,,,,,,,,,,"[{""@odata.type"":""#Microsoft.Azure.Connectors.SharePoint.SPListExpandedReference"",""Id"":4,""Value"":""None""}]",#Collection(Microsoft.Azure.Connectors.SharePoint.SPListExpandedReference),[4],#Collection(Int64),[],#Collection(Microsoft.Azure.Connectors.SharePoint.SPListExpandedReference),[],#Collection(Int64),,,[],#Collection(Microsoft.Azure.Connectors.SharePoint.SPListExpandedReference),[],#Collection(Int64),,,[],#Collection(Microsoft.Azure.Connectors.SharePoint.SPListExpandedReference),[],#Collection(Int64),,,0,2026-06-25T04:11:59Z,False,False,False,False,False,False,,,,,,[],#Collection(Microsoft.Azure.Connectors.SharePoint.SPListExpandedReference),[],#Collection(Int64),,,,,False,True,False,False,False,False,False,False,False,False,46221.0000000000,"{""@odata.type"":""#Microsoft.Azure.Connectors.SharePoint.SPListExpandedReference"",""Id"":3,""Value"":""Discharged""}",3,2026-07-19T01:36:13Z,2026-06-25T04:11:59Z,"{""@odata.type"":""#Microsoft.Azure.Connectors.SharePoint.SPListExpandedUser"",""Claims"":""i:0#.f|membership|hsif92@multihosp.net"",""DisplayName"":""Silvestre, Helen"",""Email"":""Helen.Silvestre@AdventHealth.com"",""Picture"":""https://ahsonline.sharepoint.com/sites/group-gt6leadershipteamgroup/_layouts/15/UserPhoto.aspx?Size=L&AccountName=Helen.Silvestre@AdventHealth.com"",""Department"":""ORL PCU Cardiopulmonary"",""JobTitle"":""Registered Nurse""}",i:0#.f|membership|hsif92@multihosp.net,"{""@odata.type"":""#Microsoft.Azure.Connectors.SharePoint.SPListExpandedUser"",""Claims"":""i:0#.f|membership|tjm254@multihosp.net"",""DisplayName"":""Moyer, Ted"",""Email"":""Ted.Moyer@AdventHealth.com"",""Picture"":""https://ahsonline.sharepoint.com/sites/group-gt6leadershipteamgroup/_layouts/15/UserPhoto.aspx?Size=L&AccountName=Ted.Moyer@AdventHealth.com"",""Department"":""ORL PCU Thoracic Pulmonary"",""JobTitle"":""Asst Nurse Mgr""}",i:0#.f|membership|tjm254@multihosp.net,Lists%252fGT6%2bSURGIFLOW%2bCPPCU%252f65_.000,False,"{""Large"":null,""Medium"":null,""Small"":null}",https://ahsonline.sharepoint.com/sites/group-gt6leadershipteamgroup/_layouts/15/listform.aspx?PageType=4&ListId=b1516083%2Da63d%2D4301%2D8686%2D4bd9d64675d3&ID=65&ContentTypeID=0x01009E3859902E23B24FAFFEB1621FDA4832,6818,6818,Lists/GT6 SURGIFLOW CPPCU/,Lists/GT6 SURGIFLOW CPPCU/65_.000,"{""@odata.type"":""#Microsoft.Azure.Connectors.SharePoint.SPListExpandedContentType"",""Id"":""0x01009E3859902E23B24FAFFEB1621FDA4832"",""Name"":""Item""}",0x01009E3859902E23B24FAFFEB1621FDA4832,False,2.0,,,,,,,
"""17""",66,66,6806,Catala,18659075,2026-07-02,"Afib, palpitations ", Ep started Tambocor- monitor for 3 days. Goes into afib-NSR. Echo-55-60. Home Mutlaq. CTA/ TTE- pending to be done. Possible ablation this Thursday. D/C held for monitoring of rhythm from EP standpoint. ,"{""@odata.type"":""#Microsoft.Azure.Connectors.SharePoint.SPListExpandedReference"",""Id"":0,""Value"":""Home No Needs""}",0,"EP, Att",,,[],#Collection(Microsoft.Azure.Connectors.SharePoint.SPListExpandedReference),[],#Collection(Int64),[],#Collection(Microsoft.Azure.Connectors.SharePoint.SPListExpandedReference),[],#Collection(Int64),,,[],#Collection(Microsoft.Azure.Connectors.SharePoint.SPListExpandedReference),[],#Collection(Int64),,,[],#Collection(Microsoft.Azure.Connectors.SharePoint.SPListExpandedReference),[],#Collection(Int64),,,0,2026-06-25T04:29:23Z,False,False,False,False,False,False,2026-06-27,"{""@odata.type"":""#Microsoft.Azure.Connectors.SharePoint.SPListExpandedReference"",""Id"":3,""Value"":""CVmed""}",3,,,[],#Collection(Microsoft.Azure.Connectors.SharePoint.SPListExpandedReference),[],#Collection(Int64),,,,,False,True,False,False,False,False,False,False,False,False,21.0000000000000,"{""@odata.type"":""#Microsoft.Azure.Connectors.SharePoint.SPListExpandedReference"",""Id"":3,""Value"":""Discharged""}",3,2026-07-19T01:34:03Z,2026-06-25T04:29:23Z,"{""@odata.type"":""#Microsoft.Azure.Connectors.SharePoint.SPListExpandedUser"",""Claims"":""i:0#.f|membership|hsif92@multihosp.net"",""DisplayName"":""Silvestre, Helen"",""Email"":""Helen.Silvestre@AdventHealth.com"",""Picture"":""https://ahsonline.sharepoint.com/sites/group-gt6leadershipteamgroup/_layouts/15/UserPhoto.aspx?Size=L&AccountName=Helen.Silvestre@AdventHealth.com"",""Department"":""ORL PCU Cardiopulmonary"",""JobTitle"":""Registered Nurse""}",i:0#.f|membership|hsif92@multihosp.net,"{""@odata.type"":""#Microsoft.Azure.Connectors.SharePoint.SPListExpandedUser"",""Claims"":""i:0#.f|membership|tjm254@multihosp.net"",""DisplayName"":""Moyer, Ted"",""Email"":""Ted.Moyer@AdventHealth.com"",""Picture"":""https://ahsonline.sharepoint.com/sites/group-gt6leadershipteamgroup/_layouts/15/UserPhoto.aspx?Size=L&AccountName=Ted.Moyer@AdventHealth.com"",""Department"":""ORL PCU Thoracic Pulmonary"",""JobTitle"":""Asst Nurse Mgr""}",i:0#.f|membership|tjm254@multihosp.net,Lists%252fGT6%2bSURGIFLOW%2bCPPCU%252f66_.000,False,"{""Large"":null,""Medium"":null,""Small"":null}",https://ahsonline.sharepoint.com/sites/group-gt6leadershipteamgroup/_layouts/15/listform.aspx?PageType=4&ListId=b1516083%2Da63d%2D4301%2D8686%2D4bd9d64675d3&ID=66&ContentTypeID=0x01009E3859902E23B24FAFFEB1621FDA4832,6806,6806,Lists/GT6 SURGIFLOW CPPCU/,Lists/GT6 SURGIFLOW CPPCU/66_.000,"{""@odata.type"":""#Microsoft.Azure.Connectors.SharePoint.SPListExpandedContentType"",""Id"":""0x01009E3859902E23B24FAFFEB1621FDA4832"",""Name"":""Item""}",0x01009E3859902E23B24FAFFEB1621FDA4832,False,17.0,RA; HHC ,Fares,Palpitations,,,,
"""16""",67,67,6817,,,2026-06-30,DM2 HTN HLD CAD ,,,,"ortho, cardio, ",,,[],#Collection(Microsoft.Azure.Connectors.SharePoint.SPListExpandedReference),[],#Collection(Int64),[],#Collection(Microsoft.Azure.Connectors.SharePoint.SPListExpandedReference),[],#Collection(Int64),,,[],#Collection(Microsoft.Azure.Connectors.SharePoint.SPListExpandedReference),[],#Collection(Int64),,,[],#Collection(Microsoft.Azure.Connectors.SharePoint.SPListExpandedReference),[],#Collection(Int64),,,0,2026-06-25T04:35:31Z,False,False,False,False,False,False,2026-06-21,,,,,[],#Collection(Microsoft.Azure.Connectors.SharePoint.SPListExpandedReference),[],#Collection(Int64),,,,,False,True,False,False,False,False,False,False,False,False,27.0000000000000,"{""@odata.type"":""#Microsoft.Azure.Connectors.SharePoint.SPListExpandedReference"",""Id"":3,""Value"":""Discharged""}",3,2026-07-19T01:36:15Z,2026-06-25T04:35:31Z,"{""@odata.type"":""#Microsoft.Azure.Connectors.SharePoint.SPListExpandedUser"",""Claims"":""i:0#.f|membership|hsif92@multihosp.net"",""DisplayName"":""Silvestre, Helen"",""Email"":""Helen.Silvestre@AdventHealth.com"",""Picture"":""https://ahsonline.sharepoint.com/sites/group-gt6leadershipteamgroup/_layouts/15/UserPhoto.aspx?Size=L&AccountName=Helen.Silvestre@AdventHealth.com"",""Department"":""ORL PCU Cardiopulmonary"",""JobTitle"":""Registered Nurse""}",i:0#.f|membership|hsif92@multihosp.net,"{""@odata.type"":""#Microsoft.Azure.Connectors.SharePoint.SPListExpandedUser"",""Claims"":""i:0#.f|membership|tjm254@multihosp.net"",""DisplayName"":""Moyer, Ted"",""Email"":""Ted.Moyer@AdventHealth.com"",""Picture"":""https://ahsonline.sharepoint.com/sites/group-gt6leadershipteamgroup/_layouts/15/UserPhoto.aspx?Size=L&AccountName=Ted.Moyer@AdventHealth.com"",""Department"":""ORL PCU Thoracic Pulmonary"",""JobTitle"":""Asst Nurse Mgr""}",i:0#.f|membership|tjm254@multihosp.net,Lists%252fGT6%2bSURGIFLOW%2bCPPCU%252f67_.000,False,"{""Large"":null,""Medium"":null,""Small"":null}",https://ahsonline.sharepoint.com/sites/group-gt6leadershipteamgroup/_layouts/15/listform.aspx?PageType=4&ListId=b1516083%2Da63d%2D4301%2D8686%2D4bd9d64675d3&ID=67&ContentTypeID=0x01009E3859902E23B24FAFFEB1621FDA4832,6817,6817,Lists/GT6 SURGIFLOW CPPCU/,Lists/GT6 SURGIFLOW CPPCU/67_.000,"{""@odata.type"":""#Microsoft.Azure.Connectors.SharePoint.SPListExpandedContentType"",""Id"":""0x01009E3859902E23B24FAFFEB1621FDA4832"",""Name"":""Item""}",0x01009E3859902E23B24FAFFEB1621FDA4832,False,16.0,,Patel,Fall,,,,
"""16""",70,70,6810,Rodkeem Gardner ,16660033,2026-06-30,"Sickle cell, HIV, CHF ",PO bumex. Cardio/Nephro following. EF 15-20%. BP management. pending nephro to clear. DC in am. needs a ride.,"{""@odata.type"":""#Microsoft.Azure.Connectors.SharePoint.SPListExpandedReference"",""Id"":0,""Value"":""Home No Needs""}",0,"hem, cardio ","{""@odata.type"":""#Microsoft.Azure.Connectors.SharePoint.SPListExpandedReference"",""Id"":0,""Value"":""A&O""}",0,[],#Collection(Microsoft.Azure.Connectors.SharePoint.SPListExpandedReference),[],#Collection(Int64),[],#Collection(Microsoft.Azure.Connectors.SharePoint.SPListExpandedReference),[],#Collection(Int64),,,[],#Collection(Microsoft.Azure.Connectors.SharePoint.SPListExpandedReference),[],#Collection(Int64),,,[],#Collection(Microsoft.Azure.Connectors.SharePoint.SPListExpandedReference),[],#Collection(Int64),,,0,2026-06-25T04:45:32Z,False,False,False,False,False,False,2026-06-21,"{""@odata.type"":""#Microsoft.Azure.Connectors.SharePoint.SPListExpandedReference"",""Id"":3,""Value"":""CVmed""}",3,"{""@odata.type"":""#Microsoft.Azure.Connectors.SharePoint.SPListExpandedReference"",""Id"":0,""Value"":""Self""}",0,[],#Collection(Microsoft.Azure.Connectors.SharePoint.SPListExpandedReference),[],#Collection(Int64),,,,,False,True,False,False,False,False,False,True,False,False,27.0000000000000,"{""@odata.type"":""#Microsoft.Azure.Connectors.SharePoint.SPListExpandedReference"",""Id"":3,""Value"":""Discharged""}",3,2026-07-19T01:34:48Z,2026-06-25T04:45:32Z,"{""@odata.type"":""#Microsoft.Azure.Connectors.SharePoint.SPListExpandedUser"",""Claims"":""i:0#.f|membership|bto862@multihosp.net"",""DisplayName"":""Torres, Beatriz"",""Email"":""Beatriz.Torres1@AdventHealth.com"",""Picture"":""https://ahsonline.sharepoint.com/sites/group-gt6leadershipteamgroup/_layouts/15/UserPhoto.aspx?Size=L&AccountName=Beatriz.Torres1@AdventHealth.com"",""Department"":""ORL PCU Cardiopulmonary"",""JobTitle"":""Registered Nurse""}",i:0#.f|membership|bto862@multihosp.net,"{""@odata.type"":""#Microsoft.Azure.Connectors.SharePoint.SPListExpandedUser"",""Claims"":""i:0#.f|membership|tjm254@multihosp.net"",""DisplayName"":""Moyer, Ted"",""Email"":""Ted.Moyer@AdventHealth.com"",""Picture"":""https://ahsonline.sharepoint.com/sites/group-gt6leadershipteamgroup/_layouts/15/UserPhoto.aspx?Size=L&AccountName=Ted.Moyer@AdventHealth.com"",""Department"":""ORL PCU Thoracic Pulmonary"",""JobTitle"":""Asst Nurse Mgr""}",i:0#.f|membership|tjm254@multihosp.net,Lists%252fGT6%2bSURGIFLOW%2bCPPCU%252f70_.000,False,"{""Large"":null,""Medium"":null,""Small"":null}",https://ahsonline.sharepoint.com/sites/group-gt6leadershipteamgroup/_layouts/15/listform.aspx?PageType=4&ListId=b1516083%2Da63d%2D4301%2D8686%2D4bd9d64675d3&ID=70&ContentTypeID=0x01009E3859902E23B24FAFFEB1621FDA4832,6810,6810,Lists/GT6 SURGIFLOW CPPCU/,Lists/GT6 SURGIFLOW CPPCU/70_.000,"{""@odata.type"":""#Microsoft.Azure.Connectors.SharePoint.SPListExpandedContentType"",""Id"":""0x01009E3859902E23B24FAFFEB1621FDA4832"",""Name"":""Item""}",0x01009E3859902E23B24FAFFEB1621FDA4832,False,16.0,"RA/self

Need transport set up.",Bandaru ,,,,,
"""13""",73,73,6832,Aguilar ,7271898,2026-06-30,"GERD, CAD, OBESITY, OSA, HTN, COPD, AFIB",Pt has life vest at bedside. S/p Afib/Aflut ablation. On 2LNC - unable to wean off - needs 4L w/ exercise. O2 delivered.  and bariatic wheelchair. CT head- pending results. Possible DC,"{""@odata.type"":""#Microsoft.Azure.Connectors.SharePoint.SPListExpandedReference"",""Id"":0,""Value"":""Home No Needs""}",0,,,,[],#Collection(Microsoft.Azure.Connectors.SharePoint.SPListExpandedReference),[],#Collection(Int64),[],#Collection(Microsoft.Azure.Connectors.SharePoint.SPListExpandedReference),[],#Collection(Int64),,,[],#Collection(Microsoft.Azure.Connectors.SharePoint.SPListExpandedReference),[],#Collection(Int64),,,[],#Collection(Microsoft.Azure.Connectors.SharePoint.SPListExpandedReference),[],#Collection(Int64),,,0,2026-06-25T06:12:49Z,False,False,False,False,False,False,2026-06-24,"{""@odata.type"":""#Microsoft.Azure.Connectors.SharePoint.SPListExpandedReference"",""Id"":3,""Value"":""CVmed""}",3,,,[],#Collection(Microsoft.Azure.Connectors.SharePoint.SPListExpandedReference),[],#Collection(Int64),,,,,False,True,False,False,False,False,False,False,False,False,24.0000000000000,"{""@odata.type"":""#Microsoft.Azure.Connectors.SharePoint.SPListExpandedReference"",""Id"":3,""Value"":""Discharged""}",3,2026-07-19T01:34:53Z,2026-06-25T06:12:49Z,"{""@odata.type"":""#Microsoft.Azure.Connectors.SharePoint.SPListExpandedUser"",""Claims"":""i:0#.f|membership|hsif92@multihosp.net"",""DisplayName"":""Silvestre, Helen"",""Email"":""Helen.Silvestre@AdventHealth.com"",""Picture"":""https://ahsonline.sharepoint.com/sites/group-gt6leadershipteamgroup/_layouts/15/UserPhoto.aspx?Size=L&AccountName=Helen.Silvestre@AdventHealth.com"",""Department"":""ORL PCU Cardiopulmonary"",""JobTitle"":""Registered Nurse""}",i:0#.f|membership|hsif92@multihosp.net,"{""@odata.type"":""#Microsoft.Azure.Connectors.SharePoint.SPListExpandedUser"",""Claims"":""i:0#.f|membership|tjm254@multihosp.net"",""DisplayName"":""Moyer, Ted"",""Email"":""Ted.Moyer@AdventHealth.com"",""Picture"":""https://ahsonline.sharepoint.com/sites/group-gt6leadershipteamgroup/_layouts/15/UserPhoto.aspx?Size=L&AccountName=Ted.Moyer@AdventHealth.com"",""Department"":""ORL PCU Thoracic Pulmonary"",""JobTitle"":""Asst Nurse Mgr""}",i:0#.f|membership|tjm254@multihosp.net,Lists%252fGT6%2bSURGIFLOW%2bCPPCU%252f73_.000,False,"{""Large"":null,""Medium"":null,""Small"":null}",https://ahsonline.sharepoint.com/sites/group-gt6leadershipteamgroup/_layouts/15/listform.aspx?PageType=4&ListId=b1516083%2Da63d%2D4301%2D8686%2D4bd9d64675d3&ID=73&ContentTypeID=0x01009E3859902E23B24FAFFEB1621FDA4832,6832,6832,Lists/GT6 SURGIFLOW CPPCU/,Lists/GT6 SURGIFLOW CPPCU/73_.000,"{""@odata.type"":""#Microsoft.Azure.Connectors.SharePoint.SPListExpandedContentType"",""Id"":""0x01009E3859902E23B24FAFFEB1621FDA4832"",""Name"":""Item""}",0x01009E3859902E23B24FAFFEB1621FDA4832,False,13.0,,MAALOUF ,,,,,
"""2""",74,74,6832,,,,,,,,,,,"[{""@odata.type"":""#Microsoft.Azure.Connectors.SharePoint.SPListExpandedReference"",""Id"":4,""Value"":""None""}]",#Collection(Microsoft.Azure.Connectors.SharePoint.SPListExpandedReference),[4],#Collection(Int64),[],#Collection(Microsoft.Azure.Connectors.SharePoint.SPListExpandedReference),[],#Collection(Int64),,,[],#Collection(Microsoft.Azure.Connectors.SharePoint.SPListExpandedReference),[],#Collection(Int64),,,[],#Collection(Microsoft.Azure.Connectors.SharePoint.SPListExpandedReference),[],#Collection(Int64),,,0,2026-06-25T06:14:37Z,False,False,False,False,False,False,,,,,,[],#Collection(Microsoft.Azure.Connectors.SharePoint.SPListExpandedReference),[],#Collection(Int64),,,,,False,True,False,False,False,False,False,False,False,False,46221.0000000000,"{""@odata.type"":""#Microsoft.Azure.Connectors.SharePoint.SPListExpandedReference"",""Id"":3,""Value"":""Discharged""}",3,2026-07-19T01:36:18Z,2026-06-25T06:14:37Z,"{""@odata.type"":""#Microsoft.Azure.Connectors.SharePoint.SPListExpandedUser"",""Claims"":""i:0#.f|membership|hsif92@multihosp.net"",""DisplayName"":""Silvestre, Helen"",""Email"":""Helen.Silvestre@AdventHealth.com"",""Picture"":""https://ahsonline.sharepoint.com/sites/group-gt6leadershipteamgroup/_layouts/15/UserPhoto.aspx?Size=L&AccountName=Helen.Silvestre@AdventHealth.com"",""Department"":""ORL PCU Cardiopulmonary"",""JobTitle"":""Registered Nurse""}",i:0#.f|membership|hsif92@multihosp.net,"{""@odata.type"":""#Microsoft.Azure.Connectors.SharePoint.SPListExpandedUser"",""Claims"":""i:0#.f|membership|tjm254@multihosp.net"",""DisplayName"":""Moyer, Ted"",""Email"":""Ted.Moyer@AdventHealth.com"",""Picture"":""https://ahsonline.sharepoint.com/sites/group-gt6leadershipteamgroup/_layouts/15/UserPhoto.aspx?Size=L&AccountName=Ted.Moyer@AdventHealth.com"",""Department"":""ORL PCU Thoracic Pulmonary"",""JobTitle"":""Asst Nurse Mgr""}",i:0#.f|membership|tjm254@multihosp.net,Lists%252fGT6%2bSURGIFLOW%2bCPPCU%252f74_.000,False,"{""Large"":null,""Medium"":null,""Small"":null}",https://ahsonline.sharepoint.com/sites/group-gt6leadershipteamgroup/_layouts/15/listform.aspx?PageType=4&ListId=b1516083%2Da63d%2D4301%2D8686%2D4bd9d64675d3&ID=74&ContentTypeID=0x01009E3859902E23B24FAFFEB1621FDA4832,6832,6832,Lists/GT6 SURGIFLOW CPPCU/,Lists/GT6 SURGIFLOW CPPCU/74_.000,"{""@odata.type"":""#Microsoft.Azure.Connectors.SharePoint.SPListExpandedContentType"",""Id"":""0x01009E3859902E23B24FAFFEB1621FDA4832"",""Name"":""Item""}",0x01009E3859902E23B24FAFFEB1621FDA4832,False,2.0,,,,,,,
"""2""",75,75,6832,,,,,,,,,,,"[{""@odata.type"":""#Microsoft.Azure.Connectors.SharePoint.SPListExpandedReference"",""Id"":4,""Value"":""None""}]",#Collection(Microsoft.Azure.Connectors.SharePoint.SPListExpandedReference),[4],#Collection(Int64),[],#Collection(Microsoft.Azure.Connectors.SharePoint.SPListExpandedReference),[],#Collection(Int64),,,[],#Collection(Microsoft.Azure.Connectors.SharePoint.SPListExpandedReference),[],#Collection(Int64),,,[],#Collection(Microsoft.Azure.Connectors.SharePoint.SPListExpandedReference),[],#Collection(Int64),,,0,2026-06-25T06:14:41Z,False,False,False,False,False,False,,,,,,[],#Collection(Microsoft.Azure.Connectors.SharePoint.SPListExpandedReference),[],#Collection(Int64),,,,,False,True,False,False,False,False,False,False,False,False,46221.0000000000,"{""@odata.type"":""#Microsoft.Azure.Connectors.SharePoint.SPListExpandedReference"",""Id"":3,""Value"":""Discharged""}",3,2026-07-19T01:36:16Z,2026-06-25T06:14:41Z,"{""@odata.type"":""#Microsoft.Azure.Connectors.SharePoint.SPListExpandedUser"",""Claims"":""i:0#.f|membership|hsif92@multihosp.net"",""DisplayName"":""Silvestre, Helen"",""Email"":""Helen.Silvestre@AdventHealth.com"",""Picture"":""https://ahsonline.sharepoint.com/sites/group-gt6leadershipteamgroup/_layouts/15/UserPhoto.aspx?Size=L&AccountName=Helen.Silvestre@AdventHealth.com"",""Department"":""ORL PCU Cardiopulmonary"",""JobTitle"":""Registered Nurse""}",i:0#.f|membership|hsif92@multihosp.net,"{""@odata.type"":""#Microsoft.Azure.Connectors.SharePoint.SPListExpandedUser"",""Claims"":""i:0#.f|membership|tjm254@multihosp.net"",""DisplayName"":""Moyer, Ted"",""Email"":""Ted.Moyer@AdventHealth.com"",""Picture"":""https://ahsonline.sharepoint.com/sites/group-gt6leadershipteamgroup/_layouts/15/UserPhoto.aspx?Size=L&AccountName=Ted.Moyer@AdventHealth.com"",""Department"":""ORL PCU Thoracic Pulmonary"",""JobTitle"":""Asst Nurse Mgr""}",i:0#.f|membership|tjm254@multihosp.net,Lists%252fGT6%2bSURGIFLOW%2bCPPCU%252f75_.000,False,"{""Large"":null,""Medium"":null,""Small"":null}",https://ahsonline.sharepoint.com/sites/group-gt6leadershipteamgroup/_layouts/15/listform.aspx?PageType=4&ListId=b1516083%2Da63d%2D4301%2D8686%2D4bd9d64675d3&ID=75&ContentTypeID=0x01009E3859902E23B24FAFFEB1621FDA4832,6832,6832,Lists/GT6 SURGIFLOW CPPCU/,Lists/GT6 SURGIFLOW CPPCU/75_.000,"{""@odata.type"":""#Microsoft.Azure.Connectors.SharePoint.SPListExpandedContentType"",""Id"":""0x01009E3859902E23B24FAFFEB1621FDA4832"",""Name"":""Item""}",0x01009E3859902E23B24FAFFEB1621FDA4832,False,2.0,,,,,,,
"""23""",76,76,6805,Stigletts,511061720,,"-DM2.  HX OF PE, HLD, HTN
-Chronic opiates abuse. Emergent LHC 6/25- x3 stent. 
","S/P Bioprosthetic aortic valve replacement, ",,,"Cardio, CTSx, Att.",,,[],#Collection(Microsoft.Azure.Connectors.SharePoint.SPListExpandedReference),[],#Collection(Int64),[],#Collection(Microsoft.Azure.Connectors.SharePoint.SPListExpandedReference),[],#Collection(Int64),,,[],#Collection(Microsoft.Azure.Connectors.SharePoint.SPListExpandedReference),[],#Collection(Int64),,,[],#Collection(Microsoft.Azure.Connectors.SharePoint.SPListExpandedReference),[],#Collection(Int64),,,0,2026-06-25T06:30:59Z,False,False,False,False,False,False,,,,,,[],#Collection(Microsoft.Azure.Connectors.SharePoint.SPListExpandedReference),[],#Collection(Int64),,,,,False,True,False,False,False,False,False,False,False,False,46221.0000000000,"{""@odata.type"":""#Microsoft.Azure.Connectors.SharePoint.SPListExpandedReference"",""Id"":3,""Value"":""Discharged""}",3,2026-07-19T01:33:43Z,2026-06-25T06:30:59Z,"{""@odata.type"":""#Microsoft.Azure.Connectors.SharePoint.SPListExpandedUser"",""Claims"":""i:0#.f|membership|hsif92@multihosp.net"",""DisplayName"":""Silvestre, Helen"",""Email"":""Helen.Silvestre@AdventHealth.com"",""Picture"":""https://ahsonline.sharepoint.com/sites/group-gt6leadershipteamgroup/_layouts/15/UserPhoto.aspx?Size=L&AccountName=Helen.Silvestre@AdventHealth.com"",""Department"":""ORL PCU Cardiopulmonary"",""JobTitle"":""Registered Nurse""}",i:0#.f|membership|hsif92@multihosp.net,"{""@odata.type"":""#Microsoft.Azure.Connectors.SharePoint.SPListExpandedUser"",""Claims"":""i:0#.f|membership|tjm254@multihosp.net"",""DisplayName"":""Moyer, Ted"",""Email"":""Ted.Moyer@AdventHealth.com"",""Picture"":""https://ahsonline.sharepoint.com/sites/group-gt6leadershipteamgroup/_layouts/15/UserPhoto.aspx?Size=L&AccountName=Ted.Moyer@AdventHealth.com"",""Department"":""ORL PCU Thoracic Pulmonary"",""JobTitle"":""Asst Nurse Mgr""}",i:0#.f|membership|tjm254@multihosp.net,Lists%252fGT6%2bSURGIFLOW%2bCPPCU%252f76_.000,False,"{""Large"":null,""Medium"":null,""Small"":null}",https://ahsonline.sharepoint.com/sites/group-gt6leadershipteamgroup/_layouts/15/listform.aspx?PageType=4&ListId=b1516083%2Da63d%2D4301%2D8686%2D4bd9d64675d3&ID=76&ContentTypeID=0x01009E3859902E23B24FAFFEB1621FDA4832,6805,6805,Lists/GT6 SURGIFLOW CPPCU/,Lists/GT6 SURGIFLOW CPPCU/76_.000,"{""@odata.type"":""#Microsoft.Azure.Connectors.SharePoint.SPListExpandedContentType"",""Id"":""0x01009E3859902E23B24FAFFEB1621FDA4832"",""Name"":""Item""}",0x01009E3859902E23B24FAFFEB1621FDA4832,False,23.0,"RA; HHC, orders in. ",Sudah,,,,,
"""15""",77,77,6827,Cox,15091097,2026-07-03,"Cystic Fibrosis
Hemoptysis",repeat BC done and Sputum-pending. Lung tx eval. Started on midodrine. IV antibiotics until 7/4. CTA neg for PE. IV iron. refusing everything. Psych consulted-mini mental test. ,,,"Attd, Transplant and Nephro ",,,[],#Collection(Microsoft.Azure.Connectors.SharePoint.SPListExpandedReference),[],#Collection(Int64),[],#Collection(Microsoft.Azure.Connectors.SharePoint.SPListExpandedReference),[],#Collection(Int64),,,[],#Collection(Microsoft.Azure.Connectors.SharePoint.SPListExpandedReference),[],#Collection(Int64),,,[],#Collection(Microsoft.Azure.Connectors.SharePoint.SPListExpandedReference),[],#Collection(Int64),,,0,2026-06-25T22:33:00Z,False,False,False,False,False,False,2026-06-19,,,,,[],#Collection(Microsoft.Azure.Connectors.SharePoint.SPListExpandedReference),[],#Collection(Int64),,,,,False,True,False,False,False,False,False,False,False,False,29.0000000000000,"{""@odata.type"":""#Microsoft.Azure.Connectors.SharePoint.SPListExpandedReference"",""Id"":3,""Value"":""Discharged""}",3,2026-07-19T01:33:49Z,2026-06-25T22:35:43Z,"{""@odata.type"":""#Microsoft.Azure.Connectors.SharePoint.SPListExpandedUser"",""Claims"":""i:0#.f|membership|ssmc7a@multihosp.net"",""DisplayName"":""Smith, Shayla"",""Email"":""Shayla.Smith@AdventHealth.com"",""Picture"":""https://ahsonline.sharepoint.com/sites/group-gt6leadershipteamgroup/_layouts/15/UserPhoto.aspx?Size=L&AccountName=Shayla.Smith@AdventHealth.com"",""Department"":""ORL PCU Cardiopulmonary"",""JobTitle"":""Asst Nurse Mgr""}",i:0#.f|membership|ssmc7a@multihosp.net,"{""@odata.type"":""#Microsoft.Azure.Connectors.SharePoint.SPListExpandedUser"",""Claims"":""i:0#.f|membership|tjm254@multihosp.net"",""DisplayName"":""Moyer, Ted"",""Email"":""Ted.Moyer@AdventHealth.com"",""Picture"":""https://ahsonline.sharepoint.com/sites/group-gt6leadershipteamgroup/_layouts/15/UserPhoto.aspx?Size=L&AccountName=Ted.Moyer@AdventHealth.com"",""Department"":""ORL PCU Thoracic Pulmonary"",""JobTitle"":""Asst Nurse Mgr""}",i:0#.f|membership|tjm254@multihosp.net,Lists%252fGT6%2bSURGIFLOW%2bCPPCU%252f77_.000,False,"{""Large"":null,""Medium"":null,""Small"":null}",https://ahsonline.sharepoint.com/sites/group-gt6leadershipteamgroup/_layouts/15/listform.aspx?PageType=4&ListId=b1516083%2Da63d%2D4301%2D8686%2D4bd9d64675d3&ID=77&ContentTypeID=0x01009E3859902E23B24FAFFEB1621FDA4832,6827,6827,Lists/GT6 SURGIFLOW CPPCU/,Lists/GT6 SURGIFLOW CPPCU/77_.000,"{""@odata.type"":""#Microsoft.Azure.Connectors.SharePoint.SPListExpandedContentType"",""Id"":""0x01009E3859902E23B24FAFFEB1621FDA4832"",""Name"":""Item""}",0x01009E3859902E23B24FAFFEB1621FDA4832,False,15.0,Home. ,,Lung TX,,,,
"""2""",78,78,6827,,,,,,,,,,,"[{""@odata.type"":""#Microsoft.Azure.Connectors.SharePoint.SPListExpandedReference"",""Id"":4,""Value"":""None""}]",#Collection(Microsoft.Azure.Connectors.SharePoint.SPListExpandedReference),[4],#Collection(Int64),[],#Collection(Microsoft.Azure.Connectors.SharePoint.SPListExpandedReference),[],#Collection(Int64),,,[],#Collection(Microsoft.Azure.Connectors.SharePoint.SPListExpandedReference),[],#Collection(Int64),,,[],#Collection(Microsoft.Azure.Connectors.SharePoint.SPListExpandedReference),[],#Collection(Int64),,,0,2026-06-25T22:33:00Z,False,False,False,False,False,False,,,,,,[],#Collection(Microsoft.Azure.Connectors.SharePoint.SPListExpandedReference),[],#Collection(Int64),,,,,False,True,False,False,False,False,False,False,False,False,46221.0000000000,"{""@odata.type"":""#Microsoft.Azure.Connectors.SharePoint.SPListExpandedReference"",""Id"":3,""Value"":""Discharged""}",3,2026-07-19T01:33:32Z,2026-06-25T22:35:44Z,"{""@odata.type"":""#Microsoft.Azure.Connectors.SharePoint.SPListExpandedUser"",""Claims"":""i:0#.f|membership|ssmc7a@multihosp.net"",""DisplayName"":""Smith, Shayla"",""Email"":""Shayla.Smith@AdventHealth.com"",""Picture"":""https://ahsonline.sharepoint.com/sites/group-gt6leadershipteamgroup/_layouts/15/UserPhoto.aspx?Size=L&AccountName=Shayla.Smith@AdventHealth.com"",""Department"":""ORL PCU Cardiopulmonary"",""JobTitle"":""Asst Nurse Mgr""}",i:0#.f|membership|ssmc7a@multihosp.net,"{""@odata.type"":""#Microsoft.Azure.Connectors.SharePoint.SPListExpandedUser"",""Claims"":""i:0#.f|membership|tjm254@multihosp.net"",""DisplayName"":""Moyer, Ted"",""Email"":""Ted.Moyer@AdventHealth.com"",""Picture"":""https://ahsonline.sharepoint.com/sites/group-gt6leadershipteamgroup/_layouts/15/UserPhoto.aspx?Size=L&AccountName=Ted.Moyer@AdventHealth.com"",""Department"":""ORL PCU Thoracic Pulmonary"",""JobTitle"":""Asst Nurse Mgr""}",i:0#.f|membership|tjm254@multihosp.net,Lists%252fGT6%2bSURGIFLOW%2bCPPCU%252f78_.000,False,"{""Large"":null,""Medium"":null,""Small"":null}",https://ahsonline.sharepoint.com/sites/group-gt6leadershipteamgroup/_layouts/15/listform.aspx?PageType=4&ListId=b1516083%2Da63d%2D4301%2D8686%2D4bd9d64675d3&ID=78&ContentTypeID=0x01009E3859902E23B24FAFFEB1621FDA4832,6827,6827,Lists/GT6 SURGIFLOW CPPCU/,Lists/GT6 SURGIFLOW CPPCU/78_.000,"{""@odata.type"":""#Microsoft.Azure.Connectors.SharePoint.SPListExpandedContentType"",""Id"":""0x01009E3859902E23B24FAFFEB1621FDA4832"",""Name"":""Item""}",0x01009E3859902E23B24FAFFEB1621FDA4832,False,2.0,,,,,,,
"""20""",79,79,6811,Meyer,21144445,2026-07-09,"Pending ablation 7/7 with Mondal
","Eliquis PO. IV lasix 40mg held. On amio PO. TEE 7/02-30-35%. Ablation w/ cardioversion* on 7/7 w/ Dr. Mondal. 
HELD DC 7.8 as per Mondal for monitoring. DC TODAY","{""@odata.type"":""#Microsoft.Azure.Connectors.SharePoint.SPListExpandedReference"",""Id"":0,""Value"":""Home No Needs""}",0,"CARDIO, PULM, ATTN","{""@odata.type"":""#Microsoft.Azure.Connectors.SharePoint.SPListExpandedReference"",""Id"":0,""Value"":""A&O""}",0,[],#Collection(Microsoft.Azure.Connectors.SharePoint.SPListExpandedReference),[],#Collection(Int64),[],#Collection(Microsoft.Azure.Connectors.SharePoint.SPListExpandedReference),[],#Collection(Int64),,,[],#Collection(Microsoft.Azure.Connectors.SharePoint.SPListExpandedReference),[],#Collection(Int64),,,[],#Collection(Microsoft.Azure.Connectors.SharePoint.SPListExpandedReference),[],#Collection(Int64),,,0,2026-06-30T01:46:32Z,False,False,False,False,False,False,2026-06-30,,,"{""@odata.type"":""#Microsoft.Azure.Connectors.SharePoint.SPListExpandedReference"",""Id"":0,""Value"":""Self""}",0,[],#Collection(Microsoft.Azure.Connectors.SharePoint.SPListExpandedReference),[],#Collection(Int64),,,,,False,True,False,False,False,False,False,False,False,False,18.0000000000000,"{""@odata.type"":""#Microsoft.Azure.Connectors.SharePoint.SPListExpandedReference"",""Id"":3,""Value"":""Discharged""}",3,2026-07-19T01:34:52Z,2026-06-30T01:46:32Z,"{""@odata.type"":""#Microsoft.Azure.Connectors.SharePoint.SPListExpandedUser"",""Claims"":""i:0#.f|membership|bto862@multihosp.net"",""DisplayName"":""Torres, Beatriz"",""Email"":""Beatriz.Torres1@AdventHealth.com"",""Picture"":""https://ahsonline.sharepoint.com/sites/group-gt6leadershipteamgroup/_layouts/15/UserPhoto.aspx?Size=L&AccountName=Beatriz.Torres1@AdventHealth.com"",""Department"":""ORL PCU Cardiopulmonary"",""JobTitle"":""Registered Nurse""}",i:0#.f|membership|bto862@multihosp.net,"{""@odata.type"":""#Microsoft.Azure.Connectors.SharePoint.SPListExpandedUser"",""Claims"":""i:0#.f|membership|tjm254@multihosp.net"",""DisplayName"":""Moyer, Ted"",""Email"":""Ted.Moyer@AdventHealth.com"",""Picture"":""https://ahsonline.sharepoint.com/sites/group-gt6leadershipteamgroup/_layouts/15/UserPhoto.aspx?Size=L&AccountName=Ted.Moyer@AdventHealth.com"",""Department"":""ORL PCU Thoracic Pulmonary"",""JobTitle"":""Asst Nurse Mgr""}",i:0#.f|membership|tjm254@multihosp.net,Lists%252fGT6%2bSURGIFLOW%2bCPPCU%252f79_.000,False,"{""Large"":null,""Medium"":null,""Small"":null}",https://ahsonline.sharepoint.com/sites/group-gt6leadershipteamgroup/_layouts/15/listform.aspx?PageType=4&ListId=b1516083%2Da63d%2D4301%2D8686%2D4bd9d64675d3&ID=79&ContentTypeID=0x01009E3859902E23B24FAFFEB1621FDA4832,6811,6811,Lists/GT6 SURGIFLOW CPPCU/,Lists/GT6 SURGIFLOW CPPCU/79_.000,"{""@odata.type"":""#Microsoft.Azure.Connectors.SharePoint.SPListExpandedContentType"",""Id"":""0x01009E3859902E23B24FAFFEB1621FDA4832"",""Name"":""Item""}",0x01009E3859902E23B24FAFFEB1621FDA4832,False,20.0,New Jardiance-35$; 2-4 L NC--Needs O2 at bedside. ,Vinas,SOB ,,,,
"""28""",81,81,6813,Williams,13009277,2026-07-03,"ECHO completed pending results, IV ABX 7/6 and will taper IV steroids
","ECHO, ABX at 1400 and transport home by vitas","{""@odata.type"":""#Microsoft.Azure.Connectors.SharePoint.SPListExpandedReference"",""Id"":1,""Value"":""HHC""}",1,CBA,,,[],#Collection(Microsoft.Azure.Connectors.SharePoint.SPListExpandedReference),[],#Collection(Int64),[],#Collection(Microsoft.Azure.Connectors.SharePoint.SPListExpandedReference),[],#Collection(Int64),,,[],#Collection(Microsoft.Azure.Connectors.SharePoint.SPListExpandedReference),[],#Collection(Int64),,,[],#Collection(Microsoft.Azure.Connectors.SharePoint.SPListExpandedReference),[],#Collection(Int64),,,0,,False,False,False,False,False,False,,,,,,[],#Collection(Microsoft.Azure.Connectors.SharePoint.SPListExpandedReference),[],#Collection(Int64),,,,,False,False,False,False,False,False,False,False,False,False,46221.0000000000,"{""@odata.type"":""#Microsoft.Azure.Connectors.SharePoint.SPListExpandedReference"",""Id"":3,""Value"":""Discharged""}",3,2026-07-19T01:34:51Z,2026-06-30T01:49:47Z,"{""@odata.type"":""#Microsoft.Azure.Connectors.SharePoint.SPListExpandedUser"",""Claims"":""i:0#.f|membership|bto862@multihosp.net"",""DisplayName"":""Torres, Beatriz"",""Email"":""Beatriz.Torres1@AdventHealth.com"",""Picture"":""https://ahsonline.sharepoint.com/sites/group-gt6leadershipteamgroup/_layouts/15/UserPhoto.aspx?Size=L&AccountName=Beatriz.Torres1@AdventHealth.com"",""Department"":""ORL PCU Cardiopulmonary"",""JobTitle"":""Registered Nurse""}",i:0#.f|membership|bto862@multihosp.net,"{""@odata.type"":""#Microsoft.Azure.Connectors.SharePoint.SPListExpandedUser"",""Claims"":""i:0#.f|membership|tjm254@multihosp.net"",""DisplayName"":""Moyer, Ted"",""Email"":""Ted.Moyer@AdventHealth.com"",""Picture"":""https://ahsonline.sharepoint.com/sites/group-gt6leadershipteamgroup/_layouts/15/UserPhoto.aspx?Size=L&AccountName=Ted.Moyer@AdventHealth.com"",""Department"":""ORL PCU Thoracic Pulmonary"",""JobTitle"":""Asst Nurse Mgr""}",i:0#.f|membership|tjm254@multihosp.net,Lists%252fGT6%2bSURGIFLOW%2bCPPCU%252f81_.000,False,"{""Large"":null,""Medium"":null,""Small"":null}",https://ahsonline.sharepoint.com/sites/group-gt6leadershipteamgroup/_layouts/15/listform.aspx?PageType=4&ListId=b1516083%2Da63d%2D4301%2D8686%2D4bd9d64675d3&ID=81&ContentTypeID=0x01009E3859902E23B24FAFFEB1621FDA4832,6813,6813,Lists/GT6 SURGIFLOW CPPCU/,Lists/GT6 SURGIFLOW CPPCU/81_.000,"{""@odata.type"":""#Microsoft.Azure.Connectors.SharePoint.SPListExpandedContentType"",""Id"":""0x01009E3859902E23B24FAFFEB1621FDA4832"",""Name"":""Item""}",0x01009E3859902E23B24FAFFEB1621FDA4832,False,28.0,"RA, will need set up for AC therapy..",,,Home readmit for Home with hospice. Needs O2 from home. ,,,
"""9""",82,82,6817,Jones ,20428899,2026-07-03,"DA.Tiksoyn loading, 6th dose tonight. ",On PO AC; Tykosin loading dose 6th.,"{""@odata.type"":""#Microsoft.Azure.Connectors.SharePoint.SPListExpandedReference"",""Id"":0,""Value"":""Home No Needs""}",0,"Att, EP",,,[],#Collection(Microsoft.Azure.Connectors.SharePoint.SPListExpandedReference),[],#Collection(Int64),[],#Collection(Microsoft.Azure.Connectors.SharePoint.SPListExpandedReference),[],#Collection(Int64),,,[],#Collection(Microsoft.Azure.Connectors.SharePoint.SPListExpandedReference),[],#Collection(Int64),,,[],#Collection(Microsoft.Azure.Connectors.SharePoint.SPListExpandedReference),[],#Collection(Int64),,,0,2026-06-30T01:54:58Z,False,False,False,False,False,False,,,,,,[],#Collection(Microsoft.Azure.Connectors.SharePoint.SPListExpandedReference),[],#Collection(Int64),"{""@odata.type"":""#Microsoft.Azure.Connectors.SharePoint.SPListExpandedReference"",""Id"":1,""Value"":""Eliquis""}",1,,,False,True,False,False,False,False,False,False,False,False,46221.0000000000,"{""@odata.type"":""#Microsoft.Azure.Connectors.SharePoint.SPListExpandedReference"",""Id"":3,""Value"":""Discharged""}",3,2026-07-19T01:34:49Z,2026-06-30T01:54:58Z,"{""@odata.type"":""#Microsoft.Azure.Connectors.SharePoint.SPListExpandedUser"",""Claims"":""i:0#.f|membership|bto862@multihosp.net"",""DisplayName"":""Torres, Beatriz"",""Email"":""Beatriz.Torres1@AdventHealth.com"",""Picture"":""https://ahsonline.sharepoint.com/sites/group-gt6leadershipteamgroup/_layouts/15/UserPhoto.aspx?Size=L&AccountName=Beatriz.Torres1@AdventHealth.com"",""Department"":""ORL PCU Cardiopulmonary"",""JobTitle"":""Registered Nurse""}",i:0#.f|membership|bto862@multihosp.net,"{""@odata.type"":""#Microsoft.Azure.Connectors.SharePoint.SPListExpandedUser"",""Claims"":""i:0#.f|membership|tjm254@multihosp.net"",""DisplayName"":""Moyer, Ted"",""Email"":""Ted.Moyer@AdventHealth.com"",""Picture"":""https://ahsonline.sharepoint.com/sites/group-gt6leadershipteamgroup/_layouts/15/UserPhoto.aspx?Size=L&AccountName=Ted.Moyer@AdventHealth.com"",""Department"":""ORL PCU Thoracic Pulmonary"",""JobTitle"":""Asst Nurse Mgr""}",i:0#.f|membership|tjm254@multihosp.net,Lists%252fGT6%2bSURGIFLOW%2bCPPCU%252f82_.000,False,"{""Large"":null,""Medium"":null,""Small"":null}",https://ahsonline.sharepoint.com/sites/group-gt6leadershipteamgroup/_layouts/15/listform.aspx?PageType=4&ListId=b1516083%2Da63d%2D4301%2D8686%2D4bd9d64675d3&ID=82&ContentTypeID=0x01009E3859902E23B24FAFFEB1621FDA4832,6817,6817,Lists/GT6 SURGIFLOW CPPCU/,Lists/GT6 SURGIFLOW CPPCU/82_.000,"{""@odata.type"":""#Microsoft.Azure.Connectors.SharePoint.SPListExpandedContentType"",""Id"":""0x01009E3859902E23B24FAFFEB1621FDA4832"",""Name"":""Item""}",0x01009E3859902E23B24FAFFEB1621FDA4832,False,9.0,RA,,,f/u w/ PT Eval. ,,,
"""2""",83,83,6817,,,,,,,,,,,"[{""@odata.type"":""#Microsoft.Azure.Connectors.SharePoint.SPListExpandedReference"",""Id"":4,""Value"":""None""}]",#Collection(Microsoft.Azure.Connectors.SharePoint.SPListExpandedReference),[4],#Collection(Int64),[],#Collection(Microsoft.Azure.Connectors.SharePoint.SPListExpandedReference),[],#Collection(Int64),,,[],#Collection(Microsoft.Azure.Connectors.SharePoint.SPListExpandedReference),[],#Collection(Int64),,,[],#Collection(Microsoft.Azure.Connectors.SharePoint.SPListExpandedReference),[],#Collection(Int64),,,0,2026-06-30T02:22:56Z,False,False,False,False,False,False,,,,,,[],#Collection(Microsoft.Azure.Connectors.SharePoint.SPListExpandedReference),[],#Collection(Int64),,,,,False,True,False,False,False,False,False,False,False,False,46221.0000000000,"{""@odata.type"":""#Microsoft.Azure.Connectors.SharePoint.SPListExpandedReference"",""Id"":3,""Value"":""Discharged""}",3,2026-07-19T01:36:05Z,2026-06-30T02:22:56Z,"{""@odata.type"":""#Microsoft.Azure.Connectors.SharePoint.SPListExpandedUser"",""Claims"":""i:0#.f|membership|bto862@multihosp.net"",""DisplayName"":""Torres, Beatriz"",""Email"":""Beatriz.Torres1@AdventHealth.com"",""Picture"":""https://ahsonline.sharepoint.com/sites/group-gt6leadershipteamgroup/_layouts/15/UserPhoto.aspx?Size=L&AccountName=Beatriz.Torres1@AdventHealth.com"",""Department"":""ORL PCU Cardiopulmonary"",""JobTitle"":""Registered Nurse""}",i:0#.f|membership|bto862@multihosp.net,"{""@odata.type"":""#Microsoft.Azure.Connectors.SharePoint.SPListExpandedUser"",""Claims"":""i:0#.f|membership|tjm254@multihosp.net"",""DisplayName"":""Moyer, Ted"",""Email"":""Ted.Moyer@AdventHealth.com"",""Picture"":""https://ahsonline.sharepoint.com/sites/group-gt6leadershipteamgroup/_layouts/15/UserPhoto.aspx?Size=L&AccountName=Ted.Moyer@AdventHealth.com"",""Department"":""ORL PCU Thoracic Pulmonary"",""JobTitle"":""Asst Nurse Mgr""}",i:0#.f|membership|tjm254@multihosp.net,Lists%252fGT6%2bSURGIFLOW%2bCPPCU%252f83_.000,False,"{""Large"":null,""Medium"":null,""Small"":null}",https://ahsonline.sharepoint.com/sites/group-gt6leadershipteamgroup/_layouts/15/listform.aspx?PageType=4&ListId=b1516083%2Da63d%2D4301%2D8686%2D4bd9d64675d3&ID=83&ContentTypeID=0x01009E3859902E23B24FAFFEB1621FDA4832,6817,6817,Lists/GT6 SURGIFLOW CPPCU/,Lists/GT6 SURGIFLOW CPPCU/83_.000,"{""@odata.type"":""#Microsoft.Azure.Connectors.SharePoint.SPListExpandedContentType"",""Id"":""0x01009E3859902E23B24FAFFEB1621FDA4832"",""Name"":""Item""}",0x01009E3859902E23B24FAFFEB1621FDA4832,False,2.0,,,,,,,
"""6""",84,84,6820,Stewart ,13537718,2026-07-03,BOLT 2003,"BOLT 2003. Colostomy LLQ. IV abx till 7/6. Came in for bilateral groin rash that spread to abd. Pending Karius, BC and biopsy results.","{""@odata.type"":""#Microsoft.Azure.Connectors.SharePoint.SPListExpandedReference"",""Id"":0,""Value"":""Home No Needs""}",0,"Nephro, ID ",,,[],#Collection(Microsoft.Azure.Connectors.SharePoint.SPListExpandedReference),[],#Collection(Int64),[],#Collection(Microsoft.Azure.Connectors.SharePoint.SPListExpandedReference),[],#Collection(Int64),,,[],#Collection(Microsoft.Azure.Connectors.SharePoint.SPListExpandedReference),[],#Collection(Int64),,,[],#Collection(Microsoft.Azure.Connectors.SharePoint.SPListExpandedReference),[],#Collection(Int64),,,0,2026-06-30T02:35:07Z,False,False,False,False,False,False,2026-06-29,,,,,[],#Collection(Microsoft.Azure.Connectors.SharePoint.SPListExpandedReference),[],#Collection(Int64),,,,,False,True,False,False,False,False,False,False,False,False,19.0000000000000,"{""@odata.type"":""#Microsoft.Azure.Connectors.SharePoint.SPListExpandedReference"",""Id"":3,""Value"":""Discharged""}",3,2026-07-19T01:33:59Z,2026-06-30T02:35:07Z,"{""@odata.type"":""#Microsoft.Azure.Connectors.SharePoint.SPListExpandedUser"",""Claims"":""i:0#.f|membership|bto862@multihosp.net"",""DisplayName"":""Torres, Beatriz"",""Email"":""Beatriz.Torres1@AdventHealth.com"",""Picture"":""https://ahsonline.sharepoint.com/sites/group-gt6leadershipteamgroup/_layouts/15/UserPhoto.aspx?Size=L&AccountName=Beatriz.Torres1@AdventHealth.com"",""Department"":""ORL PCU Cardiopulmonary"",""JobTitle"":""Registered Nurse""}",i:0#.f|membership|bto862@multihosp.net,"{""@odata.type"":""#Microsoft.Azure.Connectors.SharePoint.SPListExpandedUser"",""Claims"":""i:0#.f|membership|tjm254@multihosp.net"",""DisplayName"":""Moyer, Ted"",""Email"":""Ted.Moyer@AdventHealth.com"",""Picture"":""https://ahsonline.sharepoint.com/sites/group-gt6leadershipteamgroup/_layouts/15/UserPhoto.aspx?Size=L&AccountName=Ted.Moyer@AdventHealth.com"",""Department"":""ORL PCU Thoracic Pulmonary"",""JobTitle"":""Asst Nurse Mgr""}",i:0#.f|membership|tjm254@multihosp.net,Lists%252fGT6%2bSURGIFLOW%2bCPPCU%252f84_.000,False,"{""Large"":null,""Medium"":null,""Small"":null}",https://ahsonline.sharepoint.com/sites/group-gt6leadershipteamgroup/_layouts/15/listform.aspx?PageType=4&ListId=b1516083%2Da63d%2D4301%2D8686%2D4bd9d64675d3&ID=84&ContentTypeID=0x01009E3859902E23B24FAFFEB1621FDA4832,6820,6820,Lists/GT6 SURGIFLOW CPPCU/,Lists/GT6 SURGIFLOW CPPCU/84_.000,"{""@odata.type"":""#Microsoft.Azure.Connectors.SharePoint.SPListExpandedContentType"",""Id"":""0x01009E3859902E23B24FAFFEB1621FDA4832"",""Name"":""Item""}",0x01009E3859902E23B24FAFFEB1621FDA4832,False,6.0,RA/ Self ,Akram ,,,,,
"""7""",86,86,6830,Bradley ,14236833,2026-07-05,"atrial fibrillation, congestive heart failure, history of skin cancer, BPH, hyperlipidemia, hypertension, and stroke. Hematoma evacuation 7/2 and TAVR outpatient.",Hematoma on head from fall. Brady. s/p HC-no intervention TAVR eval- Poss outpt.  Planning for evacuation of hematoma on thursday 7/3 per plastics 1120. CTA done.  US of Carotid. Structural heart meeting 7/6,,,"cardio, plastics ",,,[],#Collection(Microsoft.Azure.Connectors.SharePoint.SPListExpandedReference),[],#Collection(Int64),[],#Collection(Microsoft.Azure.Connectors.SharePoint.SPListExpandedReference),[],#Collection(Int64),,,[],#Collection(Microsoft.Azure.Connectors.SharePoint.SPListExpandedReference),[],#Collection(Int64),,,[],#Collection(Microsoft.Azure.Connectors.SharePoint.SPListExpandedReference),[],#Collection(Int64),,,0,2026-06-30T02:46:36Z,False,False,False,False,False,False,2026-06-29,,,,,[],#Collection(Microsoft.Azure.Connectors.SharePoint.SPListExpandedReference),[],#Collection(Int64),,,,,False,True,False,False,False,False,False,False,False,False,19.0000000000000,"{""@odata.type"":""#Microsoft.Azure.Connectors.SharePoint.SPListExpandedReference"",""Id"":3,""Value"":""Discharged""}",3,2026-07-19T01:34:03Z,2026-06-30T02:46:36Z,"{""@odata.type"":""#Microsoft.Azure.Connectors.SharePoint.SPListExpandedUser"",""Claims"":""i:0#.f|membership|bto862@multihosp.net"",""DisplayName"":""Torres, Beatriz"",""Email"":""Beatriz.Torres1@AdventHealth.com"",""Picture"":""https://ahsonline.sharepoint.com/sites/group-gt6leadershipteamgroup/_layouts/15/UserPhoto.aspx?Size=L&AccountName=Beatriz.Torres1@AdventHealth.com"",""Department"":""ORL PCU Cardiopulmonary"",""JobTitle"":""Registered Nurse""}",i:0#.f|membership|bto862@multihosp.net,"{""@odata.type"":""#Microsoft.Azure.Connectors.SharePoint.SPListExpandedUser"",""Claims"":""i:0#.f|membership|tjm254@multihosp.net"",""DisplayName"":""Moyer, Ted"",""Email"":""Ted.Moyer@AdventHealth.com"",""Picture"":""https://ahsonline.sharepoint.com/sites/group-gt6leadershipteamgroup/_layouts/15/UserPhoto.aspx?Size=L&AccountName=Ted.Moyer@AdventHealth.com"",""Department"":""ORL PCU Thoracic Pulmonary"",""JobTitle"":""Asst Nurse Mgr""}",i:0#.f|membership|tjm254@multihosp.net,Lists%252fGT6%2bSURGIFLOW%2bCPPCU%252f86_.000,False,"{""Large"":null,""Medium"":null,""Small"":null}",https://ahsonline.sharepoint.com/sites/group-gt6leadershipteamgroup/_layouts/15/listform.aspx?PageType=4&ListId=b1516083%2Da63d%2D4301%2D8686%2D4bd9d64675d3&ID=86&ContentTypeID=0x01009E3859902E23B24FAFFEB1621FDA4832,6830,6830,Lists/GT6 SURGIFLOW CPPCU/,Lists/GT6 SURGIFLOW CPPCU/86_.000,"{""@odata.type"":""#Microsoft.Azure.Connectors.SharePoint.SPListExpandedContentType"",""Id"":""0x01009E3859902E23B24FAFFEB1621FDA4832"",""Name"":""Item""}",0x01009E3859902E23B24FAFFEB1621FDA4832,False,7.0,,Condron ,"Hematoma, Fall ",,,,
"""8""",87,87,6810,"Ray, John",22328868,2026-07-10,"s/p LHC 6.30 AM, abnormal, Pending CABG 7/6 w/Louminitus 1420 PM","CABG workup now, CABG 7/6 pending plavix washout. ","{""@odata.type"":""#Microsoft.Azure.Connectors.SharePoint.SPListExpandedReference"",""Id"":0,""Value"":""Home No Needs""}",0,"cardio, attn, CTS",,,[],#Collection(Microsoft.Azure.Connectors.SharePoint.SPListExpandedReference),[],#Collection(Int64),[],#Collection(Microsoft.Azure.Connectors.SharePoint.SPListExpandedReference),[],#Collection(Int64),,,[],#Collection(Microsoft.Azure.Connectors.SharePoint.SPListExpandedReference),[],#Collection(Int64),,,[],#Collection(Microsoft.Azure.Connectors.SharePoint.SPListExpandedReference),[],#Collection(Int64),,,0,2026-06-30T17:17:11Z,False,False,False,False,False,False,2026-06-30,,,,,[],#Collection(Microsoft.Azure.Connectors.SharePoint.SPListExpandedReference),[],#Collection(Int64),,,,,False,True,False,False,False,False,False,False,False,False,18.0000000000000,"{""@odata.type"":""#Microsoft.Azure.Connectors.SharePoint.SPListExpandedReference"",""Id"":3,""Value"":""Discharged""}",3,2026-07-19T01:33:52Z,2026-06-30T17:17:11Z,"{""@odata.type"":""#Microsoft.Azure.Connectors.SharePoint.SPListExpandedUser"",""Claims"":""i:0#.f|membership|squ8ba@multihosp.net"",""DisplayName"":""Quintana Garcia, Stephanie"",""Email"":""Stephanie.QuintanaGarcia@AdventHealth.com"",""Picture"":""https://ahsonline.sharepoint.com/sites/group-gt6leadershipteamgroup/_layouts/15/UserPhoto.aspx?Size=L&AccountName=Stephanie.QuintanaGarcia@AdventHealth.com"",""Department"":""ORL PCU Cardiopulmonary"",""JobTitle"":""Asst Nurse Mgr""}",i:0#.f|membership|squ8ba@multihosp.net,"{""@odata.type"":""#Microsoft.Azure.Connectors.SharePoint.SPListExpandedUser"",""Claims"":""i:0#.f|membership|tjm254@multihosp.net"",""DisplayName"":""Moyer, Ted"",""Email"":""Ted.Moyer@AdventHealth.com"",""Picture"":""https://ahsonline.sharepoint.com/sites/group-gt6leadershipteamgroup/_layouts/15/UserPhoto.aspx?Size=L&AccountName=Ted.Moyer@AdventHealth.com"",""Department"":""ORL PCU Thoracic Pulmonary"",""JobTitle"":""Asst Nurse Mgr""}",i:0#.f|membership|tjm254@multihosp.net,Lists%252fGT6%2bSURGIFLOW%2bCPPCU%252f87_.000,False,"{""Large"":null,""Medium"":null,""Small"":null}",https://ahsonline.sharepoint.com/sites/group-gt6leadershipteamgroup/_layouts/15/listform.aspx?PageType=4&ListId=b1516083%2Da63d%2D4301%2D8686%2D4bd9d64675d3&ID=87&ContentTypeID=0x01009E3859902E23B24FAFFEB1621FDA4832,6810,6810,Lists/GT6 SURGIFLOW CPPCU/,Lists/GT6 SURGIFLOW CPPCU/87_.000,"{""@odata.type"":""#Microsoft.Azure.Connectors.SharePoint.SPListExpandedContentType"",""Id"":""0x01009E3859902E23B24FAFFEB1621FDA4832"",""Name"":""Item""}",0x01009E3859902E23B24FAFFEB1621FDA4832,False,8.0,,Amawi A. ,,,,,
"""26""",88,88,6836,Morris,512344373,2026-07-15,"CAD s/p PCI
AICD
HTN
","NSTEMI. hep gtt d.c,. S/p LHC w/ BPA.  Echo completed - pending read. New plavix. ","{""@odata.type"":""#Microsoft.Azure.Connectors.SharePoint.SPListExpandedReference"",""Id"":0,""Value"":""Home No Needs""}",0,,,,[],#Collection(Microsoft.Azure.Connectors.SharePoint.SPListExpandedReference),[],#Collection(Int64),[],#Collection(Microsoft.Azure.Connectors.SharePoint.SPListExpandedReference),[],#Collection(Int64),,,[],#Collection(Microsoft.Azure.Connectors.SharePoint.SPListExpandedReference),[],#Collection(Int64),,,[],#Collection(Microsoft.Azure.Connectors.SharePoint.SPListExpandedReference),[],#Collection(Int64),,,0,2026-07-01T00:18:12Z,False,False,False,False,False,False,2026-07-10,,,"{""@odata.type"":""#Microsoft.Azure.Connectors.SharePoint.SPListExpandedReference"",""Id"":0,""Value"":""Self""}",0,[],#Collection(Microsoft.Azure.Connectors.SharePoint.SPListExpandedReference),[],#Collection(Int64),,,,,False,True,False,False,False,False,False,False,False,False,8.00000000000000,"{""@odata.type"":""#Microsoft.Azure.Connectors.SharePoint.SPListExpandedReference"",""Id"":3,""Value"":""Discharged""}",3,2026-07-19T01:36:14Z,2026-07-01T00:18:12Z,"{""@odata.type"":""#Microsoft.Azure.Connectors.SharePoint.SPListExpandedUser"",""Claims"":""i:0#.f|membership|hsif92@multihosp.net"",""DisplayName"":""Silvestre, Helen"",""Email"":""Helen.Silvestre@AdventHealth.com"",""Picture"":""https://ahsonline.sharepoint.com/sites/group-gt6leadershipteamgroup/_layouts/15/UserPhoto.aspx?Size=L&AccountName=Helen.Silvestre@AdventHealth.com"",""Department"":""ORL PCU Cardiopulmonary"",""JobTitle"":""Registered Nurse""}",i:0#.f|membership|hsif92@multihosp.net,"{""@odata.type"":""#Microsoft.Azure.Connectors.SharePoint.SPListExpandedUser"",""Claims"":""i:0#.f|membership|tjm254@multihosp.net"",""DisplayName"":""Moyer, Ted"",""Email"":""Ted.Moyer@AdventHealth.com"",""Picture"":""https://ahsonline.sharepoint.com/sites/group-gt6leadershipteamgroup/_layouts/15/UserPhoto.aspx?Size=L&AccountName=Ted.Moyer@AdventHealth.com"",""Department"":""ORL PCU Thoracic Pulmonary"",""JobTitle"":""Asst Nurse Mgr""}",i:0#.f|membership|tjm254@multihosp.net,Lists%252fGT6%2bSURGIFLOW%2bCPPCU%252f88_.000,False,"{""Large"":null,""Medium"":null,""Small"":null}",https://ahsonline.sharepoint.com/sites/group-gt6leadershipteamgroup/_layouts/15/listform.aspx?PageType=4&ListId=b1516083%2Da63d%2D4301%2D8686%2D4bd9d64675d3&ID=88&ContentTypeID=0x01009E3859902E23B24FAFFEB1621FDA4832,6836,6836,Lists/GT6 SURGIFLOW CPPCU/,Lists/GT6 SURGIFLOW CPPCU/88_.000,"{""@odata.type"":""#Microsoft.Azure.Connectors.SharePoint.SPListExpandedContentType"",""Id"":""0x01009E3859902E23B24FAFFEB1621FDA4832"",""Name"":""Item""}",0x01009E3859902E23B24FAFFEB1621FDA4832,False,26.0,,Cardona,Chest pain,,,,
"""5""",89,89,6832,Dougher,1320383,2026-07-03,"HLD, AFIB, CAD HTN, HLD","On cardizem PO,  cardioversion on 7/2 1200 ",,,"cardio, attn",,,[],#Collection(Microsoft.Azure.Connectors.SharePoint.SPListExpandedReference),[],#Collection(Int64),"[{""@odata.type"":""#Microsoft.Azure.Connectors.SharePoint.SPListExpandedReference"",""Id"":3,""Value"":""Cardizem""}]",#Collection(Microsoft.Azure.Connectors.SharePoint.SPListExpandedReference),[3],#Collection(Int64),,,[],#Collection(Microsoft.Azure.Connectors.SharePoint.SPListExpandedReference),[],#Collection(Int64),,,[],#Collection(Microsoft.Azure.Connectors.SharePoint.SPListExpandedReference),[],#Collection(Int64),,,0,2026-07-01T04:25:06Z,False,False,False,False,False,False,2026-06-30,,,,,[],#Collection(Microsoft.Azure.Connectors.SharePoint.SPListExpandedReference),[],#Collection(Int64),,,,,False,True,False,False,False,False,False,False,False,False,18.0000000000000,"{""@odata.type"":""#Microsoft.Azure.Connectors.SharePoint.SPListExpandedReference"",""Id"":3,""Value"":""Discharged""}",3,2026-07-19T01:34:04Z,2026-07-01T04:25:06Z,"{""@odata.type"":""#Microsoft.Azure.Connectors.SharePoint.SPListExpandedUser"",""Claims"":""i:0#.f|membership|hsif92@multihosp.net"",""DisplayName"":""Silvestre, Helen"",""Email"":""Helen.Silvestre@AdventHealth.com"",""Picture"":""https://ahsonline.sharepoint.com/sites/group-gt6leadershipteamgroup/_layouts/15/UserPhoto.aspx?Size=L&AccountName=Helen.Silvestre@AdventHealth.com"",""Department"":""ORL PCU Cardiopulmonary"",""JobTitle"":""Registered Nurse""}",i:0#.f|membership|hsif92@multihosp.net,"{""@odata.type"":""#Microsoft.Azure.Connectors.SharePoint.SPListExpandedUser"",""Claims"":""i:0#.f|membership|tjm254@multihosp.net"",""DisplayName"":""Moyer, Ted"",""Email"":""Ted.Moyer@AdventHealth.com"",""Picture"":""https://ahsonline.sharepoint.com/sites/group-gt6leadershipteamgroup/_layouts/15/UserPhoto.aspx?Size=L&AccountName=Ted.Moyer@AdventHealth.com"",""Department"":""ORL PCU Thoracic Pulmonary"",""JobTitle"":""Asst Nurse Mgr""}",i:0#.f|membership|tjm254@multihosp.net,Lists%252fGT6%2bSURGIFLOW%2bCPPCU%252f89_.000,False,"{""Large"":null,""Medium"":null,""Small"":null}",https://ahsonline.sharepoint.com/sites/group-gt6leadershipteamgroup/_layouts/15/listform.aspx?PageType=4&ListId=b1516083%2Da63d%2D4301%2D8686%2D4bd9d64675d3&ID=89&ContentTypeID=0x01009E3859902E23B24FAFFEB1621FDA4832,6832,6832,Lists/GT6 SURGIFLOW CPPCU/,Lists/GT6 SURGIFLOW CPPCU/89_.000,"{""@odata.type"":""#Microsoft.Azure.Connectors.SharePoint.SPListExpandedContentType"",""Id"":""0x01009E3859902E23B24FAFFEB1621FDA4832"",""Name"":""Item""}",0x01009E3859902E23B24FAFFEB1621FDA4832,False,5.0,,,AFBI RVR,,,,
"""21""",93,93,6828,Arroyo Morales,33488173,2026-07-10,"S/P LHC with TR band. HD 2.5l removed. TTS. wean o2. at RA, Baseline RA. ","D/c groin sutures pending, needs 6MWT for d/c. On hep Subq. needs AC for home. BC NTD. HD overnight.  repeat echo pending. IV 40 mg BID. IV abx 7/11. ","{""@odata.type"":""#Microsoft.Azure.Connectors.SharePoint.SPListExpandedReference"",""Id"":2,""Value"":""HHC DME""}",2,"cardio, nephro, lung tx, CTS. ",,,[],#Collection(Microsoft.Azure.Connectors.SharePoint.SPListExpandedReference),[],#Collection(Int64),[],#Collection(Microsoft.Azure.Connectors.SharePoint.SPListExpandedReference),[],#Collection(Int64),,,[],#Collection(Microsoft.Azure.Connectors.SharePoint.SPListExpandedReference),[],#Collection(Int64),,,[],#Collection(Microsoft.Azure.Connectors.SharePoint.SPListExpandedReference),[],#Collection(Int64),,,0,2026-07-01T22:42:53Z,False,False,False,False,False,False,,,,,,[],#Collection(Microsoft.Azure.Connectors.SharePoint.SPListExpandedReference),[],#Collection(Int64),,,,,False,False,False,False,False,False,False,False,False,False,46221.0000000000,"{""@odata.type"":""#Microsoft.Azure.Connectors.SharePoint.SPListExpandedReference"",""Id"":3,""Value"":""Discharged""}",3,2026-07-19T01:34:22Z,2026-07-01T22:42:53Z,"{""@odata.type"":""#Microsoft.Azure.Connectors.SharePoint.SPListExpandedUser"",""Claims"":""i:0#.f|membership|ssmc7a@multihosp.net"",""DisplayName"":""Smith, Shayla"",""Email"":""Shayla.Smith@AdventHealth.com"",""Picture"":""https://ahsonline.sharepoint.com/sites/group-gt6leadershipteamgroup/_layouts/15/UserPhoto.aspx?Size=L&AccountName=Shayla.Smith@AdventHealth.com"",""Department"":""ORL PCU Cardiopulmonary"",""JobTitle"":""Asst Nurse Mgr""}",i:0#.f|membership|ssmc7a@multihosp.net,"{""@odata.type"":""#Microsoft.Azure.Connectors.SharePoint.SPListExpandedUser"",""Claims"":""i:0#.f|membership|tjm254@multihosp.net"",""DisplayName"":""Moyer, Ted"",""Email"":""Ted.Moyer@AdventHealth.com"",""Picture"":""https://ahsonline.sharepoint.com/sites/group-gt6leadershipteamgroup/_layouts/15/UserPhoto.aspx?Size=L&AccountName=Ted.Moyer@AdventHealth.com"",""Department"":""ORL PCU Thoracic Pulmonary"",""JobTitle"":""Asst Nurse Mgr""}",i:0#.f|membership|tjm254@multihosp.net,Lists%252fGT6%2bSURGIFLOW%2bCPPCU%252f93_.000,False,"{""Large"":null,""Medium"":null,""Small"":null}",https://ahsonline.sharepoint.com/sites/group-gt6leadershipteamgroup/_layouts/15/listform.aspx?PageType=4&ListId=b1516083%2Da63d%2D4301%2D8686%2D4bd9d64675d3&ID=93&ContentTypeID=0x01009E3859902E23B24FAFFEB1621FDA4832,6828,6828,Lists/GT6 SURGIFLOW CPPCU/,Lists/GT6 SURGIFLOW CPPCU/93_.000,"{""@odata.type"":""#Microsoft.Azure.Connectors.SharePoint.SPListExpandedContentType"",""Id"":""0x01009E3859902E23B24FAFFEB1621FDA4832"",""Name"":""Item""}",0x01009E3859902E23B24FAFFEB1621FDA4832,False,21.0,,,,,,,
"""2""",94,94,6837,,,,,,,,,,,"[{""@odata.type"":""#Microsoft.Azure.Connectors.SharePoint.SPListExpandedReference"",""Id"":4,""Value"":""None""}]",#Collection(Microsoft.Azure.Connectors.SharePoint.SPListExpandedReference),[4],#Collection(Int64),[],#Collection(Microsoft.Azure.Connectors.SharePoint.SPListExpandedReference),[],#Collection(Int64),,,[],#Collection(Microsoft.Azure.Connectors.SharePoint.SPListExpandedReference),[],#Collection(Int64),,,[],#Collection(Microsoft.Azure.Connectors.SharePoint.SPListExpandedReference),[],#Collection(Int64),,,0,2026-07-01T22:45:38Z,False,False,False,False,False,False,,,,,,[],#Collection(Microsoft.Azure.Connectors.SharePoint.SPListExpandedReference),[],#Collection(Int64),,,,,False,True,False,False,False,False,False,False,False,False,46221.0000000000,"{""@odata.type"":""#Microsoft.Azure.Connectors.SharePoint.SPListExpandedReference"",""Id"":3,""Value"":""Discharged""}",3,2026-07-19T01:33:31Z,2026-07-01T22:45:38Z,"{""@odata.type"":""#Microsoft.Azure.Connectors.SharePoint.SPListExpandedUser"",""Claims"":""i:0#.f|membership|ssmc7a@multihosp.net"",""DisplayName"":""Smith, Shayla"",""Email"":""Shayla.Smith@AdventHealth.com"",""Picture"":""https://ahsonline.sharepoint.com/sites/group-gt6leadershipteamgroup/_layouts/15/UserPhoto.aspx?Size=L&AccountName=Shayla.Smith@AdventHealth.com"",""Department"":""ORL PCU Cardiopulmonary"",""JobTitle"":""Asst Nurse Mgr""}",i:0#.f|membership|ssmc7a@multihosp.net,"{""@odata.type"":""#Microsoft.Azure.Connectors.SharePoint.SPListExpandedUser"",""Claims"":""i:0#.f|membership|tjm254@multihosp.net"",""DisplayName"":""Moyer, Ted"",""Email"":""Ted.Moyer@AdventHealth.com"",""Picture"":""https://ahsonline.sharepoint.com/sites/group-gt6leadershipteamgroup/_layouts/15/UserPhoto.aspx?Size=L&AccountName=Ted.Moyer@AdventHealth.com"",""Department"":""ORL PCU Thoracic Pulmonary"",""JobTitle"":""Asst Nurse Mgr""}",i:0#.f|membership|tjm254@multihosp.net,Lists%252fGT6%2bSURGIFLOW%2bCPPCU%252f94_.000,False,"{""Large"":null,""Medium"":null,""Small"":null}",https://ahsonline.sharepoint.com/sites/group-gt6leadershipteamgroup/_layouts/15/listform.aspx?PageType=4&ListId=b1516083%2Da63d%2D4301%2D8686%2D4bd9d64675d3&ID=94&ContentTypeID=0x01009E3859902E23B24FAFFEB1621FDA4832,6837,6837,Lists/GT6 SURGIFLOW CPPCU/,Lists/GT6 SURGIFLOW CPPCU/94_.000,"{""@odata.type"":""#Microsoft.Azure.Connectors.SharePoint.SPListExpandedContentType"",""Id"":""0x01009E3859902E23B24FAFFEB1621FDA4832"",""Name"":""Item""}",0x01009E3859902E23B24FAFFEB1621FDA4832,False,2.0,,,,,,,
"""2""",95,95,6837,,,,,,,,,,,"[{""@odata.type"":""#Microsoft.Azure.Connectors.SharePoint.SPListExpandedReference"",""Id"":4,""Value"":""None""}]",#Collection(Microsoft.Azure.Connectors.SharePoint.SPListExpandedReference),[4],#Collection(Int64),[],#Collection(Microsoft.Azure.Connectors.SharePoint.SPListExpandedReference),[],#Collection(Int64),,,[],#Collection(Microsoft.Azure.Connectors.SharePoint.SPListExpandedReference),[],#Collection(Int64),,,[],#Collection(Microsoft.Azure.Connectors.SharePoint.SPListExpandedReference),[],#Collection(Int64),,,0,2026-07-01T22:46:05Z,False,False,False,False,False,False,,,,,,[],#Collection(Microsoft.Azure.Connectors.SharePoint.SPListExpandedReference),[],#Collection(Int64),,,,,False,True,False,False,False,False,False,False,False,False,46221.0000000000,"{""@odata.type"":""#Microsoft.Azure.Connectors.SharePoint.SPListExpandedReference"",""Id"":3,""Value"":""Discharged""}",3,2026-07-19T01:33:35Z,2026-07-01T22:46:05Z,"{""@odata.type"":""#Microsoft.Azure.Connectors.SharePoint.SPListExpandedUser"",""Claims"":""i:0#.f|membership|ssmc7a@multihosp.net"",""DisplayName"":""Smith, Shayla"",""Email"":""Shayla.Smith@AdventHealth.com"",""Picture"":""https://ahsonline.sharepoint.com/sites/group-gt6leadershipteamgroup/_layouts/15/UserPhoto.aspx?Size=L&AccountName=Shayla.Smith@AdventHealth.com"",""Department"":""ORL PCU Cardiopulmonary"",""JobTitle"":""Asst Nurse Mgr""}",i:0#.f|membership|ssmc7a@multihosp.net,"{""@odata.type"":""#Microsoft.Azure.Connectors.SharePoint.SPListExpandedUser"",""Claims"":""i:0#.f|membership|tjm254@multihosp.net"",""DisplayName"":""Moyer, Ted"",""Email"":""Ted.Moyer@AdventHealth.com"",""Picture"":""https://ahsonline.sharepoint.com/sites/group-gt6leadershipteamgroup/_layouts/15/UserPhoto.aspx?Size=L&AccountName=Ted.Moyer@AdventHealth.com"",""Department"":""ORL PCU Thoracic Pulmonary"",""JobTitle"":""Asst Nurse Mgr""}",i:0#.f|membership|tjm254@multihosp.net,Lists%252fGT6%2bSURGIFLOW%2bCPPCU%252f95_.000,False,"{""Large"":null,""Medium"":null,""Small"":null}",https://ahsonline.sharepoint.com/sites/group-gt6leadershipteamgroup/_layouts/15/listform.aspx?PageType=4&ListId=b1516083%2Da63d%2D4301%2D8686%2D4bd9d64675d3&ID=95&ContentTypeID=0x01009E3859902E23B24FAFFEB1621FDA4832,6837,6837,Lists/GT6 SURGIFLOW CPPCU/,Lists/GT6 SURGIFLOW CPPCU/95_.000,"{""@odata.type"":""#Microsoft.Azure.Connectors.SharePoint.SPListExpandedContentType"",""Id"":""0x01009E3859902E23B24FAFFEB1621FDA4832"",""Name"":""Item""}",0x01009E3859902E23B24FAFFEB1621FDA4832,False,2.0,,,,,,,
"""14""",96,96,6837,Zeh,39127544,2026-07-11,"S/P LHC, new CTS consult for CABG vs AVR, new nephro consult Poss 2nd HR PCI. SHM pending decision","LHC on 6/29 CAD, CTS for CABG/TAVR . TTE done, Eliquis on hold.  Panorex w/ cavity - oral sx consulted. Nephro cleared for CABG not for PCI need to follow up. high risk PCI 7/9 . will need dental extraction if planning for TAVR/AVR.",,,CTS/Nephro/Attend,,,[],#Collection(Microsoft.Azure.Connectors.SharePoint.SPListExpandedReference),[],#Collection(Int64),[],#Collection(Microsoft.Azure.Connectors.SharePoint.SPListExpandedReference),[],#Collection(Int64),,,[],#Collection(Microsoft.Azure.Connectors.SharePoint.SPListExpandedReference),[],#Collection(Int64),,,[],#Collection(Microsoft.Azure.Connectors.SharePoint.SPListExpandedReference),[],#Collection(Int64),,,0,2026-07-01T22:46:25Z,False,False,False,False,False,False,2026-06-29,,,,,[],#Collection(Microsoft.Azure.Connectors.SharePoint.SPListExpandedReference),[],#Collection(Int64),,,,,False,True,False,False,False,False,False,False,False,False,19.0000000000000,"{""@odata.type"":""#Microsoft.Azure.Connectors.SharePoint.SPListExpandedReference"",""Id"":3,""Value"":""Discharged""}",3,2026-07-19T01:34:23Z,2026-07-01T22:46:25Z,"{""@odata.type"":""#Microsoft.Azure.Connectors.SharePoint.SPListExpandedUser"",""Claims"":""i:0#.f|membership|ssmc7a@multihosp.net"",""DisplayName"":""Smith, Shayla"",""Email"":""Shayla.Smith@AdventHealth.com"",""Picture"":""https://ahsonline.sharepoint.com/sites/group-gt6leadershipteamgroup/_layouts/15/UserPhoto.aspx?Size=L&AccountName=Shayla.Smith@AdventHealth.com"",""Department"":""ORL PCU Cardiopulmonary"",""JobTitle"":""Asst Nurse Mgr""}",i:0#.f|membership|ssmc7a@multihosp.net,"{""@odata.type"":""#Microsoft.Azure.Connectors.SharePoint.SPListExpandedUser"",""Claims"":""i:0#.f|membership|tjm254@multihosp.net"",""DisplayName"":""Moyer, Ted"",""Email"":""Ted.Moyer@AdventHealth.com"",""Picture"":""https://ahsonline.sharepoint.com/sites/group-gt6leadershipteamgroup/_layouts/15/UserPhoto.aspx?Size=L&AccountName=Ted.Moyer@AdventHealth.com"",""Department"":""ORL PCU Thoracic Pulmonary"",""JobTitle"":""Asst Nurse Mgr""}",i:0#.f|membership|tjm254@multihosp.net,Lists%252fGT6%2bSURGIFLOW%2bCPPCU%252f96_.000,False,"{""Large"":null,""Medium"":null,""Small"":null}",https://ahsonline.sharepoint.com/sites/group-gt6leadershipteamgroup/_layouts/15/listform.aspx?PageType=4&ListId=b1516083%2Da63d%2D4301%2D8686%2D4bd9d64675d3&ID=96&ContentTypeID=0x01009E3859902E23B24FAFFEB1621FDA4832,6837,6837,Lists/GT6 SURGIFLOW CPPCU/,Lists/GT6 SURGIFLOW CPPCU/96_.000,"{""@odata.type"":""#Microsoft.Azure.Connectors.SharePoint.SPListExpandedContentType"",""Id"":""0x01009E3859902E23B24FAFFEB1621FDA4832"",""Name"":""Item""}",0x01009E3859902E23B24FAFFEB1621FDA4832,False,14.0,,,,high risk PCI? TAVR?,,,
"""22""",97,97,6802,Kugler,511701514,2026-07-11,"PPM, Ablation 7/8 Zosyn until 7/7, Pul/cardio/ID consulted","IV lasix BID, IV abx 7/9. s/p ablation 7/8. PPM adjustment? s/p Fiberoptic endoscopic swallowing w/ ENT--s/o 7/7 AM. Anxious and refusing to take PO Meds.","{""@odata.type"":""#Microsoft.Azure.Connectors.SharePoint.SPListExpandedReference"",""Id"":0,""Value"":""Home No Needs""}",0,"AHF, Pulm, Cardio ",,,[],#Collection(Microsoft.Azure.Connectors.SharePoint.SPListExpandedReference),[],#Collection(Int64),[],#Collection(Microsoft.Azure.Connectors.SharePoint.SPListExpandedReference),[],#Collection(Int64),,,[],#Collection(Microsoft.Azure.Connectors.SharePoint.SPListExpandedReference),[],#Collection(Int64),,,[],#Collection(Microsoft.Azure.Connectors.SharePoint.SPListExpandedReference),[],#Collection(Int64),,,0,2026-07-02T04:12:25Z,False,False,False,False,False,False,2026-07-02,,,,,[],#Collection(Microsoft.Azure.Connectors.SharePoint.SPListExpandedReference),[],#Collection(Int64),,,,,False,True,False,False,False,False,False,False,False,False,16.0000000000000,"{""@odata.type"":""#Microsoft.Azure.Connectors.SharePoint.SPListExpandedReference"",""Id"":3,""Value"":""Discharged""}",3,2026-07-19T01:34:56Z,2026-07-02T04:12:25Z,"{""@odata.type"":""#Microsoft.Azure.Connectors.SharePoint.SPListExpandedUser"",""Claims"":""i:0#.f|membership|ssmc7a@multihosp.net"",""DisplayName"":""Smith, Shayla"",""Email"":""Shayla.Smith@AdventHealth.com"",""Picture"":""https://ahsonline.sharepoint.com/sites/group-gt6leadershipteamgroup/_layouts/15/UserPhoto.aspx?Size=L&AccountName=Shayla.Smith@AdventHealth.com"",""Department"":""ORL PCU Cardiopulmonary"",""JobTitle"":""Asst Nurse Mgr""}",i:0#.f|membership|ssmc7a@multihosp.net,"{""@odata.type"":""#Microsoft.Azure.Connectors.SharePoint.SPListExpandedUser"",""Claims"":""i:0#.f|membership|tjm254@multihosp.net"",""DisplayName"":""Moyer, Ted"",""Email"":""Ted.Moyer@AdventHealth.com"",""Picture"":""https://ahsonline.sharepoint.com/sites/group-gt6leadershipteamgroup/_layouts/15/UserPhoto.aspx?Size=L&AccountName=Ted.Moyer@AdventHealth.com"",""Department"":""ORL PCU Thoracic Pulmonary"",""JobTitle"":""Asst Nurse Mgr""}",i:0#.f|membership|tjm254@multihosp.net,Lists%252fGT6%2bSURGIFLOW%2bCPPCU%252f97_.000,False,"{""Large"":null,""Medium"":null,""Small"":null}",https://ahsonline.sharepoint.com/sites/group-gt6leadershipteamgroup/_layouts/15/listform.aspx?PageType=4&ListId=b1516083%2Da63d%2D4301%2D8686%2D4bd9d64675d3&ID=97&ContentTypeID=0x01009E3859902E23B24FAFFEB1621FDA4832,6802,6802,Lists/GT6 SURGIFLOW CPPCU/,Lists/GT6 SURGIFLOW CPPCU/97_.000,"{""@odata.type"":""#Microsoft.Azure.Connectors.SharePoint.SPListExpandedContentType"",""Id"":""0x01009E3859902E23B24FAFFEB1621FDA4832"",""Name"":""Item""}",0x01009E3859902E23B24FAFFEB1621FDA4832,False,22.0,"HHC, orders in. ",Almusa,,,,,
"""2""",98,98,6805,Moore ,512296542,2026-07-03,NKH,S/p HC with PCI. Starting on ASA and Brilinta ,"{""@odata.type"":""#Microsoft.Azure.Connectors.SharePoint.SPListExpandedReference"",""Id"":0,""Value"":""Home No Needs""}",0,,,,"[{""@odata.type"":""#Microsoft.Azure.Connectors.SharePoint.SPListExpandedReference"",""Id"":4,""Value"":""None""}]",#Collection(Microsoft.Azure.Connectors.SharePoint.SPListExpandedReference),[4],#Collection(Int64),[],#Collection(Microsoft.Azure.Connectors.SharePoint.SPListExpandedReference),[],#Collection(Int64),,,[],#Collection(Microsoft.Azure.Connectors.SharePoint.SPListExpandedReference),[],#Collection(Int64),,,[],#Collection(Microsoft.Azure.Connectors.SharePoint.SPListExpandedReference),[],#Collection(Int64),,,0,2026-07-02T04:16:09Z,False,False,False,False,False,False,2026-06-29,,,,,[],#Collection(Microsoft.Azure.Connectors.SharePoint.SPListExpandedReference),[],#Collection(Int64),,,,,False,True,False,False,False,False,False,False,False,False,19.0000000000000,"{""@odata.type"":""#Microsoft.Azure.Connectors.SharePoint.SPListExpandedReference"",""Id"":3,""Value"":""Discharged""}",3,2026-07-19T01:33:38Z,2026-07-02T04:16:09Z,"{""@odata.type"":""#Microsoft.Azure.Connectors.SharePoint.SPListExpandedUser"",""Claims"":""i:0#.f|membership|ssmc7a@multihosp.net"",""DisplayName"":""Smith, Shayla"",""Email"":""Shayla.Smith@AdventHealth.com"",""Picture"":""https://ahsonline.sharepoint.com/sites/group-gt6leadershipteamgroup/_layouts/15/UserPhoto.aspx?Size=L&AccountName=Shayla.Smith@AdventHealth.com"",""Department"":""ORL PCU Cardiopulmonary"",""JobTitle"":""Asst Nurse Mgr""}",i:0#.f|membership|ssmc7a@multihosp.net,"{""@odata.type"":""#Microsoft.Azure.Connectors.SharePoint.SPListExpandedUser"",""Claims"":""i:0#.f|membership|tjm254@multihosp.net"",""DisplayName"":""Moyer, Ted"",""Email"":""Ted.Moyer@AdventHealth.com"",""Picture"":""https://ahsonline.sharepoint.com/sites/group-gt6leadershipteamgroup/_layouts/15/UserPhoto.aspx?Size=L&AccountName=Ted.Moyer@AdventHealth.com"",""Department"":""ORL PCU Thoracic Pulmonary"",""JobTitle"":""Asst Nurse Mgr""}",i:0#.f|membership|tjm254@multihosp.net,Lists%252fGT6%2bSURGIFLOW%2bCPPCU%252f98_.000,False,"{""Large"":null,""Medium"":null,""Small"":null}",https://ahsonline.sharepoint.com/sites/group-gt6leadershipteamgroup/_layouts/15/listform.aspx?PageType=4&ListId=b1516083%2Da63d%2D4301%2D8686%2D4bd9d64675d3&ID=98&ContentTypeID=0x01009E3859902E23B24FAFFEB1621FDA4832,6805,6805,Lists/GT6 SURGIFLOW CPPCU/,Lists/GT6 SURGIFLOW CPPCU/98_.000,"{""@odata.type"":""#Microsoft.Azure.Connectors.SharePoint.SPListExpandedContentType"",""Id"":""0x01009E3859902E23B24FAFFEB1621FDA4832"",""Name"":""Item""}",0x01009E3859902E23B24FAFFEB1621FDA4832,False,2.0,,Condron,,,,,
"""3""",100,100,6818,,,,,,,,,,,[],#Collection(Microsoft.Azure.Connectors.SharePoint.SPListExpandedReference),[],#Collection(Int64),[],#Collection(Microsoft.Azure.Connectors.SharePoint.SPListExpandedReference),[],#Collection(Int64),,,[],#Collection(Microsoft.Azure.Connectors.SharePoint.SPListExpandedReference),[],#Collection(Int64),,,[],#Collection(Microsoft.Azure.Connectors.SharePoint.SPListExpandedReference),[],#Collection(Int64),,,0,2026-07-02T06:24:00Z,False,False,False,False,False,False,,,,,,[],#Collection(Microsoft.Azure.Connectors.SharePoint.SPListExpandedReference),[],#Collection(Int64),,,,,False,True,False,False,False,False,False,False,False,False,46221.0000000000,"{""@odata.type"":""#Microsoft.Azure.Connectors.SharePoint.SPListExpandedReference"",""Id"":3,""Value"":""Discharged""}",3,2026-07-19T01:33:36Z,2026-07-02T06:24:48Z,"{""@odata.type"":""#Microsoft.Azure.Connectors.SharePoint.SPListExpandedUser"",""Claims"":""i:0#.f|membership|ssmc7a@multihosp.net"",""DisplayName"":""Smith, Shayla"",""Email"":""Shayla.Smith@AdventHealth.com"",""Picture"":""https://ahsonline.sharepoint.com/sites/group-gt6leadershipteamgroup/_layouts/15/UserPhoto.aspx?Size=L&AccountName=Shayla.Smith@AdventHealth.com"",""Department"":""ORL PCU Cardiopulmonary"",""JobTitle"":""Asst Nurse Mgr""}",i:0#.f|membership|ssmc7a@multihosp.net,"{""@odata.type"":""#Microsoft.Azure.Connectors.SharePoint.SPListExpandedUser"",""Claims"":""i:0#.f|membership|tjm254@multihosp.net"",""DisplayName"":""Moyer, Ted"",""Email"":""Ted.Moyer@AdventHealth.com"",""Picture"":""https://ahsonline.sharepoint.com/sites/group-gt6leadershipteamgroup/_layouts/15/UserPhoto.aspx?Size=L&AccountName=Ted.Moyer@AdventHealth.com"",""Department"":""ORL PCU Thoracic Pulmonary"",""JobTitle"":""Asst Nurse Mgr""}",i:0#.f|membership|tjm254@multihosp.net,Lists%252fGT6%2bSURGIFLOW%2bCPPCU%252f100_.000,False,"{""Large"":null,""Medium"":null,""Small"":null}",https://ahsonline.sharepoint.com/sites/group-gt6leadershipteamgroup/_layouts/15/listform.aspx?PageType=4&ListId=b1516083%2Da63d%2D4301%2D8686%2D4bd9d64675d3&ID=100&ContentTypeID=0x01009E3859902E23B24FAFFEB1621FDA4832,6818,6818,Lists/GT6 SURGIFLOW CPPCU/,Lists/GT6 SURGIFLOW CPPCU/100_.000,"{""@odata.type"":""#Microsoft.Azure.Connectors.SharePoint.SPListExpandedContentType"",""Id"":""0x01009E3859902E23B24FAFFEB1621FDA4832"",""Name"":""Item""}",0x01009E3859902E23B24FAFFEB1621FDA4832,False,3.0,,,,,,,
"""8""",101,101,6818,Wohlfarth,502293280,2026-07-07,Rotablation on 7/3 w/Weinstock at 1200. S/P 2 days LHC. ,S/p LHC w/ PCI to RCA 7/3. New Brilinta. Ortho negative. Second portion of PCI poss Mon. Orthos recheck neg.,,,,,,[],#Collection(Microsoft.Azure.Connectors.SharePoint.SPListExpandedReference),[],#Collection(Int64),[],#Collection(Microsoft.Azure.Connectors.SharePoint.SPListExpandedReference),[],#Collection(Int64),,,[],#Collection(Microsoft.Azure.Connectors.SharePoint.SPListExpandedReference),[],#Collection(Int64),,,[],#Collection(Microsoft.Azure.Connectors.SharePoint.SPListExpandedReference),[],#Collection(Int64),,,0,2026-07-02T06:31:00Z,False,False,False,False,False,False,,,,,,[],#Collection(Microsoft.Azure.Connectors.SharePoint.SPListExpandedReference),[],#Collection(Int64),,,,,False,True,False,False,False,False,False,False,False,False,46221.0000000000,"{""@odata.type"":""#Microsoft.Azure.Connectors.SharePoint.SPListExpandedReference"",""Id"":3,""Value"":""Discharged""}",3,2026-07-19T01:34:29Z,2026-07-02T06:31:12Z,"{""@odata.type"":""#Microsoft.Azure.Connectors.SharePoint.SPListExpandedUser"",""Claims"":""i:0#.f|membership|ssmc7a@multihosp.net"",""DisplayName"":""Smith, Shayla"",""Email"":""Shayla.Smith@AdventHealth.com"",""Picture"":""https://ahsonline.sharepoint.com/sites/group-gt6leadershipteamgroup/_layouts/15/UserPhoto.aspx?Size=L&AccountName=Shayla.Smith@AdventHealth.com"",""Department"":""ORL PCU Cardiopulmonary"",""JobTitle"":""Asst Nurse Mgr""}",i:0#.f|membership|ssmc7a@multihosp.net,"{""@odata.type"":""#Microsoft.Azure.Connectors.SharePoint.SPListExpandedUser"",""Claims"":""i:0#.f|membership|tjm254@multihosp.net"",""DisplayName"":""Moyer, Ted"",""Email"":""Ted.Moyer@AdventHealth.com"",""Picture"":""https://ahsonline.sharepoint.com/sites/group-gt6leadershipteamgroup/_layouts/15/UserPhoto.aspx?Size=L&AccountName=Ted.Moyer@AdventHealth.com"",""Department"":""ORL PCU Thoracic Pulmonary"",""JobTitle"":""Asst Nurse Mgr""}",i:0#.f|membership|tjm254@multihosp.net,Lists%252fGT6%2bSURGIFLOW%2bCPPCU%252f101_.000,False,"{""Large"":null,""Medium"":null,""Small"":null}",https://ahsonline.sharepoint.com/sites/group-gt6leadershipteamgroup/_layouts/15/listform.aspx?PageType=4&ListId=b1516083%2Da63d%2D4301%2D8686%2D4bd9d64675d3&ID=101&ContentTypeID=0x01009E3859902E23B24FAFFEB1621FDA4832,6818,6818,Lists/GT6 SURGIFLOW CPPCU/,Lists/GT6 SURGIFLOW CPPCU/101_.000,"{""@odata.type"":""#Microsoft.Azure.Connectors.SharePoint.SPListExpandedContentType"",""Id"":""0x01009E3859902E23B24FAFFEB1621FDA4832"",""Name"":""Item""}",0x01009E3859902E23B24FAFFEB1621FDA4832,False,8.0,,,,,,,
"""9""",102,102,6804,Wells ,506313188,2026-07-04,DA for stat cMRI,"myopericarditis, Blood clots on eliquis. pending repeat cMRI for POC at 10-12- just needs to be completed.","{""@odata.type"":""#Microsoft.Azure.Connectors.SharePoint.SPListExpandedReference"",""Id"":0,""Value"":""Home No Needs""}",0,"cardio, attn ",,,[],#Collection(Microsoft.Azure.Connectors.SharePoint.SPListExpandedReference),[],#Collection(Int64),[],#Collection(Microsoft.Azure.Connectors.SharePoint.SPListExpandedReference),[],#Collection(Int64),,,[],#Collection(Microsoft.Azure.Connectors.SharePoint.SPListExpandedReference),[],#Collection(Int64),,,[],#Collection(Microsoft.Azure.Connectors.SharePoint.SPListExpandedReference),[],#Collection(Int64),,,0,2026-07-02T22:21:15Z,False,False,False,False,False,False,2026-07-02,,,"{""@odata.type"":""#Microsoft.Azure.Connectors.SharePoint.SPListExpandedReference"",""Id"":0,""Value"":""Self""}",0,[],#Collection(Microsoft.Azure.Connectors.SharePoint.SPListExpandedReference),[],#Collection(Int64),,,,,False,True,False,False,False,False,False,False,False,False,16.0000000000000,"{""@odata.type"":""#Microsoft.Azure.Connectors.SharePoint.SPListExpandedReference"",""Id"":3,""Value"":""Discharged""}",3,2026-07-19T01:34:24Z,2026-07-02T22:21:15Z,"{""@odata.type"":""#Microsoft.Azure.Connectors.SharePoint.SPListExpandedUser"",""Claims"":""i:0#.f|membership|ssmc7a@multihosp.net"",""DisplayName"":""Smith, Shayla"",""Email"":""Shayla.Smith@AdventHealth.com"",""Picture"":""https://ahsonline.sharepoint.com/sites/group-gt6leadershipteamgroup/_layouts/15/UserPhoto.aspx?Size=L&AccountName=Shayla.Smith@AdventHealth.com"",""Department"":""ORL PCU Cardiopulmonary"",""JobTitle"":""Asst Nurse Mgr""}",i:0#.f|membership|ssmc7a@multihosp.net,"{""@odata.type"":""#Microsoft.Azure.Connectors.SharePoint.SPListExpandedUser"",""Claims"":""i:0#.f|membership|tjm254@multihosp.net"",""DisplayName"":""Moyer, Ted"",""Email"":""Ted.Moyer@AdventHealth.com"",""Picture"":""https://ahsonline.sharepoint.com/sites/group-gt6leadershipteamgroup/_layouts/15/UserPhoto.aspx?Size=L&AccountName=Ted.Moyer@AdventHealth.com"",""Department"":""ORL PCU Thoracic Pulmonary"",""JobTitle"":""Asst Nurse Mgr""}",i:0#.f|membership|tjm254@multihosp.net,Lists%252fGT6%2bSURGIFLOW%2bCPPCU%252f102_.000,False,"{""Large"":null,""Medium"":null,""Small"":null}",https://ahsonline.sharepoint.com/sites/group-gt6leadershipteamgroup/_layouts/15/listform.aspx?PageType=4&ListId=b1516083%2Da63d%2D4301%2D8686%2D4bd9d64675d3&ID=102&ContentTypeID=0x01009E3859902E23B24FAFFEB1621FDA4832,6804,6804,Lists/GT6 SURGIFLOW CPPCU/,Lists/GT6 SURGIFLOW CPPCU/102_.000,"{""@odata.type"":""#Microsoft.Azure.Connectors.SharePoint.SPListExpandedContentType"",""Id"":""0x01009E3859902E23B24FAFFEB1621FDA4832"",""Name"":""Item""}",0x01009E3859902E23B24FAFFEB1621FDA4832,False,9.0,,,,,,,
"""7""",103,103,6805,Mohr,502202679,2026-07-03,"s/p PM, from WP ","S/P PPM Medtronic on 7/2, bed rest 6 hours. HOH requires hearing aids, also blind in right eye, diminished sight in left eye. Pend. clearances for d/c to ALF.","{""@odata.type"":""#Microsoft.Azure.Connectors.SharePoint.SPListExpandedReference"",""Id"":10,""Value"":""ALF""}",10,,,,[],#Collection(Microsoft.Azure.Connectors.SharePoint.SPListExpandedReference),[],#Collection(Int64),[],#Collection(Microsoft.Azure.Connectors.SharePoint.SPListExpandedReference),[],#Collection(Int64),,,[],#Collection(Microsoft.Azure.Connectors.SharePoint.SPListExpandedReference),[],#Collection(Int64),,,[],#Collection(Microsoft.Azure.Connectors.SharePoint.SPListExpandedReference),[],#Collection(Int64),,,0,2026-07-02T22:21:59Z,False,False,False,False,False,False,,,,,,[],#Collection(Microsoft.Azure.Connectors.SharePoint.SPListExpandedReference),[],#Collection(Int64),,,,,False,True,False,False,False,False,False,False,False,False,46221.0000000000,"{""@odata.type"":""#Microsoft.Azure.Connectors.SharePoint.SPListExpandedReference"",""Id"":3,""Value"":""Discharged""}",3,2026-07-19T01:33:45Z,2026-07-02T22:21:59Z,"{""@odata.type"":""#Microsoft.Azure.Connectors.SharePoint.SPListExpandedUser"",""Claims"":""i:0#.f|membership|ssmc7a@multihosp.net"",""DisplayName"":""Smith, Shayla"",""Email"":""Shayla.Smith@AdventHealth.com"",""Picture"":""https://ahsonline.sharepoint.com/sites/group-gt6leadershipteamgroup/_layouts/15/UserPhoto.aspx?Size=L&AccountName=Shayla.Smith@AdventHealth.com"",""Department"":""ORL PCU Cardiopulmonary"",""JobTitle"":""Asst Nurse Mgr""}",i:0#.f|membership|ssmc7a@multihosp.net,"{""@odata.type"":""#Microsoft.Azure.Connectors.SharePoint.SPListExpandedUser"",""Claims"":""i:0#.f|membership|tjm254@multihosp.net"",""DisplayName"":""Moyer, Ted"",""Email"":""Ted.Moyer@AdventHealth.com"",""Picture"":""https://ahsonline.sharepoint.com/sites/group-gt6leadershipteamgroup/_layouts/15/UserPhoto.aspx?Size=L&AccountName=Ted.Moyer@AdventHealth.com"",""Department"":""ORL PCU Thoracic Pulmonary"",""JobTitle"":""Asst Nurse Mgr""}",i:0#.f|membership|tjm254@multihosp.net,Lists%252fGT6%2bSURGIFLOW%2bCPPCU%252f103_.000,False,"{""Large"":null,""Medium"":null,""Small"":null}",https://ahsonline.sharepoint.com/sites/group-gt6leadershipteamgroup/_layouts/15/listform.aspx?PageType=4&ListId=b1516083%2Da63d%2D4301%2D8686%2D4bd9d64675d3&ID=103&ContentTypeID=0x01009E3859902E23B24FAFFEB1621FDA4832,6805,6805,Lists/GT6 SURGIFLOW CPPCU/,Lists/GT6 SURGIFLOW CPPCU/103_.000,"{""@odata.type"":""#Microsoft.Azure.Connectors.SharePoint.SPListExpandedContentType"",""Id"":""0x01009E3859902E23B24FAFFEB1621FDA4832"",""Name"":""Item""}",0x01009E3859902E23B24FAFFEB1621FDA4832,False,7.0,,,,from ,,,
"""17""",104,104,6806,Cornielle ,22376396,2026-07-08,S/P Leadless PPM w/Mondal. Pending SNF auth,"UA elevated - IV abx completed. Cardio and ortho s/o, BP meds being adjusted. Pending SNF placement and auth, daughter to make choice.  3008????","{""@odata.type"":""#Microsoft.Azure.Connectors.SharePoint.SPListExpandedReference"",""Id"":5,""Value"":""SNF""}",5,CBA,,,[],#Collection(Microsoft.Azure.Connectors.SharePoint.SPListExpandedReference),[],#Collection(Int64),[],#Collection(Microsoft.Azure.Connectors.SharePoint.SPListExpandedReference),[],#Collection(Int64),,,[],#Collection(Microsoft.Azure.Connectors.SharePoint.SPListExpandedReference),[],#Collection(Int64),,,[],#Collection(Microsoft.Azure.Connectors.SharePoint.SPListExpandedReference),[],#Collection(Int64),,,0,2026-07-02T22:22:35Z,False,False,False,False,False,False,,,,,,[],#Collection(Microsoft.Azure.Connectors.SharePoint.SPListExpandedReference),[],#Collection(Int64),,,,,False,True,False,False,False,False,False,False,False,False,46221.0000000000,"{""@odata.type"":""#Microsoft.Azure.Connectors.SharePoint.SPListExpandedReference"",""Id"":3,""Value"":""Discharged""}",3,2026-07-19T01:34:20Z,2026-07-02T22:22:35Z,"{""@odata.type"":""#Microsoft.Azure.Connectors.SharePoint.SPListExpandedUser"",""Claims"":""i:0#.f|membership|ssmc7a@multihosp.net"",""DisplayName"":""Smith, Shayla"",""Email"":""Shayla.Smith@AdventHealth.com"",""Picture"":""https://ahsonline.sharepoint.com/sites/group-gt6leadershipteamgroup/_layouts/15/UserPhoto.aspx?Size=L&AccountName=Shayla.Smith@AdventHealth.com"",""Department"":""ORL PCU Cardiopulmonary"",""JobTitle"":""Asst Nurse Mgr""}",i:0#.f|membership|ssmc7a@multihosp.net,"{""@odata.type"":""#Microsoft.Azure.Connectors.SharePoint.SPListExpandedUser"",""Claims"":""i:0#.f|membership|tjm254@multihosp.net"",""DisplayName"":""Moyer, Ted"",""Email"":""Ted.Moyer@AdventHealth.com"",""Picture"":""https://ahsonline.sharepoint.com/sites/group-gt6leadershipteamgroup/_layouts/15/UserPhoto.aspx?Size=L&AccountName=Ted.Moyer@AdventHealth.com"",""Department"":""ORL PCU Thoracic Pulmonary"",""JobTitle"":""Asst Nurse Mgr""}",i:0#.f|membership|tjm254@multihosp.net,Lists%252fGT6%2bSURGIFLOW%2bCPPCU%252f104_.000,False,"{""Large"":null,""Medium"":null,""Small"":null}",https://ahsonline.sharepoint.com/sites/group-gt6leadershipteamgroup/_layouts/15/listform.aspx?PageType=4&ListId=b1516083%2Da63d%2D4301%2D8686%2D4bd9d64675d3&ID=104&ContentTypeID=0x01009E3859902E23B24FAFFEB1621FDA4832,6806,6806,Lists/GT6 SURGIFLOW CPPCU/,Lists/GT6 SURGIFLOW CPPCU/104_.000,"{""@odata.type"":""#Microsoft.Azure.Connectors.SharePoint.SPListExpandedContentType"",""Id"":""0x01009E3859902E23B24FAFFEB1621FDA4832"",""Name"":""Item""}",0x01009E3859902E23B24FAFFEB1621FDA4832,False,17.0,Pt wants a different SNF choice.,,,UA-neg. ,,,
"""6""",105,105,6809,Hoyos,503320627,2026-07-10,"BOLT 2019, Kidney 2022, DA for rejection. Pending CT chest, pending labs. RA. VSS
","Treatment for rejection ordered: 5 days of PLEX, w/ albumin, follow by IVIG, and last Rituximab. Gen surg consulted for CVC.",,,ID/Nephro/Lung Tx/ ,,,[],#Collection(Microsoft.Azure.Connectors.SharePoint.SPListExpandedReference),[],#Collection(Int64),[],#Collection(Microsoft.Azure.Connectors.SharePoint.SPListExpandedReference),[],#Collection(Int64),,,[],#Collection(Microsoft.Azure.Connectors.SharePoint.SPListExpandedReference),[],#Collection(Int64),,,[],#Collection(Microsoft.Azure.Connectors.SharePoint.SPListExpandedReference),[],#Collection(Int64),,,0,2026-07-02T22:25:07Z,False,False,False,False,False,False,,,,,,[],#Collection(Microsoft.Azure.Connectors.SharePoint.SPListExpandedReference),[],#Collection(Int64),,,,,False,True,False,False,False,False,False,False,False,False,46221.0000000000,"{""@odata.type"":""#Microsoft.Azure.Connectors.SharePoint.SPListExpandedReference"",""Id"":3,""Value"":""Discharged""}",3,2026-07-19T01:33:46Z,2026-07-02T22:25:07Z,"{""@odata.type"":""#Microsoft.Azure.Connectors.SharePoint.SPListExpandedUser"",""Claims"":""i:0#.f|membership|ssmc7a@multihosp.net"",""DisplayName"":""Smith, Shayla"",""Email"":""Shayla.Smith@AdventHealth.com"",""Picture"":""https://ahsonline.sharepoint.com/sites/group-gt6leadershipteamgroup/_layouts/15/UserPhoto.aspx?Size=L&AccountName=Shayla.Smith@AdventHealth.com"",""Department"":""ORL PCU Cardiopulmonary"",""JobTitle"":""Asst Nurse Mgr""}",i:0#.f|membership|ssmc7a@multihosp.net,"{""@odata.type"":""#Microsoft.Azure.Connectors.SharePoint.SPListExpandedUser"",""Claims"":""i:0#.f|membership|tjm254@multihosp.net"",""DisplayName"":""Moyer, Ted"",""Email"":""Ted.Moyer@AdventHealth.com"",""Picture"":""https://ahsonline.sharepoint.com/sites/group-gt6leadershipteamgroup/_layouts/15/UserPhoto.aspx?Size=L&AccountName=Ted.Moyer@AdventHealth.com"",""Department"":""ORL PCU Thoracic Pulmonary"",""JobTitle"":""Asst Nurse Mgr""}",i:0#.f|membership|tjm254@multihosp.net,Lists%252fGT6%2bSURGIFLOW%2bCPPCU%252f105_.000,False,"{""Large"":null,""Medium"":null,""Small"":null}",https://ahsonline.sharepoint.com/sites/group-gt6leadershipteamgroup/_layouts/15/listform.aspx?PageType=4&ListId=b1516083%2Da63d%2D4301%2D8686%2D4bd9d64675d3&ID=105&ContentTypeID=0x01009E3859902E23B24FAFFEB1621FDA4832,6809,6809,Lists/GT6 SURGIFLOW CPPCU/,Lists/GT6 SURGIFLOW CPPCU/105_.000,"{""@odata.type"":""#Microsoft.Azure.Connectors.SharePoint.SPListExpandedContentType"",""Id"":""0x01009E3859902E23B24FAFFEB1621FDA4832"",""Name"":""Item""}",0x01009E3859902E23B24FAFFEB1621FDA4832,False,6.0,,,,,,,
"""7""",106,106,6816,Pennington,,,"Cardio consulted for possible redo ablation, ECHO pending results, oral amio  loading 400mg. ",ICU DG: Amio loading. s/p CV. EF 20%. ,"{""@odata.type"":""#Microsoft.Azure.Connectors.SharePoint.SPListExpandedReference"",""Id"":0,""Value"":""Home No Needs""}",0,"cardio, attn",,,"[{""@odata.type"":""#Microsoft.Azure.Connectors.SharePoint.SPListExpandedReference"",""Id"":4,""Value"":""None""}]",#Collection(Microsoft.Azure.Connectors.SharePoint.SPListExpandedReference),[4],#Collection(Int64),[],#Collection(Microsoft.Azure.Connectors.SharePoint.SPListExpandedReference),[],#Collection(Int64),,,[],#Collection(Microsoft.Azure.Connectors.SharePoint.SPListExpandedReference),[],#Collection(Int64),,,[],#Collection(Microsoft.Azure.Connectors.SharePoint.SPListExpandedReference),[],#Collection(Int64),,,0,2026-07-02T22:26:20Z,False,False,False,False,False,False,,,,,,[],#Collection(Microsoft.Azure.Connectors.SharePoint.SPListExpandedReference),[],#Collection(Int64),,,,,False,True,False,False,False,False,False,False,False,False,46221.0000000000,"{""@odata.type"":""#Microsoft.Azure.Connectors.SharePoint.SPListExpandedReference"",""Id"":3,""Value"":""Discharged""}",3,2026-07-19T01:33:47Z,2026-07-02T22:26:20Z,"{""@odata.type"":""#Microsoft.Azure.Connectors.SharePoint.SPListExpandedUser"",""Claims"":""i:0#.f|membership|ssmc7a@multihosp.net"",""DisplayName"":""Smith, Shayla"",""Email"":""Shayla.Smith@AdventHealth.com"",""Picture"":""https://ahsonline.sharepoint.com/sites/group-gt6leadershipteamgroup/_layouts/15/UserPhoto.aspx?Size=L&AccountName=Shayla.Smith@AdventHealth.com"",""Department"":""ORL PCU Cardiopulmonary"",""JobTitle"":""Asst Nurse Mgr""}",i:0#.f|membership|ssmc7a@multihosp.net,"{""@odata.type"":""#Microsoft.Azure.Connectors.SharePoint.SPListExpandedUser"",""Claims"":""i:0#.f|membership|tjm254@multihosp.net"",""DisplayName"":""Moyer, Ted"",""Email"":""Ted.Moyer@AdventHealth.com"",""Picture"":""https://ahsonline.sharepoint.com/sites/group-gt6leadershipteamgroup/_layouts/15/UserPhoto.aspx?Size=L&AccountName=Ted.Moyer@AdventHealth.com"",""Department"":""ORL PCU Thoracic Pulmonary"",""JobTitle"":""Asst Nurse Mgr""}",i:0#.f|membership|tjm254@multihosp.net,Lists%252fGT6%2bSURGIFLOW%2bCPPCU%252f106_.000,False,"{""Large"":null,""Medium"":null,""Small"":null}",https://ahsonline.sharepoint.com/sites/group-gt6leadershipteamgroup/_layouts/15/listform.aspx?PageType=4&ListId=b1516083%2Da63d%2D4301%2D8686%2D4bd9d64675d3&ID=106&ContentTypeID=0x01009E3859902E23B24FAFFEB1621FDA4832,6816,6816,Lists/GT6 SURGIFLOW CPPCU/,Lists/GT6 SURGIFLOW CPPCU/106_.000,"{""@odata.type"":""#Microsoft.Azure.Connectors.SharePoint.SPListExpandedContentType"",""Id"":""0x01009E3859902E23B24FAFFEB1621FDA4832"",""Name"":""Item""}",0x01009E3859902E23B24FAFFEB1621FDA4832,False,7.0,,,,,,,
"""44""",107,107,6820,Butler,508269739,2026-07-17,"Blood transfusion, HIDA scan and LHC Pending CABG w/u. ",Monitor B/P active hematuria. S/P PTE 7/1. PO Keppra due to seizure.  CDT sent - neg. CT head results pending. CIWA d/c. AMLODIPINE PO added. ,,,"cardio, nephro, attn",,,[],#Collection(Microsoft.Azure.Connectors.SharePoint.SPListExpandedReference),[],#Collection(Int64),[],#Collection(Microsoft.Azure.Connectors.SharePoint.SPListExpandedReference),[],#Collection(Int64),,,[],#Collection(Microsoft.Azure.Connectors.SharePoint.SPListExpandedReference),[],#Collection(Int64),,,[],#Collection(Microsoft.Azure.Connectors.SharePoint.SPListExpandedReference),[],#Collection(Int64),,,0,,False,False,False,False,False,False,,,,,,[],#Collection(Microsoft.Azure.Connectors.SharePoint.SPListExpandedReference),[],#Collection(Int64),,,,,False,False,False,False,False,False,False,False,False,False,46221.0000000000,"{""@odata.type"":""#Microsoft.Azure.Connectors.SharePoint.SPListExpandedReference"",""Id"":3,""Value"":""Discharged""}",3,2026-07-19T01:34:59Z,2026-07-02T22:27:08Z,"{""@odata.type"":""#Microsoft.Azure.Connectors.SharePoint.SPListExpandedUser"",""Claims"":""i:0#.f|membership|ssmc7a@multihosp.net"",""DisplayName"":""Smith, Shayla"",""Email"":""Shayla.Smith@AdventHealth.com"",""Picture"":""https://ahsonline.sharepoint.com/sites/group-gt6leadershipteamgroup/_layouts/15/UserPhoto.aspx?Size=L&AccountName=Shayla.Smith@AdventHealth.com"",""Department"":""ORL PCU Cardiopulmonary"",""JobTitle"":""Asst Nurse Mgr""}",i:0#.f|membership|ssmc7a@multihosp.net,"{""@odata.type"":""#Microsoft.Azure.Connectors.SharePoint.SPListExpandedUser"",""Claims"":""i:0#.f|membership|tjm254@multihosp.net"",""DisplayName"":""Moyer, Ted"",""Email"":""Ted.Moyer@AdventHealth.com"",""Picture"":""https://ahsonline.sharepoint.com/sites/group-gt6leadershipteamgroup/_layouts/15/UserPhoto.aspx?Size=L&AccountName=Ted.Moyer@AdventHealth.com"",""Department"":""ORL PCU Thoracic Pulmonary"",""JobTitle"":""Asst Nurse Mgr""}",i:0#.f|membership|tjm254@multihosp.net,Lists%252fGT6%2bSURGIFLOW%2bCPPCU%252f107_.000,False,"{""Large"":null,""Medium"":null,""Small"":null}",https://ahsonline.sharepoint.com/sites/group-gt6leadershipteamgroup/_layouts/15/listform.aspx?PageType=4&ListId=b1516083%2Da63d%2D4301%2D8686%2D4bd9d64675d3&ID=107&ContentTypeID=0x01009E3859902E23B24FAFFEB1621FDA4832,6820,6820,Lists/GT6 SURGIFLOW CPPCU/,Lists/GT6 SURGIFLOW CPPCU/107_.000,"{""@odata.type"":""#Microsoft.Azure.Connectors.SharePoint.SPListExpandedContentType"",""Id"":""0x01009E3859902E23B24FAFFEB1621FDA4832"",""Name"":""Item""}",0x01009E3859902E23B24FAFFEB1621FDA4832,False,44.0,"self, RA",,,PT/OT eval pending ,,,
"""23""",109,109,6832,Hall,11759351,2026-07-09,"CAD, ICD, AFIB CV failed x3, poss ablation, IV Bumex, new GI consult for H/H
", ABLATION outpatient- EP s/o. started on eliquis. GI s/o-no intervention. PO bumex- hold due to cre. labs in am. Nephro to s/o,"{""@odata.type"":""#Microsoft.Azure.Connectors.SharePoint.SPListExpandedReference"",""Id"":0,""Value"":""Home No Needs""}",0,"attn , nephro",,,[],#Collection(Microsoft.Azure.Connectors.SharePoint.SPListExpandedReference),[],#Collection(Int64),"[{""@odata.type"":""#Microsoft.Azure.Connectors.SharePoint.SPListExpandedReference"",""Id"":0,""Value"":""Heparin""}]",#Collection(Microsoft.Azure.Connectors.SharePoint.SPListExpandedReference),[0],#Collection(Int64),,,[],#Collection(Microsoft.Azure.Connectors.SharePoint.SPListExpandedReference),[],#Collection(Int64),,,[],#Collection(Microsoft.Azure.Connectors.SharePoint.SPListExpandedReference),[],#Collection(Int64),,,0,2026-07-02T22:28:13Z,False,False,False,False,False,False,2026-06-23,,,,,[],#Collection(Microsoft.Azure.Connectors.SharePoint.SPListExpandedReference),[],#Collection(Int64),,,,,False,True,False,False,False,False,False,False,False,False,25.0000000000000,"{""@odata.type"":""#Microsoft.Azure.Connectors.SharePoint.SPListExpandedReference"",""Id"":3,""Value"":""Discharged""}",3,2026-07-19T01:34:57Z,2026-07-02T22:28:13Z,"{""@odata.type"":""#Microsoft.Azure.Connectors.SharePoint.SPListExpandedUser"",""Claims"":""i:0#.f|membership|ssmc7a@multihosp.net"",""DisplayName"":""Smith, Shayla"",""Email"":""Shayla.Smith@AdventHealth.com"",""Picture"":""https://ahsonline.sharepoint.com/sites/group-gt6leadershipteamgroup/_layouts/15/UserPhoto.aspx?Size=L&AccountName=Shayla.Smith@AdventHealth.com"",""Department"":""ORL PCU Cardiopulmonary"",""JobTitle"":""Asst Nurse Mgr""}",i:0#.f|membership|ssmc7a@multihosp.net,"{""@odata.type"":""#Microsoft.Azure.Connectors.SharePoint.SPListExpandedUser"",""Claims"":""i:0#.f|membership|tjm254@multihosp.net"",""DisplayName"":""Moyer, Ted"",""Email"":""Ted.Moyer@AdventHealth.com"",""Picture"":""https://ahsonline.sharepoint.com/sites/group-gt6leadershipteamgroup/_layouts/15/UserPhoto.aspx?Size=L&AccountName=Ted.Moyer@AdventHealth.com"",""Department"":""ORL PCU Thoracic Pulmonary"",""JobTitle"":""Asst Nurse Mgr""}",i:0#.f|membership|tjm254@multihosp.net,Lists%252fGT6%2bSURGIFLOW%2bCPPCU%252f109_.000,False,"{""Large"":null,""Medium"":null,""Small"":null}",https://ahsonline.sharepoint.com/sites/group-gt6leadershipteamgroup/_layouts/15/listform.aspx?PageType=4&ListId=b1516083%2Da63d%2D4301%2D8686%2D4bd9d64675d3&ID=109&ContentTypeID=0x01009E3859902E23B24FAFFEB1621FDA4832,6832,6832,Lists/GT6 SURGIFLOW CPPCU/,Lists/GT6 SURGIFLOW CPPCU/109_.000,"{""@odata.type"":""#Microsoft.Azure.Connectors.SharePoint.SPListExpandedContentType"",""Id"":""0x01009E3859902E23B24FAFFEB1621FDA4832"",""Name"":""Item""}",0x01009E3859902E23B24FAFFEB1621FDA4832,False,23.0,,MAALOUF,chest pain/SOB,,,,
"""87""",110,110,6834,Spears,11897472,2026-08-17,,"Xfer from Winter Park for Nephrologist. New HD MWF - 2L removed last session. Zosyn 8/22 pneumonia, CT A/P pending, Imaging for fluid removal, change days from MWF to THS. CTa vascular consulted. ","{""@odata.type"":""#Microsoft.Azure.Connectors.SharePoint.SPListExpandedReference"",""Id"":1,""Value"":""HHC""}",1,,,,[],#Collection(Microsoft.Azure.Connectors.SharePoint.SPListExpandedReference),[],#Collection(Int64),[],#Collection(Microsoft.Azure.Connectors.SharePoint.SPListExpandedReference),[],#Collection(Int64),,,[],#Collection(Microsoft.Azure.Connectors.SharePoint.SPListExpandedReference),[],#Collection(Int64),,,[],#Collection(Microsoft.Azure.Connectors.SharePoint.SPListExpandedReference),[],#Collection(Int64),,,0,,False,False,False,False,False,False,2026-08-12,,,,,[],#Collection(Microsoft.Azure.Connectors.SharePoint.SPListExpandedReference),[],#Collection(Int64),,,,,False,True,False,False,False,False,False,False,False,False,3.00000000000000,"{""@odata.type"":""#Microsoft.Azure.Connectors.SharePoint.SPListExpandedReference"",""Id"":0,""Value"":""Progressing On Schedule""}",0,2026-08-16T05:52:21Z,2026-07-02T22:28:58Z,"{""@odata.type"":""#Microsoft.Azure.Connectors.SharePoint.SPListExpandedUser"",""Claims"":""i:0#.f|membership|ssmc7a@multihosp.net"",""DisplayName"":""Smith, Shayla"",""Email"":""Shayla.Smith@AdventHealth.com"",""Picture"":""https://ahsonline.sharepoint.com/sites/group-gt6leadershipteamgroup/_layouts/15/UserPhoto.aspx?Size=L&AccountName=Shayla.Smith@AdventHealth.com"",""Department"":""ORL PCU Cardiopulmonary"",""JobTitle"":""Asst Nurse Mgr""}",i:0#.f|membership|ssmc7a@multihosp.net,"{""@odata.type"":""#Microsoft.Azure.Connectors.SharePoint.SPListExpandedUser"",""Claims"":""i:0#.f|membership|ssmc7a@multihosp.net"",""DisplayName"":""Smith, Shayla"",""Email"":""Shayla.Smith@AdventHealth.com"",""Picture"":""https://ahsonline.sharepoint.com/sites/group-gt6leadershipteamgroup/_layouts/15/UserPhoto.aspx?Size=L&AccountName=Shayla.Smith@AdventHealth.com"",""Department"":""ORL PCU Cardiopulmonary"",""JobTitle"":""Asst Nurse Mgr""}",i:0#.f|membership|ssmc7a@multihosp.net,Lists%252fGT6%2bSURGIFLOW%2bCPPCU%252f110_.000,False,"{""Large"":null,""Medium"":null,""Small"":null}",https://ahsonline.sharepoint.com/sites/group-gt6leadershipteamgroup/_layouts/15/listform.aspx?PageType=4&ListId=b1516083%2Da63d%2D4301%2D8686%2D4bd9d64675d3&ID=110&ContentTypeID=0x01009E3859902E23B24FAFFEB1621FDA4832,6834,6834,Lists/GT6 SURGIFLOW CPPCU/,Lists/GT6 SURGIFLOW CPPCU/110_.000,"{""@odata.type"":""#Microsoft.Azure.Connectors.SharePoint.SPListExpandedContentType"",""Id"":""0x01009E3859902E23B24FAFFEB1621FDA4832"",""Name"":""Item""}",0x01009E3859902E23B24FAFFEB1621FDA4832,False,87.0,,Milan,Dyspnea,,,,
"""6""",111,111,6829,Padon,36277820,2026-07-04,Heart tx 2016,"Unable to collect CDT due to formed stool. CTA neg. Off of antibiotics. Stool samples negative. Echo w/ 55-60% EF. Pending Neuro, AHFT, and ID to s/o. Poss. d/c today. 6MWT today","{""@odata.type"":""#Microsoft.Azure.Connectors.SharePoint.SPListExpandedReference"",""Id"":0,""Value"":""Home No Needs""}",0,"AHF, attn ",,,[],#Collection(Microsoft.Azure.Connectors.SharePoint.SPListExpandedReference),[],#Collection(Int64),[],#Collection(Microsoft.Azure.Connectors.SharePoint.SPListExpandedReference),[],#Collection(Int64),,,[],#Collection(Microsoft.Azure.Connectors.SharePoint.SPListExpandedReference),[],#Collection(Int64),,,[],#Collection(Microsoft.Azure.Connectors.SharePoint.SPListExpandedReference),[],#Collection(Int64),,,0,2026-07-03T05:27:28Z,False,False,False,False,False,False,2026-07-02,"{""@odata.type"":""#Microsoft.Azure.Connectors.SharePoint.SPListExpandedReference"",""Id"":1,""Value"":""Transplant""}",1,,,[],#Collection(Microsoft.Azure.Connectors.SharePoint.SPListExpandedReference),[],#Collection(Int64),,,,,False,True,False,False,False,False,False,False,False,False,16.0000000000000,"{""@odata.type"":""#Microsoft.Azure.Connectors.SharePoint.SPListExpandedReference"",""Id"":3,""Value"":""Discharged""}",3,2026-07-19T01:34:35Z,2026-07-03T05:27:28Z,"{""@odata.type"":""#Microsoft.Azure.Connectors.SharePoint.SPListExpandedUser"",""Claims"":""i:0#.f|membership|ssmc7a@multihosp.net"",""DisplayName"":""Smith, Shayla"",""Email"":""Shayla.Smith@AdventHealth.com"",""Picture"":""https://ahsonline.sharepoint.com/sites/group-gt6leadershipteamgroup/_layouts/15/UserPhoto.aspx?Size=L&AccountName=Shayla.Smith@AdventHealth.com"",""Department"":""ORL PCU Cardiopulmonary"",""JobTitle"":""Asst Nurse Mgr""}",i:0#.f|membership|ssmc7a@multihosp.net,"{""@odata.type"":""#Microsoft.Azure.Connectors.SharePoint.SPListExpandedUser"",""Claims"":""i:0#.f|membership|tjm254@multihosp.net"",""DisplayName"":""Moyer, Ted"",""Email"":""Ted.Moyer@AdventHealth.com"",""Picture"":""https://ahsonline.sharepoint.com/sites/group-gt6leadershipteamgroup/_layouts/15/UserPhoto.aspx?Size=L&AccountName=Ted.Moyer@AdventHealth.com"",""Department"":""ORL PCU Thoracic Pulmonary"",""JobTitle"":""Asst Nurse Mgr""}",i:0#.f|membership|tjm254@multihosp.net,Lists%252fGT6%2bSURGIFLOW%2bCPPCU%252f111_.000,False,"{""Large"":null,""Medium"":null,""Small"":null}",https://ahsonline.sharepoint.com/sites/group-gt6leadershipteamgroup/_layouts/15/listform.aspx?PageType=4&ListId=b1516083%2Da63d%2D4301%2D8686%2D4bd9d64675d3&ID=111&ContentTypeID=0x01009E3859902E23B24FAFFEB1621FDA4832,6829,6829,Lists/GT6 SURGIFLOW CPPCU/,Lists/GT6 SURGIFLOW CPPCU/111_.000,"{""@odata.type"":""#Microsoft.Azure.Connectors.SharePoint.SPListExpandedContentType"",""Id"":""0x01009E3859902E23B24FAFFEB1621FDA4832"",""Name"":""Item""}",0x01009E3859902E23B24FAFFEB1621FDA4832,False,6.0,,,,,,,
"""2""",112,112,6807,,,,,,,,,,,"[{""@odata.type"":""#Microsoft.Azure.Connectors.SharePoint.SPListExpandedReference"",""Id"":4,""Value"":""None""}]",#Collection(Microsoft.Azure.Connectors.SharePoint.SPListExpandedReference),[4],#Collection(Int64),[],#Collection(Microsoft.Azure.Connectors.SharePoint.SPListExpandedReference),[],#Collection(Int64),,,[],#Collection(Microsoft.Azure.Connectors.SharePoint.SPListExpandedReference),[],#Collection(Int64),,,[],#Collection(Microsoft.Azure.Connectors.SharePoint.SPListExpandedReference),[],#Collection(Int64),,,0,2026-07-03T17:11:11Z,False,False,False,False,False,False,,,,,,[],#Collection(Microsoft.Azure.Connectors.SharePoint.SPListExpandedReference),[],#Collection(Int64),,,,,False,True,False,False,False,False,False,False,False,False,46221.0000000000,"{""@odata.type"":""#Microsoft.Azure.Connectors.SharePoint.SPListExpandedReference"",""Id"":3,""Value"":""Discharged""}",3,2026-07-19T01:33:50Z,2026-07-03T17:11:11Z,"{""@odata.type"":""#Microsoft.Azure.Connectors.SharePoint.SPListExpandedUser"",""Claims"":""i:0#.f|membership|jheb9a@multihosp.net"",""DisplayName"":""Henao Gaviria, Juliana"",""Email"":""juliana.henaogaviria@adventhealth.com"",""Picture"":""https://ahsonline.sharepoint.com/sites/group-gt6leadershipteamgroup/_layouts/15/UserPhoto.aspx?Size=L&AccountName=juliana.henaogaviria@adventhealth.com"",""Department"":""ORL PCU Cardiopulmonary"",""JobTitle"":""Registered Nurse""}",i:0#.f|membership|jheb9a@multihosp.net,"{""@odata.type"":""#Microsoft.Azure.Connectors.SharePoint.SPListExpandedUser"",""Claims"":""i:0#.f|membership|tjm254@multihosp.net"",""DisplayName"":""Moyer, Ted"",""Email"":""Ted.Moyer@AdventHealth.com"",""Picture"":""https://ahsonline.sharepoint.com/sites/group-gt6leadershipteamgroup/_layouts/15/UserPhoto.aspx?Size=L&AccountName=Ted.Moyer@AdventHealth.com"",""Department"":""ORL PCU Thoracic Pulmonary"",""JobTitle"":""Asst Nurse Mgr""}",i:0#.f|membership|tjm254@multihosp.net,Lists%252fGT6%2bSURGIFLOW%2bCPPCU%252f112_.000,False,"{""Large"":null,""Medium"":null,""Small"":null}",https://ahsonline.sharepoint.com/sites/group-gt6leadershipteamgroup/_layouts/15/listform.aspx?PageType=4&ListId=b1516083%2Da63d%2D4301%2D8686%2D4bd9d64675d3&ID=112&ContentTypeID=0x01009E3859902E23B24FAFFEB1621FDA4832,6807,6807,Lists/GT6 SURGIFLOW CPPCU/,Lists/GT6 SURGIFLOW CPPCU/112_.000,"{""@odata.type"":""#Microsoft.Azure.Connectors.SharePoint.SPListExpandedContentType"",""Id"":""0x01009E3859902E23B24FAFFEB1621FDA4832"",""Name"":""Item""}",0x01009E3859902E23B24FAFFEB1621FDA4832,False,2.0,,,,,,,
"""6""",114,114,6807,Gonzalez Chavez,21142194,2026-07-07,"Atrial enlargement, left, Hypercholesterolemia, HTN, Mitral insufficiency, and MVP. on eliquis ","Bradycardia 30s w/ PVCs, Eliquis on hold. on Lovenox. cardio consulted. pending POC. ","{""@odata.type"":""#Microsoft.Azure.Connectors.SharePoint.SPListExpandedReference"",""Id"":0,""Value"":""Home No Needs""}",0,"cardio, attn ",,,[],#Collection(Microsoft.Azure.Connectors.SharePoint.SPListExpandedReference),[],#Collection(Int64),[],#Collection(Microsoft.Azure.Connectors.SharePoint.SPListExpandedReference),[],#Collection(Int64),,,[],#Collection(Microsoft.Azure.Connectors.SharePoint.SPListExpandedReference),[],#Collection(Int64),,,[],#Collection(Microsoft.Azure.Connectors.SharePoint.SPListExpandedReference),[],#Collection(Int64),,,0,2026-07-03T22:16:07Z,False,False,False,False,False,False,,,,"{""@odata.type"":""#Microsoft.Azure.Connectors.SharePoint.SPListExpandedReference"",""Id"":0,""Value"":""Self""}",0,[],#Collection(Microsoft.Azure.Connectors.SharePoint.SPListExpandedReference),[],#Collection(Int64),,,,,False,True,False,False,False,False,False,False,False,False,46221.0000000000,"{""@odata.type"":""#Microsoft.Azure.Connectors.SharePoint.SPListExpandedReference"",""Id"":3,""Value"":""Discharged""}",3,2026-07-19T01:34:26Z,2026-07-03T22:16:07Z,"{""@odata.type"":""#Microsoft.Azure.Connectors.SharePoint.SPListExpandedUser"",""Claims"":""i:0#.f|membership|ssmc7a@multihosp.net"",""DisplayName"":""Smith, Shayla"",""Email"":""Shayla.Smith@AdventHealth.com"",""Picture"":""https://ahsonline.sharepoint.com/sites/group-gt6leadershipteamgroup/_layouts/15/UserPhoto.aspx?Size=L&AccountName=Shayla.Smith@AdventHealth.com"",""Department"":""ORL PCU Cardiopulmonary"",""JobTitle"":""Asst Nurse Mgr""}",i:0#.f|membership|ssmc7a@multihosp.net,"{""@odata.type"":""#Microsoft.Azure.Connectors.SharePoint.SPListExpandedUser"",""Claims"":""i:0#.f|membership|tjm254@multihosp.net"",""DisplayName"":""Moyer, Ted"",""Email"":""Ted.Moyer@AdventHealth.com"",""Picture"":""https://ahsonline.sharepoint.com/sites/group-gt6leadershipteamgroup/_layouts/15/UserPhoto.aspx?Size=L&AccountName=Ted.Moyer@AdventHealth.com"",""Department"":""ORL PCU Thoracic Pulmonary"",""JobTitle"":""Asst Nurse Mgr""}",i:0#.f|membership|tjm254@multihosp.net,Lists%252fGT6%2bSURGIFLOW%2bCPPCU%252f114_.000,False,"{""Large"":null,""Medium"":null,""Small"":null}",https://ahsonline.sharepoint.com/sites/group-gt6leadershipteamgroup/_layouts/15/listform.aspx?PageType=4&ListId=b1516083%2Da63d%2D4301%2D8686%2D4bd9d64675d3&ID=114&ContentTypeID=0x01009E3859902E23B24FAFFEB1621FDA4832,6807,6807,Lists/GT6 SURGIFLOW CPPCU/,Lists/GT6 SURGIFLOW CPPCU/114_.000,"{""@odata.type"":""#Microsoft.Azure.Connectors.SharePoint.SPListExpandedContentType"",""Id"":""0x01009E3859902E23B24FAFFEB1621FDA4832"",""Name"":""Item""}",0x01009E3859902E23B24FAFFEB1621FDA4832,False,6.0,,,,,,,
"""20""",116,116,6814,Caluwe,11998891,2026-07-10,,"Cardioversion w/ Khanna today 7.8 AM; IV lasix; No Ablation. Brain MRI unremarkable; CT Chest w/ Pulm edema. 
IPR DC tomorrow pending Auth; D/C to readmit orders in. ",,,,,,[],#Collection(Microsoft.Azure.Connectors.SharePoint.SPListExpandedReference),[],#Collection(Int64),[],#Collection(Microsoft.Azure.Connectors.SharePoint.SPListExpandedReference),[],#Collection(Int64),,,[],#Collection(Microsoft.Azure.Connectors.SharePoint.SPListExpandedReference),[],#Collection(Int64),,,[],#Collection(Microsoft.Azure.Connectors.SharePoint.SPListExpandedReference),[],#Collection(Int64),,,0,2026-07-03T22:18:00Z,False,False,False,False,False,False,2026-07-03,,,,,[],#Collection(Microsoft.Azure.Connectors.SharePoint.SPListExpandedReference),[],#Collection(Int64),,,,,False,True,False,False,False,False,False,False,False,False,15.0000000000000,"{""@odata.type"":""#Microsoft.Azure.Connectors.SharePoint.SPListExpandedReference"",""Id"":3,""Value"":""Discharged""}",3,2026-07-19T01:34:58Z,2026-07-03T22:18:16Z,"{""@odata.type"":""#Microsoft.Azure.Connectors.SharePoint.SPListExpandedUser"",""Claims"":""i:0#.f|membership|ssmc7a@multihosp.net"",""DisplayName"":""Smith, Shayla"",""Email"":""Shayla.Smith@AdventHealth.com"",""Picture"":""https://ahsonline.sharepoint.com/sites/group-gt6leadershipteamgroup/_layouts/15/UserPhoto.aspx?Size=L&AccountName=Shayla.Smith@AdventHealth.com"",""Department"":""ORL PCU Cardiopulmonary"",""JobTitle"":""Asst Nurse Mgr""}",i:0#.f|membership|ssmc7a@multihosp.net,"{""@odata.type"":""#Microsoft.Azure.Connectors.SharePoint.SPListExpandedUser"",""Claims"":""i:0#.f|membership|tjm254@multihosp.net"",""DisplayName"":""Moyer, Ted"",""Email"":""Ted.Moyer@AdventHealth.com"",""Picture"":""https://ahsonline.sharepoint.com/sites/group-gt6leadershipteamgroup/_layouts/15/UserPhoto.aspx?Size=L&AccountName=Ted.Moyer@AdventHealth.com"",""Department"":""ORL PCU Thoracic Pulmonary"",""JobTitle"":""Asst Nurse Mgr""}",i:0#.f|membership|tjm254@multihosp.net,Lists%252fGT6%2bSURGIFLOW%2bCPPCU%252f116_.000,False,"{""Large"":null,""Medium"":null,""Small"":null}",https://ahsonline.sharepoint.com/sites/group-gt6leadershipteamgroup/_layouts/15/listform.aspx?PageType=4&ListId=b1516083%2Da63d%2D4301%2D8686%2D4bd9d64675d3&ID=116&ContentTypeID=0x01009E3859902E23B24FAFFEB1621FDA4832,6814,6814,Lists/GT6 SURGIFLOW CPPCU/,Lists/GT6 SURGIFLOW CPPCU/116_.000,"{""@odata.type"":""#Microsoft.Azure.Connectors.SharePoint.SPListExpandedContentType"",""Id"":""0x01009E3859902E23B24FAFFEB1621FDA4832"",""Name"":""Item""}",0x01009E3859902E23B24FAFFEB1621FDA4832,False,20.0,IPR DCP; need decision from family. ,,Weakness / Hypotension,Needs 3L with walking. ,,,
"""7""",117,117,6817,Palacios Mendez,511527384,2026-07-06,,"IV diurising, Monitor electrolytes, Stool sample sent, Q6h Hgb, Pend. consult for HFT and GI. PT/OT eval pend.",,,"HFT, GI, Attend",,,[],#Collection(Microsoft.Azure.Connectors.SharePoint.SPListExpandedReference),[],#Collection(Int64),[],#Collection(Microsoft.Azure.Connectors.SharePoint.SPListExpandedReference),[],#Collection(Int64),,,[],#Collection(Microsoft.Azure.Connectors.SharePoint.SPListExpandedReference),[],#Collection(Int64),,,[],#Collection(Microsoft.Azure.Connectors.SharePoint.SPListExpandedReference),[],#Collection(Int64),,,0,2026-07-03T22:18:00Z,False,False,False,False,False,False,,,,,,[],#Collection(Microsoft.Azure.Connectors.SharePoint.SPListExpandedReference),[],#Collection(Int64),,,,,False,True,False,False,False,False,False,False,False,False,46221.0000000000,"{""@odata.type"":""#Microsoft.Azure.Connectors.SharePoint.SPListExpandedReference"",""Id"":3,""Value"":""Discharged""}",3,2026-07-19T01:34:29Z,2026-07-03T22:19:01Z,"{""@odata.type"":""#Microsoft.Azure.Connectors.SharePoint.SPListExpandedUser"",""Claims"":""i:0#.f|membership|ssmc7a@multihosp.net"",""DisplayName"":""Smith, Shayla"",""Email"":""Shayla.Smith@AdventHealth.com"",""Picture"":""https://ahsonline.sharepoint.com/sites/group-gt6leadershipteamgroup/_layouts/15/UserPhoto.aspx?Size=L&AccountName=Shayla.Smith@AdventHealth.com"",""Department"":""ORL PCU Cardiopulmonary"",""JobTitle"":""Asst Nurse Mgr""}",i:0#.f|membership|ssmc7a@multihosp.net,"{""@odata.type"":""#Microsoft.Azure.Connectors.SharePoint.SPListExpandedUser"",""Claims"":""i:0#.f|membership|tjm254@multihosp.net"",""DisplayName"":""Moyer, Ted"",""Email"":""Ted.Moyer@AdventHealth.com"",""Picture"":""https://ahsonline.sharepoint.com/sites/group-gt6leadershipteamgroup/_layouts/15/UserPhoto.aspx?Size=L&AccountName=Ted.Moyer@AdventHealth.com"",""Department"":""ORL PCU Thoracic Pulmonary"",""JobTitle"":""Asst Nurse Mgr""}",i:0#.f|membership|tjm254@multihosp.net,Lists%252fGT6%2bSURGIFLOW%2bCPPCU%252f117_.000,False,"{""Large"":null,""Medium"":null,""Small"":null}",https://ahsonline.sharepoint.com/sites/group-gt6leadershipteamgroup/_layouts/15/listform.aspx?PageType=4&ListId=b1516083%2Da63d%2D4301%2D8686%2D4bd9d64675d3&ID=117&ContentTypeID=0x01009E3859902E23B24FAFFEB1621FDA4832,6817,6817,Lists/GT6 SURGIFLOW CPPCU/,Lists/GT6 SURGIFLOW CPPCU/117_.000,"{""@odata.type"":""#Microsoft.Azure.Connectors.SharePoint.SPListExpandedContentType"",""Id"":""0x01009E3859902E23B24FAFFEB1621FDA4832"",""Name"":""Item""}",0x01009E3859902E23B24FAFFEB1621FDA4832,False,7.0,"RA/7

LV at bedside from home",,,,,,
"""6""",118,118,6830,Iosua,12446928,2026-07-04,,S/p LHC w/ PCI. New plavix. Cardio to s/o,,,,,,[],#Collection(Microsoft.Azure.Connectors.SharePoint.SPListExpandedReference),[],#Collection(Int64),[],#Collection(Microsoft.Azure.Connectors.SharePoint.SPListExpandedReference),[],#Collection(Int64),,,[],#Collection(Microsoft.Azure.Connectors.SharePoint.SPListExpandedReference),[],#Collection(Int64),,,[],#Collection(Microsoft.Azure.Connectors.SharePoint.SPListExpandedReference),[],#Collection(Int64),,,0,2026-07-03T22:24:00Z,False,False,False,False,False,False,,,,,,[],#Collection(Microsoft.Azure.Connectors.SharePoint.SPListExpandedReference),[],#Collection(Int64),,,,,False,True,False,False,False,False,False,False,False,False,46221.0000000000,"{""@odata.type"":""#Microsoft.Azure.Connectors.SharePoint.SPListExpandedReference"",""Id"":3,""Value"":""Discharged""}",3,2026-07-19T01:34:54Z,2026-07-03T22:24:48Z,"{""@odata.type"":""#Microsoft.Azure.Connectors.SharePoint.SPListExpandedUser"",""Claims"":""i:0#.f|membership|ssmc7a@multihosp.net"",""DisplayName"":""Smith, Shayla"",""Email"":""Shayla.Smith@AdventHealth.com"",""Picture"":""https://ahsonline.sharepoint.com/sites/group-gt6leadershipteamgroup/_layouts/15/UserPhoto.aspx?Size=L&AccountName=Shayla.Smith@AdventHealth.com"",""Department"":""ORL PCU Cardiopulmonary"",""JobTitle"":""Asst Nurse Mgr""}",i:0#.f|membership|ssmc7a@multihosp.net,"{""@odata.type"":""#Microsoft.Azure.Connectors.SharePoint.SPListExpandedUser"",""Claims"":""i:0#.f|membership|tjm254@multihosp.net"",""DisplayName"":""Moyer, Ted"",""Email"":""Ted.Moyer@AdventHealth.com"",""Picture"":""https://ahsonline.sharepoint.com/sites/group-gt6leadershipteamgroup/_layouts/15/UserPhoto.aspx?Size=L&AccountName=Ted.Moyer@AdventHealth.com"",""Department"":""ORL PCU Thoracic Pulmonary"",""JobTitle"":""Asst Nurse Mgr""}",i:0#.f|membership|tjm254@multihosp.net,Lists%252fGT6%2bSURGIFLOW%2bCPPCU%252f118_.000,False,"{""Large"":null,""Medium"":null,""Small"":null}",https://ahsonline.sharepoint.com/sites/group-gt6leadershipteamgroup/_layouts/15/listform.aspx?PageType=4&ListId=b1516083%2Da63d%2D4301%2D8686%2D4bd9d64675d3&ID=118&ContentTypeID=0x01009E3859902E23B24FAFFEB1621FDA4832,6830,6830,Lists/GT6 SURGIFLOW CPPCU/,Lists/GT6 SURGIFLOW CPPCU/118_.000,"{""@odata.type"":""#Microsoft.Azure.Connectors.SharePoint.SPListExpandedContentType"",""Id"":""0x01009E3859902E23B24FAFFEB1621FDA4832"",""Name"":""Item""}",0x01009E3859902E23B24FAFFEB1621FDA4832,False,6.0,Home no needs. ,,Chest pain,,,,
"""7""",119,119,6827,Northrop,13379721,2026-07-04,,Pending Hickman exchange - may occur on 7/4. Remodulin on home pump infusing through PIV - pending transition to PICC - patient wants to stay on her pump to utilize her own cassette - need to determine if pharmacy will create a priming syringe for us. Next cassette change on 7/5 @ 1500. ,,,,,,[],#Collection(Microsoft.Azure.Connectors.SharePoint.SPListExpandedReference),[],#Collection(Int64),[],#Collection(Microsoft.Azure.Connectors.SharePoint.SPListExpandedReference),[],#Collection(Int64),,,[],#Collection(Microsoft.Azure.Connectors.SharePoint.SPListExpandedReference),[],#Collection(Int64),,,[],#Collection(Microsoft.Azure.Connectors.SharePoint.SPListExpandedReference),[],#Collection(Int64),,,0,2026-07-03T22:24:00Z,False,False,False,False,False,False,,,,,,[],#Collection(Microsoft.Azure.Connectors.SharePoint.SPListExpandedReference),[],#Collection(Int64),,,,,False,True,False,False,False,False,False,False,False,False,46221.0000000000,"{""@odata.type"":""#Microsoft.Azure.Connectors.SharePoint.SPListExpandedReference"",""Id"":3,""Value"":""Discharged""}",3,2026-07-19T01:34:35Z,2026-07-03T22:25:11Z,"{""@odata.type"":""#Microsoft.Azure.Connectors.SharePoint.SPListExpandedUser"",""Claims"":""i:0#.f|membership|ssmc7a@multihosp.net"",""DisplayName"":""Smith, Shayla"",""Email"":""Shayla.Smith@AdventHealth.com"",""Picture"":""https://ahsonline.sharepoint.com/sites/group-gt6leadershipteamgroup/_layouts/15/UserPhoto.aspx?Size=L&AccountName=Shayla.Smith@AdventHealth.com"",""Department"":""ORL PCU Cardiopulmonary"",""JobTitle"":""Asst Nurse Mgr""}",i:0#.f|membership|ssmc7a@multihosp.net,"{""@odata.type"":""#Microsoft.Azure.Connectors.SharePoint.SPListExpandedUser"",""Claims"":""i:0#.f|membership|tjm254@multihosp.net"",""DisplayName"":""Moyer, Ted"",""Email"":""Ted.Moyer@AdventHealth.com"",""Picture"":""https://ahsonline.sharepoint.com/sites/group-gt6leadershipteamgroup/_layouts/15/UserPhoto.aspx?Size=L&AccountName=Ted.Moyer@AdventHealth.com"",""Department"":""ORL PCU Thoracic Pulmonary"",""JobTitle"":""Asst Nurse Mgr""}",i:0#.f|membership|tjm254@multihosp.net,Lists%252fGT6%2bSURGIFLOW%2bCPPCU%252f119_.000,False,"{""Large"":null,""Medium"":null,""Small"":null}",https://ahsonline.sharepoint.com/sites/group-gt6leadershipteamgroup/_layouts/15/listform.aspx?PageType=4&ListId=b1516083%2Da63d%2D4301%2D8686%2D4bd9d64675d3&ID=119&ContentTypeID=0x01009E3859902E23B24FAFFEB1621FDA4832,6827,6827,Lists/GT6 SURGIFLOW CPPCU/,Lists/GT6 SURGIFLOW CPPCU/119_.000,"{""@odata.type"":""#Microsoft.Azure.Connectors.SharePoint.SPListExpandedContentType"",""Id"":""0x01009E3859902E23B24FAFFEB1621FDA4832"",""Name"":""Item""}",0x01009E3859902E23B24FAFFEB1621FDA4832,False,7.0,,,,,,,
"""16""",120,120,6840,Plude,13198351,2026-07-09,"AFIB MVR R KIDNEY REMOVED, OSA, PROSTATE, Poss Ablation, ECHO pending",possible ablation. US done. EF 30-35%. HR 120s-170-with moving. Fever overnight. with cough. CT chest pending. IV abx for PNA 7/12,"{""@odata.type"":""#Microsoft.Azure.Connectors.SharePoint.SPListExpandedReference"",""Id"":0,""Value"":""Home No Needs""}",0,"Attend/cardio, ep-Mondal",,,[],#Collection(Microsoft.Azure.Connectors.SharePoint.SPListExpandedReference),[],#Collection(Int64),[],#Collection(Microsoft.Azure.Connectors.SharePoint.SPListExpandedReference),[],#Collection(Int64),,,[],#Collection(Microsoft.Azure.Connectors.SharePoint.SPListExpandedReference),[],#Collection(Int64),,,[],#Collection(Microsoft.Azure.Connectors.SharePoint.SPListExpandedReference),[],#Collection(Int64),,,0,2026-07-03T22:25:00Z,False,False,False,False,False,False,2026-07-05,,,,,[],#Collection(Microsoft.Azure.Connectors.SharePoint.SPListExpandedReference),[],#Collection(Int64),,,,,False,True,False,False,False,False,False,False,False,False,13.0000000000000,"{""@odata.type"":""#Microsoft.Azure.Connectors.SharePoint.SPListExpandedReference"",""Id"":3,""Value"":""Discharged""}",3,2026-07-19T01:34:19Z,2026-07-03T22:25:26Z,"{""@odata.type"":""#Microsoft.Azure.Connectors.SharePoint.SPListExpandedUser"",""Claims"":""i:0#.f|membership|ssmc7a@multihosp.net"",""DisplayName"":""Smith, Shayla"",""Email"":""Shayla.Smith@AdventHealth.com"",""Picture"":""https://ahsonline.sharepoint.com/sites/group-gt6leadershipteamgroup/_layouts/15/UserPhoto.aspx?Size=L&AccountName=Shayla.Smith@AdventHealth.com"",""Department"":""ORL PCU Cardiopulmonary"",""JobTitle"":""Asst Nurse Mgr""}",i:0#.f|membership|ssmc7a@multihosp.net,"{""@odata.type"":""#Microsoft.Azure.Connectors.SharePoint.SPListExpandedUser"",""Claims"":""i:0#.f|membership|tjm254@multihosp.net"",""DisplayName"":""Moyer, Ted"",""Email"":""Ted.Moyer@AdventHealth.com"",""Picture"":""https://ahsonline.sharepoint.com/sites/group-gt6leadershipteamgroup/_layouts/15/UserPhoto.aspx?Size=L&AccountName=Ted.Moyer@AdventHealth.com"",""Department"":""ORL PCU Thoracic Pulmonary"",""JobTitle"":""Asst Nurse Mgr""}",i:0#.f|membership|tjm254@multihosp.net,Lists%252fGT6%2bSURGIFLOW%2bCPPCU%252f120_.000,False,"{""Large"":null,""Medium"":null,""Small"":null}",https://ahsonline.sharepoint.com/sites/group-gt6leadershipteamgroup/_layouts/15/listform.aspx?PageType=4&ListId=b1516083%2Da63d%2D4301%2D8686%2D4bd9d64675d3&ID=120&ContentTypeID=0x01009E3859902E23B24FAFFEB1621FDA4832,6840,6840,Lists/GT6 SURGIFLOW CPPCU/,Lists/GT6 SURGIFLOW CPPCU/120_.000,"{""@odata.type"":""#Microsoft.Azure.Connectors.SharePoint.SPListExpandedContentType"",""Id"":""0x01009E3859902E23B24FAFFEB1621FDA4832"",""Name"":""Item""}",0x01009E3859902E23B24FAFFEB1621FDA4832,False,16.0,"SELF, RA, AO4 ",Akpeke,,,,,
"""2""",121,121,6814,,,,,,,,,,,"[{""@odata.type"":""#Microsoft.Azure.Connectors.SharePoint.SPListExpandedReference"",""Id"":4,""Value"":""None""}]",#Collection(Microsoft.Azure.Connectors.SharePoint.SPListExpandedReference),[4],#Collection(Int64),[],#Collection(Microsoft.Azure.Connectors.SharePoint.SPListExpandedReference),[],#Collection(Int64),,,[],#Collection(Microsoft.Azure.Connectors.SharePoint.SPListExpandedReference),[],#Collection(Int64),,,[],#Collection(Microsoft.Azure.Connectors.SharePoint.SPListExpandedReference),[],#Collection(Int64),,,0,2026-07-03T22:26:26Z,False,False,False,False,False,False,,,,,,[],#Collection(Microsoft.Azure.Connectors.SharePoint.SPListExpandedReference),[],#Collection(Int64),,,,,False,True,False,False,False,False,False,False,False,False,46221.0000000000,"{""@odata.type"":""#Microsoft.Azure.Connectors.SharePoint.SPListExpandedReference"",""Id"":3,""Value"":""Discharged""}",3,2026-07-19T01:34:33Z,2026-07-03T22:26:26Z,"{""@odata.type"":""#Microsoft.Azure.Connectors.SharePoint.SPListExpandedUser"",""Claims"":""i:0#.f|membership|ssmc7a@multihosp.net"",""DisplayName"":""Smith, Shayla"",""Email"":""Shayla.Smith@AdventHealth.com"",""Picture"":""https://ahsonline.sharepoint.com/sites/group-gt6leadershipteamgroup/_layouts/15/UserPhoto.aspx?Size=L&AccountName=Shayla.Smith@AdventHealth.com"",""Department"":""ORL PCU Cardiopulmonary"",""JobTitle"":""Asst Nurse Mgr""}",i:0#.f|membership|ssmc7a@multihosp.net,"{""@odata.type"":""#Microsoft.Azure.Connectors.SharePoint.SPListExpandedUser"",""Claims"":""i:0#.f|membership|tjm254@multihosp.net"",""DisplayName"":""Moyer, Ted"",""Email"":""Ted.Moyer@AdventHealth.com"",""Picture"":""https://ahsonline.sharepoint.com/sites/group-gt6leadershipteamgroup/_layouts/15/UserPhoto.aspx?Size=L&AccountName=Ted.Moyer@AdventHealth.com"",""Department"":""ORL PCU Thoracic Pulmonary"",""JobTitle"":""Asst Nurse Mgr""}",i:0#.f|membership|tjm254@multihosp.net,Lists%252fGT6%2bSURGIFLOW%2bCPPCU%252f121_.000,False,"{""Large"":null,""Medium"":null,""Small"":null}",https://ahsonline.sharepoint.com/sites/group-gt6leadershipteamgroup/_layouts/15/listform.aspx?PageType=4&ListId=b1516083%2Da63d%2D4301%2D8686%2D4bd9d64675d3&ID=121&ContentTypeID=0x01009E3859902E23B24FAFFEB1621FDA4832,6814,6814,Lists/GT6 SURGIFLOW CPPCU/,Lists/GT6 SURGIFLOW CPPCU/121_.000,"{""@odata.type"":""#Microsoft.Azure.Connectors.SharePoint.SPListExpandedContentType"",""Id"":""0x01009E3859902E23B24FAFFEB1621FDA4832"",""Name"":""Item""}",0x01009E3859902E23B24FAFFEB1621FDA4832,False,2.0,,,,,,,
"""4""",122,122,6813,Donadio,13625618,,,,,,,,,[],#Collection(Microsoft.Azure.Connectors.SharePoint.SPListExpandedReference),[],#Collection(Int64),[],#Collection(Microsoft.Azure.Connectors.SharePoint.SPListExpandedReference),[],#Collection(Int64),,,[],#Collection(Microsoft.Azure.Connectors.SharePoint.SPListExpandedReference),[],#Collection(Int64),,,[],#Collection(Microsoft.Azure.Connectors.SharePoint.SPListExpandedReference),[],#Collection(Int64),,,0,2026-07-03T22:28:03Z,False,False,False,False,False,False,,,,,,[],#Collection(Microsoft.Azure.Connectors.SharePoint.SPListExpandedReference),[],#Collection(Int64),,,,,False,True,False,False,False,False,False,False,False,False,46221.0000000000,"{""@odata.type"":""#Microsoft.Azure.Connectors.SharePoint.SPListExpandedReference"",""Id"":3,""Value"":""Discharged""}",3,2026-07-19T01:34:27Z,2026-07-03T22:28:03Z,"{""@odata.type"":""#Microsoft.Azure.Connectors.SharePoint.SPListExpandedUser"",""Claims"":""i:0#.f|membership|ssmc7a@multihosp.net"",""DisplayName"":""Smith, Shayla"",""Email"":""Shayla.Smith@AdventHealth.com"",""Picture"":""https://ahsonline.sharepoint.com/sites/group-gt6leadershipteamgroup/_layouts/15/UserPhoto.aspx?Size=L&AccountName=Shayla.Smith@AdventHealth.com"",""Department"":""ORL PCU Cardiopulmonary"",""JobTitle"":""Asst Nurse Mgr""}",i:0#.f|membership|ssmc7a@multihosp.net,"{""@odata.type"":""#Microsoft.Azure.Connectors.SharePoint.SPListExpandedUser"",""Claims"":""i:0#.f|membership|tjm254@multihosp.net"",""DisplayName"":""Moyer, Ted"",""Email"":""Ted.Moyer@AdventHealth.com"",""Picture"":""https://ahsonline.sharepoint.com/sites/group-gt6leadershipteamgroup/_layouts/15/UserPhoto.aspx?Size=L&AccountName=Ted.Moyer@AdventHealth.com"",""Department"":""ORL PCU Thoracic Pulmonary"",""JobTitle"":""Asst Nurse Mgr""}",i:0#.f|membership|tjm254@multihosp.net,Lists%252fGT6%2bSURGIFLOW%2bCPPCU%252f122_.000,False,"{""Large"":null,""Medium"":null,""Small"":null}",https://ahsonline.sharepoint.com/sites/group-gt6leadershipteamgroup/_layouts/15/listform.aspx?PageType=4&ListId=b1516083%2Da63d%2D4301%2D8686%2D4bd9d64675d3&ID=122&ContentTypeID=0x01009E3859902E23B24FAFFEB1621FDA4832,6813,6813,Lists/GT6 SURGIFLOW CPPCU/,Lists/GT6 SURGIFLOW CPPCU/122_.000,"{""@odata.type"":""#Microsoft.Azure.Connectors.SharePoint.SPListExpandedContentType"",""Id"":""0x01009E3859902E23B24FAFFEB1621FDA4832"",""Name"":""Item""}",0x01009E3859902E23B24FAFFEB1621FDA4832,False,4.0,,,,,,,
"""22""",123,123,6816,Moore,502412547,2026-07-08,Pending CCTA,"CP, trending trops, cardio consulted CCTA and echo done. pending PPM interrogation pending Medtronic.   ","{""@odata.type"":""#Microsoft.Azure.Connectors.SharePoint.SPListExpandedReference"",""Id"":0,""Value"":""Home No Needs""}",0,cardio,,,[],#Collection(Microsoft.Azure.Connectors.SharePoint.SPListExpandedReference),[],#Collection(Int64),[],#Collection(Microsoft.Azure.Connectors.SharePoint.SPListExpandedReference),[],#Collection(Int64),,,[],#Collection(Microsoft.Azure.Connectors.SharePoint.SPListExpandedReference),[],#Collection(Int64),,,[],#Collection(Microsoft.Azure.Connectors.SharePoint.SPListExpandedReference),[],#Collection(Int64),,,0,,False,False,False,False,False,False,2026-07-06,,,,,[],#Collection(Microsoft.Azure.Connectors.SharePoint.SPListExpandedReference),[],#Collection(Int64),,,,,False,False,False,False,False,False,False,False,False,False,12.0000000000000,"{""@odata.type"":""#Microsoft.Azure.Connectors.SharePoint.SPListExpandedReference"",""Id"":3,""Value"":""Discharged""}",3,2026-07-19T01:34:21Z,2026-07-03T22:28:30Z,"{""@odata.type"":""#Microsoft.Azure.Connectors.SharePoint.SPListExpandedUser"",""Claims"":""i:0#.f|membership|ssmc7a@multihosp.net"",""DisplayName"":""Smith, Shayla"",""Email"":""Shayla.Smith@AdventHealth.com"",""Picture"":""https://ahsonline.sharepoint.com/sites/group-gt6leadershipteamgroup/_layouts/15/UserPhoto.aspx?Size=L&AccountName=Shayla.Smith@AdventHealth.com"",""Department"":""ORL PCU Cardiopulmonary"",""JobTitle"":""Asst Nurse Mgr""}",i:0#.f|membership|ssmc7a@multihosp.net,"{""@odata.type"":""#Microsoft.Azure.Connectors.SharePoint.SPListExpandedUser"",""Claims"":""i:0#.f|membership|tjm254@multihosp.net"",""DisplayName"":""Moyer, Ted"",""Email"":""Ted.Moyer@AdventHealth.com"",""Picture"":""https://ahsonline.sharepoint.com/sites/group-gt6leadershipteamgroup/_layouts/15/UserPhoto.aspx?Size=L&AccountName=Ted.Moyer@AdventHealth.com"",""Department"":""ORL PCU Thoracic Pulmonary"",""JobTitle"":""Asst Nurse Mgr""}",i:0#.f|membership|tjm254@multihosp.net,Lists%252fGT6%2bSURGIFLOW%2bCPPCU%252f123_.000,False,"{""Large"":null,""Medium"":null,""Small"":null}",https://ahsonline.sharepoint.com/sites/group-gt6leadershipteamgroup/_layouts/15/listform.aspx?PageType=4&ListId=b1516083%2Da63d%2D4301%2D8686%2D4bd9d64675d3&ID=123&ContentTypeID=0x01009E3859902E23B24FAFFEB1621FDA4832,6816,6816,Lists/GT6 SURGIFLOW CPPCU/,Lists/GT6 SURGIFLOW CPPCU/123_.000,"{""@odata.type"":""#Microsoft.Azure.Connectors.SharePoint.SPListExpandedContentType"",""Id"":""0x01009E3859902E23B24FAFFEB1621FDA4832"",""Name"":""Item""}",0x01009E3859902E23B24FAFFEB1621FDA4832,False,22.0,,,,,,,
"""16""",124,124,6839,Montijo Rodriguez,502518803,2026-07-11,"PH patient: SOB, IV diuretics, RHC 7/10 0930 w/Stansberry",Noncomplaint w/ DAPT. New imdur. TTE- worsening PH. Medical management no interventions. held adempas 7/8. RHC 7/10- wants a different provider or dc to readmit for HC. Yutrepia/ adempas/ opsumit. YUTREPIA TIMES NEED TO BE ADJUSTED- PT TAKING OWN MED WHENEVR. ,,,,"{""@odata.type"":""#Microsoft.Azure.Connectors.SharePoint.SPListExpandedReference"",""Id"":0,""Value"":""A&O""}",0,[],#Collection(Microsoft.Azure.Connectors.SharePoint.SPListExpandedReference),[],#Collection(Int64),[],#Collection(Microsoft.Azure.Connectors.SharePoint.SPListExpandedReference),[],#Collection(Int64),,,[],#Collection(Microsoft.Azure.Connectors.SharePoint.SPListExpandedReference),[],#Collection(Int64),,,[],#Collection(Microsoft.Azure.Connectors.SharePoint.SPListExpandedReference),[],#Collection(Int64),,,0,2026-07-04T14:15:59Z,False,False,False,False,False,False,2026-07-04,,,"{""@odata.type"":""#Microsoft.Azure.Connectors.SharePoint.SPListExpandedReference"",""Id"":0,""Value"":""Self""}",0,[],#Collection(Microsoft.Azure.Connectors.SharePoint.SPListExpandedReference),[],#Collection(Int64),,,,,False,True,False,False,False,False,False,False,False,False,14.0000000000000,"{""@odata.type"":""#Microsoft.Azure.Connectors.SharePoint.SPListExpandedReference"",""Id"":3,""Value"":""Discharged""}",3,2026-07-19T01:34:38Z,2026-07-04T14:15:59Z,"{""@odata.type"":""#Microsoft.Azure.Connectors.SharePoint.SPListExpandedUser"",""Claims"":""i:0#.f|membership|jheb9a@multihosp.net"",""DisplayName"":""Henao Gaviria, Juliana"",""Email"":""juliana.henaogaviria@adventhealth.com"",""Picture"":""https://ahsonline.sharepoint.com/sites/group-gt6leadershipteamgroup/_layouts/15/UserPhoto.aspx?Size=L&AccountName=juliana.henaogaviria@adventhealth.com"",""Department"":""ORL PCU Cardiopulmonary"",""JobTitle"":""Registered Nurse""}",i:0#.f|membership|jheb9a@multihosp.net,"{""@odata.type"":""#Microsoft.Azure.Connectors.SharePoint.SPListExpandedUser"",""Claims"":""i:0#.f|membership|tjm254@multihosp.net"",""DisplayName"":""Moyer, Ted"",""Email"":""Ted.Moyer@AdventHealth.com"",""Picture"":""https://ahsonline.sharepoint.com/sites/group-gt6leadershipteamgroup/_layouts/15/UserPhoto.aspx?Size=L&AccountName=Ted.Moyer@AdventHealth.com"",""Department"":""ORL PCU Thoracic Pulmonary"",""JobTitle"":""Asst Nurse Mgr""}",i:0#.f|membership|tjm254@multihosp.net,Lists%252fGT6%2bSURGIFLOW%2bCPPCU%252f124_.000,False,"{""Large"":null,""Medium"":null,""Small"":null}",https://ahsonline.sharepoint.com/sites/group-gt6leadershipteamgroup/_layouts/15/listform.aspx?PageType=4&ListId=b1516083%2Da63d%2D4301%2D8686%2D4bd9d64675d3&ID=124&ContentTypeID=0x01009E3859902E23B24FAFFEB1621FDA4832,6839,6839,Lists/GT6 SURGIFLOW CPPCU/,Lists/GT6 SURGIFLOW CPPCU/124_.000,"{""@odata.type"":""#Microsoft.Azure.Connectors.SharePoint.SPListExpandedContentType"",""Id"":""0x01009E3859902E23B24FAFFEB1621FDA4832"",""Name"":""Item""}",0x01009E3859902E23B24FAFFEB1621FDA4832,False,16.0,,,,requesting HC earlier,,,
"""27""",125,125,6810,Webb,13812231,2026-07-10,"Pending LHC, ETA?","Poss HC 7/8 1515, pending POC. ","{""@odata.type"":""#Microsoft.Azure.Connectors.SharePoint.SPListExpandedReference"",""Id"":0,""Value"":""Home No Needs""}",0,cardio. attn ,,,[],#Collection(Microsoft.Azure.Connectors.SharePoint.SPListExpandedReference),[],#Collection(Int64),[],#Collection(Microsoft.Azure.Connectors.SharePoint.SPListExpandedReference),[],#Collection(Int64),,,[],#Collection(Microsoft.Azure.Connectors.SharePoint.SPListExpandedReference),[],#Collection(Int64),,,[],#Collection(Microsoft.Azure.Connectors.SharePoint.SPListExpandedReference),[],#Collection(Int64),,,0,2026-07-06T14:16:00Z,False,False,False,False,False,False,,,,,,[],#Collection(Microsoft.Azure.Connectors.SharePoint.SPListExpandedReference),[],#Collection(Int64),,,,,False,True,False,False,False,False,False,False,False,False,46221.0000000000,"{""@odata.type"":""#Microsoft.Azure.Connectors.SharePoint.SPListExpandedReference"",""Id"":3,""Value"":""Discharged""}",3,2026-07-19T01:34:37Z,2026-07-04T14:16:06Z,"{""@odata.type"":""#Microsoft.Azure.Connectors.SharePoint.SPListExpandedUser"",""Claims"":""i:0#.f|membership|jheb9a@multihosp.net"",""DisplayName"":""Henao Gaviria, Juliana"",""Email"":""juliana.henaogaviria@adventhealth.com"",""Picture"":""https://ahsonline.sharepoint.com/sites/group-gt6leadershipteamgroup/_layouts/15/UserPhoto.aspx?Size=L&AccountName=juliana.henaogaviria@adventhealth.com"",""Department"":""ORL PCU Cardiopulmonary"",""JobTitle"":""Registered Nurse""}",i:0#.f|membership|jheb9a@multihosp.net,"{""@odata.type"":""#Microsoft.Azure.Connectors.SharePoint.SPListExpandedUser"",""Claims"":""i:0#.f|membership|tjm254@multihosp.net"",""DisplayName"":""Moyer, Ted"",""Email"":""Ted.Moyer@AdventHealth.com"",""Picture"":""https://ahsonline.sharepoint.com/sites/group-gt6leadershipteamgroup/_layouts/15/UserPhoto.aspx?Size=L&AccountName=Ted.Moyer@AdventHealth.com"",""Department"":""ORL PCU Thoracic Pulmonary"",""JobTitle"":""Asst Nurse Mgr""}",i:0#.f|membership|tjm254@multihosp.net,Lists%252fGT6%2bSURGIFLOW%2bCPPCU%252f125_.000,False,"{""Large"":null,""Medium"":null,""Small"":null}",https://ahsonline.sharepoint.com/sites/group-gt6leadershipteamgroup/_layouts/15/listform.aspx?PageType=4&ListId=b1516083%2Da63d%2D4301%2D8686%2D4bd9d64675d3&ID=125&ContentTypeID=0x01009E3859902E23B24FAFFEB1621FDA4832,6810,6810,Lists/GT6 SURGIFLOW CPPCU/,Lists/GT6 SURGIFLOW CPPCU/125_.000,"{""@odata.type"":""#Microsoft.Azure.Connectors.SharePoint.SPListExpandedContentType"",""Id"":""0x01009E3859902E23B24FAFFEB1621FDA4832"",""Name"":""Item""}",0x01009E3859902E23B24FAFFEB1621FDA4832,False,27.0,,,,"Violence in Healthcare, Suicide Risk:",,,
"""33""",126,126,6803,Boler,502627380,2026-07-16,,Monitor glycemic control - sugars are better controlled. Possible d/c tomorrow. increased Lantus. US ABD/Pelvis- to be read to DC,"{""@odata.type"":""#Microsoft.Azure.Connectors.SharePoint.SPListExpandedReference"",""Id"":0,""Value"":""Home No Needs""}",0,PH ,,,[],#Collection(Microsoft.Azure.Connectors.SharePoint.SPListExpandedReference),[],#Collection(Int64),[],#Collection(Microsoft.Azure.Connectors.SharePoint.SPListExpandedReference),[],#Collection(Int64),,,[],#Collection(Microsoft.Azure.Connectors.SharePoint.SPListExpandedReference),[],#Collection(Int64),,,[],#Collection(Microsoft.Azure.Connectors.SharePoint.SPListExpandedReference),[],#Collection(Int64),,,0,2026-07-05T04:24:05Z,False,False,False,False,False,False,2026-07-04,,,,,[],#Collection(Microsoft.Azure.Connectors.SharePoint.SPListExpandedReference),[],#Collection(Int64),,,,,False,True,False,False,False,False,False,False,False,False,14.0000000000000,"{""@odata.type"":""#Microsoft.Azure.Connectors.SharePoint.SPListExpandedReference"",""Id"":3,""Value"":""Discharged""}",3,2026-07-19T01:35:31Z,2026-07-05T04:24:05Z,"{""@odata.type"":""#Microsoft.Azure.Connectors.SharePoint.SPListExpandedUser"",""Claims"":""i:0#.f|membership|rcufd6@multihosp.net"",""DisplayName"":""Cunningham, Ryan"",""Email"":""ryan.cunningham@adventhealth.com"",""Picture"":""https://ahsonline.sharepoint.com/sites/group-gt6leadershipteamgroup/_layouts/15/UserPhoto.aspx?Size=L&AccountName=ryan.cunningham@adventhealth.com"",""Department"":""ORL PCU Cardiopulmonary"",""JobTitle"":""Registered Nurse""}",i:0#.f|membership|rcufd6@multihosp.net,"{""@odata.type"":""#Microsoft.Azure.Connectors.SharePoint.SPListExpandedUser"",""Claims"":""i:0#.f|membership|tjm254@multihosp.net"",""DisplayName"":""Moyer, Ted"",""Email"":""Ted.Moyer@AdventHealth.com"",""Picture"":""https://ahsonline.sharepoint.com/sites/group-gt6leadershipteamgroup/_layouts/15/UserPhoto.aspx?Size=L&AccountName=Ted.Moyer@AdventHealth.com"",""Department"":""ORL PCU Thoracic Pulmonary"",""JobTitle"":""Asst Nurse Mgr""}",i:0#.f|membership|tjm254@multihosp.net,Lists%252fGT6%2bSURGIFLOW%2bCPPCU%252f126_.000,False,"{""Large"":null,""Medium"":null,""Small"":null}",https://ahsonline.sharepoint.com/sites/group-gt6leadershipteamgroup/_layouts/15/listform.aspx?PageType=4&ListId=b1516083%2Da63d%2D4301%2D8686%2D4bd9d64675d3&ID=126&ContentTypeID=0x01009E3859902E23B24FAFFEB1621FDA4832,6803,6803,Lists/GT6 SURGIFLOW CPPCU/,Lists/GT6 SURGIFLOW CPPCU/126_.000,"{""@odata.type"":""#Microsoft.Azure.Connectors.SharePoint.SPListExpandedContentType"",""Id"":""0x01009E3859902E23B24FAFFEB1621FDA4832"",""Name"":""Item""}",0x01009E3859902E23B24FAFFEB1621FDA4832,False,33.0,,Dr. Akram,,,,,
"""12""",127,127,6804,Bailey,15185002,2026-07-09,"HTN, BPH, AFIB
",Sotalol loading done 7/8; s/p cardioversion 7.8 AM. RA. To reeval BP meds; bradycardic- on call cardio aware. ,"{""@odata.type"":""#Microsoft.Azure.Connectors.SharePoint.SPListExpandedReference"",""Id"":0,""Value"":""Home No Needs""}",0,"EP, ATTN",,,[],#Collection(Microsoft.Azure.Connectors.SharePoint.SPListExpandedReference),[],#Collection(Int64),[],#Collection(Microsoft.Azure.Connectors.SharePoint.SPListExpandedReference),[],#Collection(Int64),,,[],#Collection(Microsoft.Azure.Connectors.SharePoint.SPListExpandedReference),[],#Collection(Int64),,,[],#Collection(Microsoft.Azure.Connectors.SharePoint.SPListExpandedReference),[],#Collection(Int64),,,0,2026-07-05T04:24:20Z,False,False,False,False,False,False,2026-07-05,,,,,[],#Collection(Microsoft.Azure.Connectors.SharePoint.SPListExpandedReference),[],#Collection(Int64),,,,,False,True,False,False,False,False,False,False,False,False,13.0000000000000,"{""@odata.type"":""#Microsoft.Azure.Connectors.SharePoint.SPListExpandedReference"",""Id"":3,""Value"":""Discharged""}",3,2026-07-19T01:34:39Z,2026-07-05T04:24:20Z,"{""@odata.type"":""#Microsoft.Azure.Connectors.SharePoint.SPListExpandedUser"",""Claims"":""i:0#.f|membership|rcufd6@multihosp.net"",""DisplayName"":""Cunningham, Ryan"",""Email"":""ryan.cunningham@adventhealth.com"",""Picture"":""https://ahsonline.sharepoint.com/sites/group-gt6leadershipteamgroup/_layouts/15/UserPhoto.aspx?Size=L&AccountName=ryan.cunningham@adventhealth.com"",""Department"":""ORL PCU Cardiopulmonary"",""JobTitle"":""Registered Nurse""}",i:0#.f|membership|rcufd6@multihosp.net,"{""@odata.type"":""#Microsoft.Azure.Connectors.SharePoint.SPListExpandedUser"",""Claims"":""i:0#.f|membership|tjm254@multihosp.net"",""DisplayName"":""Moyer, Ted"",""Email"":""Ted.Moyer@AdventHealth.com"",""Picture"":""https://ahsonline.sharepoint.com/sites/group-gt6leadershipteamgroup/_layouts/15/UserPhoto.aspx?Size=L&AccountName=Ted.Moyer@AdventHealth.com"",""Department"":""ORL PCU Thoracic Pulmonary"",""JobTitle"":""Asst Nurse Mgr""}",i:0#.f|membership|tjm254@multihosp.net,Lists%252fGT6%2bSURGIFLOW%2bCPPCU%252f127_.000,False,"{""Large"":null,""Medium"":null,""Small"":null}",https://ahsonline.sharepoint.com/sites/group-gt6leadershipteamgroup/_layouts/15/listform.aspx?PageType=4&ListId=b1516083%2Da63d%2D4301%2D8686%2D4bd9d64675d3&ID=127&ContentTypeID=0x01009E3859902E23B24FAFFEB1621FDA4832,6804,6804,Lists/GT6 SURGIFLOW CPPCU/,Lists/GT6 SURGIFLOW CPPCU/127_.000,"{""@odata.type"":""#Microsoft.Azure.Connectors.SharePoint.SPListExpandedContentType"",""Id"":""0x01009E3859902E23B24FAFFEB1621FDA4832"",""Name"":""Item""}",0x01009E3859902E23B24FAFFEB1621FDA4832,False,12.0,"DCP HHC w/ RN, pending orders ",Amawi,,,,,
"""23""",128,128,6807,Batt,11969858,2026-07-15,"HTN
Lung cancer
R. breast cancer
Renal cell carcinoma
Thora after INR lower than 1.5, current 2.35
","S/p PleurX w/-1500; possible MWF drainage. Following Oncology's POC; IV abx 7/15; .Bridging w/ Lovenox. Going home w/ Hospice. INR 1.95, goal 2-3. ","{""@odata.type"":""#Microsoft.Azure.Connectors.SharePoint.SPListExpandedReference"",""Id"":1,""Value"":""HHC""}",1,"Onc, pulm. attn",,,[],#Collection(Microsoft.Azure.Connectors.SharePoint.SPListExpandedReference),[],#Collection(Int64),[],#Collection(Microsoft.Azure.Connectors.SharePoint.SPListExpandedReference),[],#Collection(Int64),,,[],#Collection(Microsoft.Azure.Connectors.SharePoint.SPListExpandedReference),[],#Collection(Int64),,,[],#Collection(Microsoft.Azure.Connectors.SharePoint.SPListExpandedReference),[],#Collection(Int64),,,0,2026-07-05T04:24:50Z,False,False,False,False,False,False,2026-07-05,,,,,[],#Collection(Microsoft.Azure.Connectors.SharePoint.SPListExpandedReference),[],#Collection(Int64),,,,,False,True,False,False,False,False,False,False,False,False,13.0000000000000,"{""@odata.type"":""#Microsoft.Azure.Connectors.SharePoint.SPListExpandedReference"",""Id"":3,""Value"":""Discharged""}",3,2026-07-19T01:35:37Z,2026-07-05T04:24:50Z,"{""@odata.type"":""#Microsoft.Azure.Connectors.SharePoint.SPListExpandedUser"",""Claims"":""i:0#.f|membership|rcufd6@multihosp.net"",""DisplayName"":""Cunningham, Ryan"",""Email"":""ryan.cunningham@adventhealth.com"",""Picture"":""https://ahsonline.sharepoint.com/sites/group-gt6leadershipteamgroup/_layouts/15/UserPhoto.aspx?Size=L&AccountName=ryan.cunningham@adventhealth.com"",""Department"":""ORL PCU Cardiopulmonary"",""JobTitle"":""Registered Nurse""}",i:0#.f|membership|rcufd6@multihosp.net,"{""@odata.type"":""#Microsoft.Azure.Connectors.SharePoint.SPListExpandedUser"",""Claims"":""i:0#.f|membership|tjm254@multihosp.net"",""DisplayName"":""Moyer, Ted"",""Email"":""Ted.Moyer@AdventHealth.com"",""Picture"":""https://ahsonline.sharepoint.com/sites/group-gt6leadershipteamgroup/_layouts/15/UserPhoto.aspx?Size=L&AccountName=Ted.Moyer@AdventHealth.com"",""Department"":""ORL PCU Thoracic Pulmonary"",""JobTitle"":""Asst Nurse Mgr""}",i:0#.f|membership|tjm254@multihosp.net,Lists%252fGT6%2bSURGIFLOW%2bCPPCU%252f128_.000,False,"{""Large"":null,""Medium"":null,""Small"":null}",https://ahsonline.sharepoint.com/sites/group-gt6leadershipteamgroup/_layouts/15/listform.aspx?PageType=4&ListId=b1516083%2Da63d%2D4301%2D8686%2D4bd9d64675d3&ID=128&ContentTypeID=0x01009E3859902E23B24FAFFEB1621FDA4832,6807,6807,Lists/GT6 SURGIFLOW CPPCU/,Lists/GT6 SURGIFLOW CPPCU/128_.000,"{""@odata.type"":""#Microsoft.Azure.Connectors.SharePoint.SPListExpandedContentType"",""Id"":""0x01009E3859902E23B24FAFFEB1621FDA4832"",""Name"":""Item""}",0x01009E3859902E23B24FAFFEB1621FDA4832,False,23.0,DCP SNF vs HHC w/ FWW. ,Dr. Tambunan,Shortness of breath,,,,
"""22""",129,129,6813,Lichter,6879033,2026-07-12,Afib,Cardio consulted for Afib RVR. now in SR after CV in ED. Morphine q4h. pain mgt. LHC planned 7/10 for persistent CP. ,"{""@odata.type"":""#Microsoft.Azure.Connectors.SharePoint.SPListExpandedReference"",""Id"":0,""Value"":""Home No Needs""}",0,"Cardio, Att",,,[],#Collection(Microsoft.Azure.Connectors.SharePoint.SPListExpandedReference),[],#Collection(Int64),[],#Collection(Microsoft.Azure.Connectors.SharePoint.SPListExpandedReference),[],#Collection(Int64),,,[],#Collection(Microsoft.Azure.Connectors.SharePoint.SPListExpandedReference),[],#Collection(Int64),,,[],#Collection(Microsoft.Azure.Connectors.SharePoint.SPListExpandedReference),[],#Collection(Int64),,,0,2026-07-05T04:26:48Z,False,False,False,False,False,False,2026-07-07,,,,,[],#Collection(Microsoft.Azure.Connectors.SharePoint.SPListExpandedReference),[],#Collection(Int64),,,,,False,True,False,False,False,False,False,False,False,False,11.0000000000000,"{""@odata.type"":""#Microsoft.Azure.Connectors.SharePoint.SPListExpandedReference"",""Id"":3,""Value"":""Discharged""}",3,2026-07-19T01:35:22Z,2026-07-05T04:26:48Z,"{""@odata.type"":""#Microsoft.Azure.Connectors.SharePoint.SPListExpandedUser"",""Claims"":""i:0#.f|membership|rcufd6@multihosp.net"",""DisplayName"":""Cunningham, Ryan"",""Email"":""ryan.cunningham@adventhealth.com"",""Picture"":""https://ahsonline.sharepoint.com/sites/group-gt6leadershipteamgroup/_layouts/15/UserPhoto.aspx?Size=L&AccountName=ryan.cunningham@adventhealth.com"",""Department"":""ORL PCU Cardiopulmonary"",""JobTitle"":""Registered Nurse""}",i:0#.f|membership|rcufd6@multihosp.net,"{""@odata.type"":""#Microsoft.Azure.Connectors.SharePoint.SPListExpandedUser"",""Claims"":""i:0#.f|membership|tjm254@multihosp.net"",""DisplayName"":""Moyer, Ted"",""Email"":""Ted.Moyer@AdventHealth.com"",""Picture"":""https://ahsonline.sharepoint.com/sites/group-gt6leadershipteamgroup/_layouts/15/UserPhoto.aspx?Size=L&AccountName=Ted.Moyer@AdventHealth.com"",""Department"":""ORL PCU Thoracic Pulmonary"",""JobTitle"":""Asst Nurse Mgr""}",i:0#.f|membership|tjm254@multihosp.net,Lists%252fGT6%2bSURGIFLOW%2bCPPCU%252f129_.000,False,"{""Large"":null,""Medium"":null,""Small"":null}",https://ahsonline.sharepoint.com/sites/group-gt6leadershipteamgroup/_layouts/15/listform.aspx?PageType=4&ListId=b1516083%2Da63d%2D4301%2D8686%2D4bd9d64675d3&ID=129&ContentTypeID=0x01009E3859902E23B24FAFFEB1621FDA4832,6813,6813,Lists/GT6 SURGIFLOW CPPCU/,Lists/GT6 SURGIFLOW CPPCU/129_.000,"{""@odata.type"":""#Microsoft.Azure.Connectors.SharePoint.SPListExpandedContentType"",""Id"":""0x01009E3859902E23B24FAFFEB1621FDA4832"",""Name"":""Item""}",0x01009E3859902E23B24FAFFEB1621FDA4832,False,22.0,RA; No CM needs. ,Dr. Clarke,,,,,
"""18""",130,130,6817,Alexander,43362373,2026-07-09,DA for Sotalol loading,Sotalol loading 6 Dose on 7/9 am. CV on 7/6. Pulm consulted for CT abd/pelvis results.,"{""@odata.type"":""#Microsoft.Azure.Connectors.SharePoint.SPListExpandedReference"",""Id"":0,""Value"":""Home No Needs""}",0,"EP, attn, pul",,,[],#Collection(Microsoft.Azure.Connectors.SharePoint.SPListExpandedReference),[],#Collection(Int64),[],#Collection(Microsoft.Azure.Connectors.SharePoint.SPListExpandedReference),[],#Collection(Int64),,,[],#Collection(Microsoft.Azure.Connectors.SharePoint.SPListExpandedReference),[],#Collection(Int64),,,[],#Collection(Microsoft.Azure.Connectors.SharePoint.SPListExpandedReference),[],#Collection(Int64),,,0,2026-07-05T04:27:20Z,False,False,False,False,False,False,,,,,,[],#Collection(Microsoft.Azure.Connectors.SharePoint.SPListExpandedReference),[],#Collection(Int64),,,,,False,True,False,False,False,False,False,False,False,False,46221.0000000000,"{""@odata.type"":""#Microsoft.Azure.Connectors.SharePoint.SPListExpandedReference"",""Id"":3,""Value"":""Discharged""}",3,2026-07-19T01:35:23Z,2026-07-05T04:27:20Z,"{""@odata.type"":""#Microsoft.Azure.Connectors.SharePoint.SPListExpandedUser"",""Claims"":""i:0#.f|membership|rcufd6@multihosp.net"",""DisplayName"":""Cunningham, Ryan"",""Email"":""ryan.cunningham@adventhealth.com"",""Picture"":""https://ahsonline.sharepoint.com/sites/group-gt6leadershipteamgroup/_layouts/15/UserPhoto.aspx?Size=L&AccountName=ryan.cunningham@adventhealth.com"",""Department"":""ORL PCU Cardiopulmonary"",""JobTitle"":""Registered Nurse""}",i:0#.f|membership|rcufd6@multihosp.net,"{""@odata.type"":""#Microsoft.Azure.Connectors.SharePoint.SPListExpandedUser"",""Claims"":""i:0#.f|membership|tjm254@multihosp.net"",""DisplayName"":""Moyer, Ted"",""Email"":""Ted.Moyer@AdventHealth.com"",""Picture"":""https://ahsonline.sharepoint.com/sites/group-gt6leadershipteamgroup/_layouts/15/UserPhoto.aspx?Size=L&AccountName=Ted.Moyer@AdventHealth.com"",""Department"":""ORL PCU Thoracic Pulmonary"",""JobTitle"":""Asst Nurse Mgr""}",i:0#.f|membership|tjm254@multihosp.net,Lists%252fGT6%2bSURGIFLOW%2bCPPCU%252f130_.000,False,"{""Large"":null,""Medium"":null,""Small"":null}",https://ahsonline.sharepoint.com/sites/group-gt6leadershipteamgroup/_layouts/15/listform.aspx?PageType=4&ListId=b1516083%2Da63d%2D4301%2D8686%2D4bd9d64675d3&ID=130&ContentTypeID=0x01009E3859902E23B24FAFFEB1621FDA4832,6817,6817,Lists/GT6 SURGIFLOW CPPCU/,Lists/GT6 SURGIFLOW CPPCU/130_.000,"{""@odata.type"":""#Microsoft.Azure.Connectors.SharePoint.SPListExpandedContentType"",""Id"":""0x01009E3859902E23B24FAFFEB1621FDA4832"",""Name"":""Item""}",0x01009E3859902E23B24FAFFEB1621FDA4832,False,18.0,"RA, SELF ",,CABG,,,,
"""28""",132,132,6819,Santiago,512315037,2026-07-15,"Foley cath placed for urinary retention, Renal US completed, pending cardio eval, and IV lasix. 
Pending Nephro POC ",Blind. IVP Lasix on hold due to elevated sCr. Nephro-foley -IVF for crt 3.41 100mL/hr.  S/p Kidney biopsy - pending results. Neuro consulted for lethargy - CNS depressants d/c. Neurosx s/o - no acute intervention for disc issues.  Pending diabetic education. ,"{""@odata.type"":""#Microsoft.Azure.Connectors.SharePoint.SPListExpandedReference"",""Id"":1,""Value"":""HHC""}",1,"Nephro, Attend",,,[],#Collection(Microsoft.Azure.Connectors.SharePoint.SPListExpandedReference),[],#Collection(Int64),[],#Collection(Microsoft.Azure.Connectors.SharePoint.SPListExpandedReference),[],#Collection(Int64),,,[],#Collection(Microsoft.Azure.Connectors.SharePoint.SPListExpandedReference),[],#Collection(Int64),,,[],#Collection(Microsoft.Azure.Connectors.SharePoint.SPListExpandedReference),[],#Collection(Int64),,,0,2026-07-05T04:28:12Z,False,False,False,False,False,False,2026-07-04,,,,,[],#Collection(Microsoft.Azure.Connectors.SharePoint.SPListExpandedReference),[],#Collection(Int64),,,,,False,True,False,False,False,False,False,False,False,False,14.0000000000000,"{""@odata.type"":""#Microsoft.Azure.Connectors.SharePoint.SPListExpandedReference"",""Id"":3,""Value"":""Discharged""}",3,2026-07-19T01:35:38Z,2026-07-05T04:28:12Z,"{""@odata.type"":""#Microsoft.Azure.Connectors.SharePoint.SPListExpandedUser"",""Claims"":""i:0#.f|membership|rcufd6@multihosp.net"",""DisplayName"":""Cunningham, Ryan"",""Email"":""ryan.cunningham@adventhealth.com"",""Picture"":""https://ahsonline.sharepoint.com/sites/group-gt6leadershipteamgroup/_layouts/15/UserPhoto.aspx?Size=L&AccountName=ryan.cunningham@adventhealth.com"",""Department"":""ORL PCU Cardiopulmonary"",""JobTitle"":""Registered Nurse""}",i:0#.f|membership|rcufd6@multihosp.net,"{""@odata.type"":""#Microsoft.Azure.Connectors.SharePoint.SPListExpandedUser"",""Claims"":""i:0#.f|membership|tjm254@multihosp.net"",""DisplayName"":""Moyer, Ted"",""Email"":""Ted.Moyer@AdventHealth.com"",""Picture"":""https://ahsonline.sharepoint.com/sites/group-gt6leadershipteamgroup/_layouts/15/UserPhoto.aspx?Size=L&AccountName=Ted.Moyer@AdventHealth.com"",""Department"":""ORL PCU Thoracic Pulmonary"",""JobTitle"":""Asst Nurse Mgr""}",i:0#.f|membership|tjm254@multihosp.net,Lists%252fGT6%2bSURGIFLOW%2bCPPCU%252f132_.000,False,"{""Large"":null,""Medium"":null,""Small"":null}",https://ahsonline.sharepoint.com/sites/group-gt6leadershipteamgroup/_layouts/15/listform.aspx?PageType=4&ListId=b1516083%2Da63d%2D4301%2D8686%2D4bd9d64675d3&ID=132&ContentTypeID=0x01009E3859902E23B24FAFFEB1621FDA4832,6819,6819,Lists/GT6 SURGIFLOW CPPCU/,Lists/GT6 SURGIFLOW CPPCU/132_.000,"{""@odata.type"":""#Microsoft.Azure.Connectors.SharePoint.SPListExpandedContentType"",""Id"":""0x01009E3859902E23B24FAFFEB1621FDA4832"",""Name"":""Item""}",0x01009E3859902E23B24FAFFEB1621FDA4832,False,28.0,"IV diuresing, foley for retention. HHC  vs CM paid outpt services. 

Pending 6MWT",,Hypertension,"Uninsured--Cannot do SNF. 

Blind: pending DM education. ",,,
"""18""",135,135,6827,Kinsley,13661110,2026-07-09,"A fib ablation 7/6 w/Monir, cardio following","Ablation 7/6. 
Tikosyn loading 6th dose in am","{""@odata.type"":""#Microsoft.Azure.Connectors.SharePoint.SPListExpandedReference"",""Id"":0,""Value"":""Home No Needs""}",0,,,,[],#Collection(Microsoft.Azure.Connectors.SharePoint.SPListExpandedReference),[],#Collection(Int64),[],#Collection(Microsoft.Azure.Connectors.SharePoint.SPListExpandedReference),[],#Collection(Int64),,,[],#Collection(Microsoft.Azure.Connectors.SharePoint.SPListExpandedReference),[],#Collection(Int64),,,[],#Collection(Microsoft.Azure.Connectors.SharePoint.SPListExpandedReference),[],#Collection(Int64),,,0,,False,False,False,False,False,False,,,,,,[],#Collection(Microsoft.Azure.Connectors.SharePoint.SPListExpandedReference),[],#Collection(Int64),,,,,False,False,False,False,False,False,False,False,False,False,46221.0000000000,"{""@odata.type"":""#Microsoft.Azure.Connectors.SharePoint.SPListExpandedReference"",""Id"":3,""Value"":""Discharged""}",3,2026-07-19T01:34:40Z,2026-07-05T04:29:14Z,"{""@odata.type"":""#Microsoft.Azure.Connectors.SharePoint.SPListExpandedUser"",""Claims"":""i:0#.f|membership|rcufd6@multihosp.net"",""DisplayName"":""Cunningham, Ryan"",""Email"":""ryan.cunningham@adventhealth.com"",""Picture"":""https://ahsonline.sharepoint.com/sites/group-gt6leadershipteamgroup/_layouts/15/UserPhoto.aspx?Size=L&AccountName=ryan.cunningham@adventhealth.com"",""Department"":""ORL PCU Cardiopulmonary"",""JobTitle"":""Registered Nurse""}",i:0#.f|membership|rcufd6@multihosp.net,"{""@odata.type"":""#Microsoft.Azure.Connectors.SharePoint.SPListExpandedUser"",""Claims"":""i:0#.f|membership|tjm254@multihosp.net"",""DisplayName"":""Moyer, Ted"",""Email"":""Ted.Moyer@AdventHealth.com"",""Picture"":""https://ahsonline.sharepoint.com/sites/group-gt6leadershipteamgroup/_layouts/15/UserPhoto.aspx?Size=L&AccountName=Ted.Moyer@AdventHealth.com"",""Department"":""ORL PCU Thoracic Pulmonary"",""JobTitle"":""Asst Nurse Mgr""}",i:0#.f|membership|tjm254@multihosp.net,Lists%252fGT6%2bSURGIFLOW%2bCPPCU%252f135_.000,False,"{""Large"":null,""Medium"":null,""Small"":null}",https://ahsonline.sharepoint.com/sites/group-gt6leadershipteamgroup/_layouts/15/listform.aspx?PageType=4&ListId=b1516083%2Da63d%2D4301%2D8686%2D4bd9d64675d3&ID=135&ContentTypeID=0x01009E3859902E23B24FAFFEB1621FDA4832,6827,6827,Lists/GT6 SURGIFLOW CPPCU/,Lists/GT6 SURGIFLOW CPPCU/135_.000,"{""@odata.type"":""#Microsoft.Azure.Connectors.SharePoint.SPListExpandedContentType"",""Id"":""0x01009E3859902E23B24FAFFEB1621FDA4832"",""Name"":""Item""}",0x01009E3859902E23B24FAFFEB1621FDA4832,False,18.0,RA,,,,,,
"""8""",139,139,6806,"Rodriguez, R. ",502414312,2026-07-10,Listed for Kidney TX ; Liver Tx hx. ,"HD MWF. PH- uptravi/sildenafil. Electrolyte management, then DC. Pending Nephro clearance. ","{""@odata.type"":""#Microsoft.Azure.Connectors.SharePoint.SPListExpandedReference"",""Id"":0,""Value"":""Home No Needs""}",0,"nephro, PH, attn ",,,[],#Collection(Microsoft.Azure.Connectors.SharePoint.SPListExpandedReference),[],#Collection(Int64),[],#Collection(Microsoft.Azure.Connectors.SharePoint.SPListExpandedReference),[],#Collection(Int64),,,[],#Collection(Microsoft.Azure.Connectors.SharePoint.SPListExpandedReference),[],#Collection(Int64),,,[],#Collection(Microsoft.Azure.Connectors.SharePoint.SPListExpandedReference),[],#Collection(Int64),,,0,2026-07-08T20:06:48Z,False,False,False,False,False,False,,,,,,[],#Collection(Microsoft.Azure.Connectors.SharePoint.SPListExpandedReference),[],#Collection(Int64),,,,,False,True,False,False,False,False,False,False,False,False,46221.0000000000,"{""@odata.type"":""#Microsoft.Azure.Connectors.SharePoint.SPListExpandedReference"",""Id"":3,""Value"":""Discharged""}",3,2026-07-19T01:35:21Z,2026-07-08T20:06:48Z,"{""@odata.type"":""#Microsoft.Azure.Connectors.SharePoint.SPListExpandedUser"",""Claims"":""i:0#.f|membership|squ8ba@multihosp.net"",""DisplayName"":""Quintana Garcia, Stephanie"",""Email"":""Stephanie.QuintanaGarcia@AdventHealth.com"",""Picture"":""https://ahsonline.sharepoint.com/sites/group-gt6leadershipteamgroup/_layouts/15/UserPhoto.aspx?Size=L&AccountName=Stephanie.QuintanaGarcia@AdventHealth.com"",""Department"":""ORL PCU Cardiopulmonary"",""JobTitle"":""Asst Nurse Mgr""}",i:0#.f|membership|squ8ba@multihosp.net,"{""@odata.type"":""#Microsoft.Azure.Connectors.SharePoint.SPListExpandedUser"",""Claims"":""i:0#.f|membership|tjm254@multihosp.net"",""DisplayName"":""Moyer, Ted"",""Email"":""Ted.Moyer@AdventHealth.com"",""Picture"":""https://ahsonline.sharepoint.com/sites/group-gt6leadershipteamgroup/_layouts/15/UserPhoto.aspx?Size=L&AccountName=Ted.Moyer@AdventHealth.com"",""Department"":""ORL PCU Thoracic Pulmonary"",""JobTitle"":""Asst Nurse Mgr""}",i:0#.f|membership|tjm254@multihosp.net,Lists%252fGT6%2bSURGIFLOW%2bCPPCU%252f139_.000,False,"{""Large"":null,""Medium"":null,""Small"":null}",https://ahsonline.sharepoint.com/sites/group-gt6leadershipteamgroup/_layouts/15/listform.aspx?PageType=4&ListId=b1516083%2Da63d%2D4301%2D8686%2D4bd9d64675d3&ID=139&ContentTypeID=0x01009E3859902E23B24FAFFEB1621FDA4832,6806,6806,Lists/GT6 SURGIFLOW CPPCU/,Lists/GT6 SURGIFLOW CPPCU/139_.000,"{""@odata.type"":""#Microsoft.Azure.Connectors.SharePoint.SPListExpandedContentType"",""Id"":""0x01009E3859902E23B24FAFFEB1621FDA4832"",""Name"":""Item""}",0x01009E3859902E23B24FAFFEB1621FDA4832,False,8.0,"Self, RA",Dr. Kapoor,Chest pain,,,,
"""8""",140,140,6816,Chaumoun,511627632,2026-07-14,,"CABG/AVR, scheduled for OR on Friday 7/10. Hep gtt. ",,,"CTS, Attn ",,,[],#Collection(Microsoft.Azure.Connectors.SharePoint.SPListExpandedReference),[],#Collection(Int64),"[{""@odata.type"":""#Microsoft.Azure.Connectors.SharePoint.SPListExpandedReference"",""Id"":0,""Value"":""Heparin""}]",#Collection(Microsoft.Azure.Connectors.SharePoint.SPListExpandedReference),[0],#Collection(Int64),,,[],#Collection(Microsoft.Azure.Connectors.SharePoint.SPListExpandedReference),[],#Collection(Int64),,,[],#Collection(Microsoft.Azure.Connectors.SharePoint.SPListExpandedReference),[],#Collection(Int64),,,0,2026-07-09T02:33:00Z,False,False,False,False,False,False,,"{""@odata.type"":""#Microsoft.Azure.Connectors.SharePoint.SPListExpandedReference"",""Id"":2,""Value"":""CTsx""}",2,"{""@odata.type"":""#Microsoft.Azure.Connectors.SharePoint.SPListExpandedReference"",""Id"":1,""Value"":""Standby""}",1,[],#Collection(Microsoft.Azure.Connectors.SharePoint.SPListExpandedReference),[],#Collection(Int64),,,,,False,True,False,False,False,False,False,False,False,False,46221.0000000000,"{""@odata.type"":""#Microsoft.Azure.Connectors.SharePoint.SPListExpandedReference"",""Id"":3,""Value"":""Discharged""}",3,2026-07-19T01:36:12Z,2026-07-09T02:33:41Z,"{""@odata.type"":""#Microsoft.Azure.Connectors.SharePoint.SPListExpandedUser"",""Claims"":""i:0#.f|membership|bto862@multihosp.net"",""DisplayName"":""Torres, Beatriz"",""Email"":""Beatriz.Torres1@AdventHealth.com"",""Picture"":""https://ahsonline.sharepoint.com/sites/group-gt6leadershipteamgroup/_layouts/15/UserPhoto.aspx?Size=L&AccountName=Beatriz.Torres1@AdventHealth.com"",""Department"":""ORL PCU Cardiopulmonary"",""JobTitle"":""Registered Nurse""}",i:0#.f|membership|bto862@multihosp.net,"{""@odata.type"":""#Microsoft.Azure.Connectors.SharePoint.SPListExpandedUser"",""Claims"":""i:0#.f|membership|tjm254@multihosp.net"",""DisplayName"":""Moyer, Ted"",""Email"":""Ted.Moyer@AdventHealth.com"",""Picture"":""https://ahsonline.sharepoint.com/sites/group-gt6leadershipteamgroup/_layouts/15/UserPhoto.aspx?Size=L&AccountName=Ted.Moyer@AdventHealth.com"",""Department"":""ORL PCU Thoracic Pulmonary"",""JobTitle"":""Asst Nurse Mgr""}",i:0#.f|membership|tjm254@multihosp.net,Lists%252fGT6%2bSURGIFLOW%2bCPPCU%252f140_.000,False,"{""Large"":null,""Medium"":null,""Small"":null}",https://ahsonline.sharepoint.com/sites/group-gt6leadershipteamgroup/_layouts/15/listform.aspx?PageType=4&ListId=b1516083%2Da63d%2D4301%2D8686%2D4bd9d64675d3&ID=140&ContentTypeID=0x01009E3859902E23B24FAFFEB1621FDA4832,6816,6816,Lists/GT6 SURGIFLOW CPPCU/,Lists/GT6 SURGIFLOW CPPCU/140_.000,"{""@odata.type"":""#Microsoft.Azure.Connectors.SharePoint.SPListExpandedContentType"",""Id"":""0x01009E3859902E23B24FAFFEB1621FDA4832"",""Name"":""Item""}",0x01009E3859902E23B24FAFFEB1621FDA4832,False,8.0,RA,Pandya ,,,,,
"""15""",141,141,6840,Mazzi,36469593,2026-07-15,,IV diuresing w/ Bumex. On HHFNC 40L/40%. Hospice consulted - pending delivery of DME to home - possible d/c after delivery of DME. ,"{""@odata.type"":""#Microsoft.Azure.Connectors.SharePoint.SPListExpandedReference"",""Id"":1,""Value"":""HHC""}",1,cardio ,,,[],#Collection(Microsoft.Azure.Connectors.SharePoint.SPListExpandedReference),[],#Collection(Int64),[],#Collection(Microsoft.Azure.Connectors.SharePoint.SPListExpandedReference),[],#Collection(Int64),,,[],#Collection(Microsoft.Azure.Connectors.SharePoint.SPListExpandedReference),[],#Collection(Int64),,,[],#Collection(Microsoft.Azure.Connectors.SharePoint.SPListExpandedReference),[],#Collection(Int64),,,0,2026-07-09T04:37:34Z,False,False,False,False,False,False,2026-06-17,,,,,[],#Collection(Microsoft.Azure.Connectors.SharePoint.SPListExpandedReference),[],#Collection(Int64),,,,,False,True,False,False,False,False,False,False,False,False,31.0000000000000,"{""@odata.type"":""#Microsoft.Azure.Connectors.SharePoint.SPListExpandedReference"",""Id"":3,""Value"":""Discharged""}",3,2026-07-19T01:36:07Z,2026-07-09T04:37:34Z,"{""@odata.type"":""#Microsoft.Azure.Connectors.SharePoint.SPListExpandedUser"",""Claims"":""i:0#.f|membership|bto862@multihosp.net"",""DisplayName"":""Torres, Beatriz"",""Email"":""Beatriz.Torres1@AdventHealth.com"",""Picture"":""https://ahsonline.sharepoint.com/sites/group-gt6leadershipteamgroup/_layouts/15/UserPhoto.aspx?Size=L&AccountName=Beatriz.Torres1@AdventHealth.com"",""Department"":""ORL PCU Cardiopulmonary"",""JobTitle"":""Registered Nurse""}",i:0#.f|membership|bto862@multihosp.net,"{""@odata.type"":""#Microsoft.Azure.Connectors.SharePoint.SPListExpandedUser"",""Claims"":""i:0#.f|membership|tjm254@multihosp.net"",""DisplayName"":""Moyer, Ted"",""Email"":""Ted.Moyer@AdventHealth.com"",""Picture"":""https://ahsonline.sharepoint.com/sites/group-gt6leadershipteamgroup/_layouts/15/UserPhoto.aspx?Size=L&AccountName=Ted.Moyer@AdventHealth.com"",""Department"":""ORL PCU Thoracic Pulmonary"",""JobTitle"":""Asst Nurse Mgr""}",i:0#.f|membership|tjm254@multihosp.net,Lists%252fGT6%2bSURGIFLOW%2bCPPCU%252f141_.000,False,"{""Large"":null,""Medium"":null,""Small"":null}",https://ahsonline.sharepoint.com/sites/group-gt6leadershipteamgroup/_layouts/15/listform.aspx?PageType=4&ListId=b1516083%2Da63d%2D4301%2D8686%2D4bd9d64675d3&ID=141&ContentTypeID=0x01009E3859902E23B24FAFFEB1621FDA4832,6840,6840,Lists/GT6 SURGIFLOW CPPCU/,Lists/GT6 SURGIFLOW CPPCU/141_.000,"{""@odata.type"":""#Microsoft.Azure.Connectors.SharePoint.SPListExpandedContentType"",""Id"":""0x01009E3859902E23B24FAFFEB1621FDA4832"",""Name"":""Item""}",0x01009E3859902E23B24FAFFEB1621FDA4832,False,15.0,,Siddique,Severe Aortic Stenosis,,,,
"""32""",142,142,6828,Clark,13209482,2026-07-19,"h/o stroke, Homeless needs a place to stay until home is ready. ",S/p LHC w/ no intenvention. pending snf placement. TTE- done. needs to choose SNF. ,"{""@odata.type"":""#Microsoft.Azure.Connectors.SharePoint.SPListExpandedReference"",""Id"":5,""Value"":""SNF""}",5,cardio ,,,[],#Collection(Microsoft.Azure.Connectors.SharePoint.SPListExpandedReference),[],#Collection(Int64),[],#Collection(Microsoft.Azure.Connectors.SharePoint.SPListExpandedReference),[],#Collection(Int64),,,[],#Collection(Microsoft.Azure.Connectors.SharePoint.SPListExpandedReference),[],#Collection(Int64),,,[],#Collection(Microsoft.Azure.Connectors.SharePoint.SPListExpandedReference),[],#Collection(Int64),,,0,,False,False,False,False,False,False,2026-07-12,"{""@odata.type"":""#Microsoft.Azure.Connectors.SharePoint.SPListExpandedReference"",""Id"":3,""Value"":""CVmed""}",3,,,[],#Collection(Microsoft.Azure.Connectors.SharePoint.SPListExpandedReference),[],#Collection(Int64),,,,,False,True,False,False,False,False,False,False,False,False,6.00000000000000,"{""@odata.type"":""#Microsoft.Azure.Connectors.SharePoint.SPListExpandedReference"",""Id"":3,""Value"":""Discharged""}",3,2026-07-19T01:36:06Z,2026-07-09T06:05:32Z,"{""@odata.type"":""#Microsoft.Azure.Connectors.SharePoint.SPListExpandedUser"",""Claims"":""i:0#.f|membership|bto862@multihosp.net"",""DisplayName"":""Torres, Beatriz"",""Email"":""Beatriz.Torres1@AdventHealth.com"",""Picture"":""https://ahsonline.sharepoint.com/sites/group-gt6leadershipteamgroup/_layouts/15/UserPhoto.aspx?Size=L&AccountName=Beatriz.Torres1@AdventHealth.com"",""Department"":""ORL PCU Cardiopulmonary"",""JobTitle"":""Registered Nurse""}",i:0#.f|membership|bto862@multihosp.net,"{""@odata.type"":""#Microsoft.Azure.Connectors.SharePoint.SPListExpandedUser"",""Claims"":""i:0#.f|membership|tjm254@multihosp.net"",""DisplayName"":""Moyer, Ted"",""Email"":""Ted.Moyer@AdventHealth.com"",""Picture"":""https://ahsonline.sharepoint.com/sites/group-gt6leadershipteamgroup/_layouts/15/UserPhoto.aspx?Size=L&AccountName=Ted.Moyer@AdventHealth.com"",""Department"":""ORL PCU Thoracic Pulmonary"",""JobTitle"":""Asst Nurse Mgr""}",i:0#.f|membership|tjm254@multihosp.net,Lists%252fGT6%2bSURGIFLOW%2bCPPCU%252f142_.000,False,"{""Large"":null,""Medium"":null,""Small"":null}",https://ahsonline.sharepoint.com/sites/group-gt6leadershipteamgroup/_layouts/15/listform.aspx?PageType=4&ListId=b1516083%2Da63d%2D4301%2D8686%2D4bd9d64675d3&ID=142&ContentTypeID=0x01009E3859902E23B24FAFFEB1621FDA4832,6828,6828,Lists/GT6 SURGIFLOW CPPCU/,Lists/GT6 SURGIFLOW CPPCU/142_.000,"{""@odata.type"":""#Microsoft.Azure.Connectors.SharePoint.SPListExpandedContentType"",""Id"":""0x01009E3859902E23B24FAFFEB1621FDA4832"",""Name"":""Item""}",0x01009E3859902E23B24FAFFEB1621FDA4832,False,32.0,,,,,,,
"""111""",143,143,6802,Cooper,501527189,2026-08-21,,"s/p Stroke.; PO diuretics, Neg ortho. Up trending WBCs IV ABX until 8/21. US abd completed.  Angiomax gtt.  Bronch completed-pending results. Tacro to resume this evening, 0.5mg. Micafungin started until 8/23","{""@odata.type"":""#Microsoft.Azure.Connectors.SharePoint.SPListExpandedReference"",""Id"":6,""Value"":""IPR-AH""}",6,"Lung tx, ID, ENT, CTS, Psych. ",,,[],#Collection(Microsoft.Azure.Connectors.SharePoint.SPListExpandedReference),[],#Collection(Int64),[],#Collection(Microsoft.Azure.Connectors.SharePoint.SPListExpandedReference),[],#Collection(Int64),,,[],#Collection(Microsoft.Azure.Connectors.SharePoint.SPListExpandedReference),[],#Collection(Int64),,,[],#Collection(Microsoft.Azure.Connectors.SharePoint.SPListExpandedReference),[],#Collection(Int64),,,0,,False,False,False,False,False,False,2026-07-23,,,,,[],#Collection(Microsoft.Azure.Connectors.SharePoint.SPListExpandedReference),[],#Collection(Int64),,,,,False,True,False,False,False,False,False,False,False,False,24.0000000000000,,,2026-08-16T20:52:10Z,2026-07-09T22:28:20Z,"{""@odata.type"":""#Microsoft.Azure.Connectors.SharePoint.SPListExpandedUser"",""Claims"":""i:0#.f|membership|rcufd6@multihosp.net"",""DisplayName"":""Cunningham, Ryan"",""Email"":""ryan.cunningham@adventhealth.com"",""Picture"":""https://ahsonline.sharepoint.com/sites/group-gt6leadershipteamgroup/_layouts/15/UserPhoto.aspx?Size=L&AccountName=ryan.cunningham@adventhealth.com"",""Department"":""ORL PCU Cardiopulmonary"",""JobTitle"":""Registered Nurse""}",i:0#.f|membership|rcufd6@multihosp.net,"{""@odata.type"":""#Microsoft.Azure.Connectors.SharePoint.SPListExpandedUser"",""Claims"":""i:0#.f|membership|jsm810@multihosp.net"",""DisplayName"":""McCormick, Jessica"",""Email"":""jessica.mccormick@adventhealth.com"",""Picture"":""https://ahsonline.sharepoint.com/sites/group-gt6leadershipteamgroup/_layouts/15/UserPhoto.aspx?Size=L&AccountName=jessica.mccormick@adventhealth.com"",""Department"":""ORL PCU Cardiopulmonary"",""JobTitle"":""Registered Nurse""}",i:0#.f|membership|jsm810@multihosp.net,Lists%252fGT6%2bSURGIFLOW%2bCPPCU%252f143_.000,False,"{""Large"":null,""Medium"":null,""Small"":null}",https://ahsonline.sharepoint.com/sites/group-gt6leadershipteamgroup/_layouts/15/listform.aspx?PageType=4&ListId=b1516083%2Da63d%2D4301%2D8686%2D4bd9d64675d3&ID=143&ContentTypeID=0x01009E3859902E23B24FAFFEB1621FDA4832,6802,6802,Lists/GT6 SURGIFLOW CPPCU/,Lists/GT6 SURGIFLOW CPPCU/143_.000,"{""@odata.type"":""#Microsoft.Azure.Connectors.SharePoint.SPListExpandedContentType"",""Id"":""0x01009E3859902E23B24FAFFEB1621FDA4832"",""Name"":""Item""}",0x01009E3859902E23B24FAFFEB1621FDA4832,False,111.0,IPR DCP,Maalouf,,,,,
"""14""",146,146,6811,Whelchel,20244924,2026-07-25,BOLT,"S/p Rectourethral fistula s/p robotic APR, cystoprostatectomy with ileal conduit, gluteal flap. IV Abx 7/18.  Swallow study passed - now on oral intake. RUE + for SVT.  Uro removed stent and s/o. IV narcotics d/c for possible IPR. Still w/ two JP drains- less than 30ml a day. pt/ot- working to get him to IPR.  1 unit PRBs 7/17. Na/bicarb albumin and bumex. ","{""@odata.type"":""#Microsoft.Azure.Connectors.SharePoint.SPListExpandedReference"",""Id"":6,""Value"":""IPR-AH""}",6,"ID, Attn, Colrec, Transplant",,,[],#Collection(Microsoft.Azure.Connectors.SharePoint.SPListExpandedReference),[],#Collection(Int64),[],#Collection(Microsoft.Azure.Connectors.SharePoint.SPListExpandedReference),[],#Collection(Int64),,,[],#Collection(Microsoft.Azure.Connectors.SharePoint.SPListExpandedReference),[],#Collection(Int64),,,[],#Collection(Microsoft.Azure.Connectors.SharePoint.SPListExpandedReference),[],#Collection(Int64),,,0,2026-07-09T22:42:08Z,False,False,False,False,False,False,2026-07-09,,,,,[],#Collection(Microsoft.Azure.Connectors.SharePoint.SPListExpandedReference),[],#Collection(Int64),,,,,False,True,False,False,False,False,False,False,False,False,9.00000000000000,"{""@odata.type"":""#Microsoft.Azure.Connectors.SharePoint.SPListExpandedReference"",""Id"":3,""Value"":""Discharged""}",3,2026-07-19T01:36:04Z,2026-07-09T22:42:08Z,"{""@odata.type"":""#Microsoft.Azure.Connectors.SharePoint.SPListExpandedUser"",""Claims"":""i:0#.f|membership|rcufd6@multihosp.net"",""DisplayName"":""Cunningham, Ryan"",""Email"":""ryan.cunningham@adventhealth.com"",""Picture"":""https://ahsonline.sharepoint.com/sites/group-gt6leadershipteamgroup/_layouts/15/UserPhoto.aspx?Size=L&AccountName=ryan.cunningham@adventhealth.com"",""Department"":""ORL PCU Cardiopulmonary"",""JobTitle"":""Registered Nurse""}",i:0#.f|membership|rcufd6@multihosp.net,"{""@odata.type"":""#Microsoft.Azure.Connectors.SharePoint.SPListExpandedUser"",""Claims"":""i:0#.f|membership|tjm254@multihosp.net"",""DisplayName"":""Moyer, Ted"",""Email"":""Ted.Moyer@AdventHealth.com"",""Picture"":""https://ahsonline.sharepoint.com/sites/group-gt6leadershipteamgroup/_layouts/15/UserPhoto.aspx?Size=L&AccountName=Ted.Moyer@AdventHealth.com"",""Department"":""ORL PCU Thoracic Pulmonary"",""JobTitle"":""Asst Nurse Mgr""}",i:0#.f|membership|tjm254@multihosp.net,Lists%252fGT6%2bSURGIFLOW%2bCPPCU%252f146_.000,False,"{""Large"":null,""Medium"":null,""Small"":null}",https://ahsonline.sharepoint.com/sites/group-gt6leadershipteamgroup/_layouts/15/listform.aspx?PageType=4&ListId=b1516083%2Da63d%2D4301%2D8686%2D4bd9d64675d3&ID=146&ContentTypeID=0x01009E3859902E23B24FAFFEB1621FDA4832,6811,6811,Lists/GT6 SURGIFLOW CPPCU/,Lists/GT6 SURGIFLOW CPPCU/146_.000,"{""@odata.type"":""#Microsoft.Azure.Connectors.SharePoint.SPListExpandedContentType"",""Id"":""0x01009E3859902E23B24FAFFEB1621FDA4832"",""Name"":""Item""}",0x01009E3859902E23B24FAFFEB1621FDA4832,False,14.0,,,,,2026-06-25,,
"""22""",147,147,6817,Harper ,512349187,2026-07-16,,"IV abx 7/18.  IV steroids TID, UA results pending. Sputum culture pending. TTE done. Will f/u OP w/ Endo for thyroid nodules. Pending paracentesis results. OP Cardiac w/u.  metoprolol increased to 50mg- need to get meds before dcing.","{""@odata.type"":""#Microsoft.Azure.Connectors.SharePoint.SPListExpandedReference"",""Id"":0,""Value"":""Home No Needs""}",0,"Oto, Endo, Cardio, attn ",,,[],#Collection(Microsoft.Azure.Connectors.SharePoint.SPListExpandedReference),[],#Collection(Int64),[],#Collection(Microsoft.Azure.Connectors.SharePoint.SPListExpandedReference),[],#Collection(Int64),,,[],#Collection(Microsoft.Azure.Connectors.SharePoint.SPListExpandedReference),[],#Collection(Int64),,,[],#Collection(Microsoft.Azure.Connectors.SharePoint.SPListExpandedReference),[],#Collection(Int64),,,0,,False,False,False,False,False,False,,,,,,[],#Collection(Microsoft.Azure.Connectors.SharePoint.SPListExpandedReference),[],#Collection(Int64),,,,,False,True,False,False,False,False,False,False,False,False,46221.0000000000,"{""@odata.type"":""#Microsoft.Azure.Connectors.SharePoint.SPListExpandedReference"",""Id"":3,""Value"":""Discharged""}",3,2026-07-19T01:35:35Z,2026-07-09T22:46:03Z,"{""@odata.type"":""#Microsoft.Azure.Connectors.SharePoint.SPListExpandedUser"",""Claims"":""i:0#.f|membership|rcufd6@multihosp.net"",""DisplayName"":""Cunningham, Ryan"",""Email"":""ryan.cunningham@adventhealth.com"",""Picture"":""https://ahsonline.sharepoint.com/sites/group-gt6leadershipteamgroup/_layouts/15/UserPhoto.aspx?Size=L&AccountName=ryan.cunningham@adventhealth.com"",""Department"":""ORL PCU Cardiopulmonary"",""JobTitle"":""Registered Nurse""}",i:0#.f|membership|rcufd6@multihosp.net,"{""@odata.type"":""#Microsoft.Azure.Connectors.SharePoint.SPListExpandedUser"",""Claims"":""i:0#.f|membership|tjm254@multihosp.net"",""DisplayName"":""Moyer, Ted"",""Email"":""Ted.Moyer@AdventHealth.com"",""Picture"":""https://ahsonline.sharepoint.com/sites/group-gt6leadershipteamgroup/_layouts/15/UserPhoto.aspx?Size=L&AccountName=Ted.Moyer@AdventHealth.com"",""Department"":""ORL PCU Thoracic Pulmonary"",""JobTitle"":""Asst Nurse Mgr""}",i:0#.f|membership|tjm254@multihosp.net,Lists%252fGT6%2bSURGIFLOW%2bCPPCU%252f147_.000,False,"{""Large"":null,""Medium"":null,""Small"":null}",https://ahsonline.sharepoint.com/sites/group-gt6leadershipteamgroup/_layouts/15/listform.aspx?PageType=4&ListId=b1516083%2Da63d%2D4301%2D8686%2D4bd9d64675d3&ID=147&ContentTypeID=0x01009E3859902E23B24FAFFEB1621FDA4832,6817,6817,Lists/GT6 SURGIFLOW CPPCU/,Lists/GT6 SURGIFLOW CPPCU/147_.000,"{""@odata.type"":""#Microsoft.Azure.Connectors.SharePoint.SPListExpandedContentType"",""Id"":""0x01009E3859902E23B24FAFFEB1621FDA4832"",""Name"":""Item""}",0x01009E3859902E23B24FAFFEB1621FDA4832,False,22.0,,,,,,,
"""2""",149,149,6827,Streeper,,,"HTN, DMT2, Hypothyroidism, Asthma, OSA, DVT",,,,,,,"[{""@odata.type"":""#Microsoft.Azure.Connectors.SharePoint.SPListExpandedReference"",""Id"":4,""Value"":""None""}]",#Collection(Microsoft.Azure.Connectors.SharePoint.SPListExpandedReference),[4],#Collection(Int64),[],#Collection(Microsoft.Azure.Connectors.SharePoint.SPListExpandedReference),[],#Collection(Int64),,,[],#Collection(Microsoft.Azure.Connectors.SharePoint.SPListExpandedReference),[],#Collection(Int64),,,[],#Collection(Microsoft.Azure.Connectors.SharePoint.SPListExpandedReference),[],#Collection(Int64),,,0,2026-07-10T03:40:43Z,False,False,False,False,False,False,2026-07-09,,,,,[],#Collection(Microsoft.Azure.Connectors.SharePoint.SPListExpandedReference),[],#Collection(Int64),,,,,False,True,False,False,False,False,False,False,False,False,9.00000000000000,"{""@odata.type"":""#Microsoft.Azure.Connectors.SharePoint.SPListExpandedReference"",""Id"":3,""Value"":""Discharged""}",3,2026-07-19T01:35:27Z,2026-07-10T03:40:43Z,"{""@odata.type"":""#Microsoft.Azure.Connectors.SharePoint.SPListExpandedUser"",""Claims"":""i:0#.f|membership|rcufd6@multihosp.net"",""DisplayName"":""Cunningham, Ryan"",""Email"":""ryan.cunningham@adventhealth.com"",""Picture"":""https://ahsonline.sharepoint.com/sites/group-gt6leadershipteamgroup/_layouts/15/UserPhoto.aspx?Size=L&AccountName=ryan.cunningham@adventhealth.com"",""Department"":""ORL PCU Cardiopulmonary"",""JobTitle"":""Registered Nurse""}",i:0#.f|membership|rcufd6@multihosp.net,"{""@odata.type"":""#Microsoft.Azure.Connectors.SharePoint.SPListExpandedUser"",""Claims"":""i:0#.f|membership|tjm254@multihosp.net"",""DisplayName"":""Moyer, Ted"",""Email"":""Ted.Moyer@AdventHealth.com"",""Picture"":""https://ahsonline.sharepoint.com/sites/group-gt6leadershipteamgroup/_layouts/15/UserPhoto.aspx?Size=L&AccountName=Ted.Moyer@AdventHealth.com"",""Department"":""ORL PCU Thoracic Pulmonary"",""JobTitle"":""Asst Nurse Mgr""}",i:0#.f|membership|tjm254@multihosp.net,Lists%252fGT6%2bSURGIFLOW%2bCPPCU%252f149_.000,False,"{""Large"":null,""Medium"":null,""Small"":null}",https://ahsonline.sharepoint.com/sites/group-gt6leadershipteamgroup/_layouts/15/listform.aspx?PageType=4&ListId=b1516083%2Da63d%2D4301%2D8686%2D4bd9d64675d3&ID=149&ContentTypeID=0x01009E3859902E23B24FAFFEB1621FDA4832,6827,6827,Lists/GT6 SURGIFLOW CPPCU/,Lists/GT6 SURGIFLOW CPPCU/149_.000,"{""@odata.type"":""#Microsoft.Azure.Connectors.SharePoint.SPListExpandedContentType"",""Id"":""0x01009E3859902E23B24FAFFEB1621FDA4832"",""Name"":""Item""}",0x01009E3859902E23B24FAFFEB1621FDA4832,False,2.0,,,,,,,
"""13""",150,150,6832,Trask,511717409,2026-07-15,CABG,"Chest pain with cough, s/p CABG 5/2026. PO amio on hold for coughing, PPM fluid bolus. started on colchicine.  Ct chest neg. Pulm consult - Started on nebulizer. Po lasix. Cardizem PO. Started on Cardizem. ","{""@odata.type"":""#Microsoft.Azure.Connectors.SharePoint.SPListExpandedReference"",""Id"":0,""Value"":""Home No Needs""}",0,"cardio, EP, pulm",,,[],#Collection(Microsoft.Azure.Connectors.SharePoint.SPListExpandedReference),[],#Collection(Int64),[],#Collection(Microsoft.Azure.Connectors.SharePoint.SPListExpandedReference),[],#Collection(Int64),,,[],#Collection(Microsoft.Azure.Connectors.SharePoint.SPListExpandedReference),[],#Collection(Int64),,,[],#Collection(Microsoft.Azure.Connectors.SharePoint.SPListExpandedReference),[],#Collection(Int64),,,0,2026-07-10T03:42:09Z,False,False,False,False,False,False,2026-07-08,,,,,[],#Collection(Microsoft.Azure.Connectors.SharePoint.SPListExpandedReference),[],#Collection(Int64),,,,,False,True,False,False,False,False,False,False,False,False,10.0000000000000,"{""@odata.type"":""#Microsoft.Azure.Connectors.SharePoint.SPListExpandedReference"",""Id"":3,""Value"":""Discharged""}",3,2026-07-19T01:35:40Z,2026-07-10T03:42:09Z,"{""@odata.type"":""#Microsoft.Azure.Connectors.SharePoint.SPListExpandedUser"",""Claims"":""i:0#.f|membership|rcufd6@multihosp.net"",""DisplayName"":""Cunningham, Ryan"",""Email"":""ryan.cunningham@adventhealth.com"",""Picture"":""https://ahsonline.sharepoint.com/sites/group-gt6leadershipteamgroup/_layouts/15/UserPhoto.aspx?Size=L&AccountName=ryan.cunningham@adventhealth.com"",""Department"":""ORL PCU Cardiopulmonary"",""JobTitle"":""Registered Nurse""}",i:0#.f|membership|rcufd6@multihosp.net,"{""@odata.type"":""#Microsoft.Azure.Connectors.SharePoint.SPListExpandedUser"",""Claims"":""i:0#.f|membership|tjm254@multihosp.net"",""DisplayName"":""Moyer, Ted"",""Email"":""Ted.Moyer@AdventHealth.com"",""Picture"":""https://ahsonline.sharepoint.com/sites/group-gt6leadershipteamgroup/_layouts/15/UserPhoto.aspx?Size=L&AccountName=Ted.Moyer@AdventHealth.com"",""Department"":""ORL PCU Thoracic Pulmonary"",""JobTitle"":""Asst Nurse Mgr""}",i:0#.f|membership|tjm254@multihosp.net,Lists%252fGT6%2bSURGIFLOW%2bCPPCU%252f150_.000,False,"{""Large"":null,""Medium"":null,""Small"":null}",https://ahsonline.sharepoint.com/sites/group-gt6leadershipteamgroup/_layouts/15/listform.aspx?PageType=4&ListId=b1516083%2Da63d%2D4301%2D8686%2D4bd9d64675d3&ID=150&ContentTypeID=0x01009E3859902E23B24FAFFEB1621FDA4832,6832,6832,Lists/GT6 SURGIFLOW CPPCU/,Lists/GT6 SURGIFLOW CPPCU/150_.000,"{""@odata.type"":""#Microsoft.Azure.Connectors.SharePoint.SPListExpandedContentType"",""Id"":""0x01009E3859902E23B24FAFFEB1621FDA4832"",""Name"":""Item""}",0x01009E3859902E23B24FAFFEB1621FDA4832,False,13.0,medtronic-PPM,,,Lung tx eval. ,,,
"""4""",152,152,6837,Obrien,12664664,,"Valve replacement r/t endocarditis, Substance abuse",IVP Bumex BID for FVE. Cardio consulted - pending to see. ,,,,,,[],#Collection(Microsoft.Azure.Connectors.SharePoint.SPListExpandedReference),[],#Collection(Int64),[],#Collection(Microsoft.Azure.Connectors.SharePoint.SPListExpandedReference),[],#Collection(Int64),,,[],#Collection(Microsoft.Azure.Connectors.SharePoint.SPListExpandedReference),[],#Collection(Int64),,,[],#Collection(Microsoft.Azure.Connectors.SharePoint.SPListExpandedReference),[],#Collection(Int64),,,0,2026-07-10T03:45:15Z,False,False,False,False,False,False,2026-07-09,,,,,[],#Collection(Microsoft.Azure.Connectors.SharePoint.SPListExpandedReference),[],#Collection(Int64),,,,,False,True,False,False,False,False,False,False,False,False,9.00000000000000,"{""@odata.type"":""#Microsoft.Azure.Connectors.SharePoint.SPListExpandedReference"",""Id"":3,""Value"":""Discharged""}",3,2026-07-19T01:35:29Z,2026-07-10T03:45:15Z,"{""@odata.type"":""#Microsoft.Azure.Connectors.SharePoint.SPListExpandedUser"",""Claims"":""i:0#.f|membership|rcufd6@multihosp.net"",""DisplayName"":""Cunningham, Ryan"",""Email"":""ryan.cunningham@adventhealth.com"",""Picture"":""https://ahsonline.sharepoint.com/sites/group-gt6leadershipteamgroup/_layouts/15/UserPhoto.aspx?Size=L&AccountName=ryan.cunningham@adventhealth.com"",""Department"":""ORL PCU Cardiopulmonary"",""JobTitle"":""Registered Nurse""}",i:0#.f|membership|rcufd6@multihosp.net,"{""@odata.type"":""#Microsoft.Azure.Connectors.SharePoint.SPListExpandedUser"",""Claims"":""i:0#.f|membership|tjm254@multihosp.net"",""DisplayName"":""Moyer, Ted"",""Email"":""Ted.Moyer@AdventHealth.com"",""Picture"":""https://ahsonline.sharepoint.com/sites/group-gt6leadershipteamgroup/_layouts/15/UserPhoto.aspx?Size=L&AccountName=Ted.Moyer@AdventHealth.com"",""Department"":""ORL PCU Thoracic Pulmonary"",""JobTitle"":""Asst Nurse Mgr""}",i:0#.f|membership|tjm254@multihosp.net,Lists%252fGT6%2bSURGIFLOW%2bCPPCU%252f152_.000,False,"{""Large"":null,""Medium"":null,""Small"":null}",https://ahsonline.sharepoint.com/sites/group-gt6leadershipteamgroup/_layouts/15/listform.aspx?PageType=4&ListId=b1516083%2Da63d%2D4301%2D8686%2D4bd9d64675d3&ID=152&ContentTypeID=0x01009E3859902E23B24FAFFEB1621FDA4832,6837,6837,Lists/GT6 SURGIFLOW CPPCU/,Lists/GT6 SURGIFLOW CPPCU/152_.000,"{""@odata.type"":""#Microsoft.Azure.Connectors.SharePoint.SPListExpandedContentType"",""Id"":""0x01009E3859902E23B24FAFFEB1621FDA4832"",""Name"":""Item""}",0x01009E3859902E23B24FAFFEB1621FDA4832,False,4.0,,Dr. Rios,Chest pain,,,,
"""19""",153,153,6839,Cook,15029427,2026-07-16,,S/p LHC w/ two stents - stroke afterwards w/ R. sided facial drooping. Pending Brain MRI. Neuro + Cardio following. ASA/Plavix. TTE- to be done. ,"{""@odata.type"":""#Microsoft.Azure.Connectors.SharePoint.SPListExpandedReference"",""Id"":1,""Value"":""HHC""}",1,,,,[],#Collection(Microsoft.Azure.Connectors.SharePoint.SPListExpandedReference),[],#Collection(Int64),[],#Collection(Microsoft.Azure.Connectors.SharePoint.SPListExpandedReference),[],#Collection(Int64),,,[],#Collection(Microsoft.Azure.Connectors.SharePoint.SPListExpandedReference),[],#Collection(Int64),,,[],#Collection(Microsoft.Azure.Connectors.SharePoint.SPListExpandedReference),[],#Collection(Int64),,,0,2026-07-10T03:49:00Z,False,False,False,False,False,False,2026-07-14,,,,,[],#Collection(Microsoft.Azure.Connectors.SharePoint.SPListExpandedReference),[],#Collection(Int64),,,,,False,True,False,False,False,False,False,False,False,False,4.00000000000000,"{""@odata.type"":""#Microsoft.Azure.Connectors.SharePoint.SPListExpandedReference"",""Id"":3,""Value"":""Discharged""}",3,2026-07-19T01:35:42Z,2026-07-10T03:49:00Z,"{""@odata.type"":""#Microsoft.Azure.Connectors.SharePoint.SPListExpandedUser"",""Claims"":""i:0#.f|membership|rcufd6@multihosp.net"",""DisplayName"":""Cunningham, Ryan"",""Email"":""ryan.cunningham@adventhealth.com"",""Picture"":""https://ahsonline.sharepoint.com/sites/group-gt6leadershipteamgroup/_layouts/15/UserPhoto.aspx?Size=L&AccountName=ryan.cunningham@adventhealth.com"",""Department"":""ORL PCU Cardiopulmonary"",""JobTitle"":""Registered Nurse""}",i:0#.f|membership|rcufd6@multihosp.net,"{""@odata.type"":""#Microsoft.Azure.Connectors.SharePoint.SPListExpandedUser"",""Claims"":""i:0#.f|membership|tjm254@multihosp.net"",""DisplayName"":""Moyer, Ted"",""Email"":""Ted.Moyer@AdventHealth.com"",""Picture"":""https://ahsonline.sharepoint.com/sites/group-gt6leadershipteamgroup/_layouts/15/UserPhoto.aspx?Size=L&AccountName=Ted.Moyer@AdventHealth.com"",""Department"":""ORL PCU Thoracic Pulmonary"",""JobTitle"":""Asst Nurse Mgr""}",i:0#.f|membership|tjm254@multihosp.net,Lists%252fGT6%2bSURGIFLOW%2bCPPCU%252f153_.000,False,"{""Large"":null,""Medium"":null,""Small"":null}",https://ahsonline.sharepoint.com/sites/group-gt6leadershipteamgroup/_layouts/15/listform.aspx?PageType=4&ListId=b1516083%2Da63d%2D4301%2D8686%2D4bd9d64675d3&ID=153&ContentTypeID=0x01009E3859902E23B24FAFFEB1621FDA4832,6839,6839,Lists/GT6 SURGIFLOW CPPCU/,Lists/GT6 SURGIFLOW CPPCU/153_.000,"{""@odata.type"":""#Microsoft.Azure.Connectors.SharePoint.SPListExpandedContentType"",""Id"":""0x01009E3859902E23B24FAFFEB1621FDA4832"",""Name"":""Item""}",0x01009E3859902E23B24FAFFEB1621FDA4832,False,19.0,,Dr. Bhavsar,Stroke,,,,
"""28""",157,157,6813,Crosby,18652909,2026-07-17,"Atrial fibrillation, HTN, and HLD ","S/P 3 units PRBCs, iron infusion, H/H 7.4, capsule endoscopy 7/15. transfuse <7","{""@odata.type"":""#Microsoft.Azure.Connectors.SharePoint.SPListExpandedReference"",""Id"":0,""Value"":""Home No Needs""}",0,cardio ,,,[],#Collection(Microsoft.Azure.Connectors.SharePoint.SPListExpandedReference),[],#Collection(Int64),[],#Collection(Microsoft.Azure.Connectors.SharePoint.SPListExpandedReference),[],#Collection(Int64),,,[],#Collection(Microsoft.Azure.Connectors.SharePoint.SPListExpandedReference),[],#Collection(Int64),,,[],#Collection(Microsoft.Azure.Connectors.SharePoint.SPListExpandedReference),[],#Collection(Int64),,,0,,False,False,False,False,False,False,,,,,,[],#Collection(Microsoft.Azure.Connectors.SharePoint.SPListExpandedReference),[],#Collection(Int64),,,,,False,True,False,False,False,False,False,False,False,False,46221.0000000000,"{""@odata.type"":""#Microsoft.Azure.Connectors.SharePoint.SPListExpandedReference"",""Id"":3,""Value"":""Discharged""}",3,2026-07-19T01:35:33Z,2026-07-11T04:55:51Z,"{""@odata.type"":""#Microsoft.Azure.Connectors.SharePoint.SPListExpandedUser"",""Claims"":""i:0#.f|membership|rcufd6@multihosp.net"",""DisplayName"":""Cunningham, Ryan"",""Email"":""ryan.cunningham@adventhealth.com"",""Picture"":""https://ahsonline.sharepoint.com/sites/group-gt6leadershipteamgroup/_layouts/15/UserPhoto.aspx?Size=L&AccountName=ryan.cunningham@adventhealth.com"",""Department"":""ORL PCU Cardiopulmonary"",""JobTitle"":""Registered Nurse""}",i:0#.f|membership|rcufd6@multihosp.net,"{""@odata.type"":""#Microsoft.Azure.Connectors.SharePoint.SPListExpandedUser"",""Claims"":""i:0#.f|membership|tjm254@multihosp.net"",""DisplayName"":""Moyer, Ted"",""Email"":""Ted.Moyer@AdventHealth.com"",""Picture"":""https://ahsonline.sharepoint.com/sites/group-gt6leadershipteamgroup/_layouts/15/UserPhoto.aspx?Size=L&AccountName=Ted.Moyer@AdventHealth.com"",""Department"":""ORL PCU Thoracic Pulmonary"",""JobTitle"":""Asst Nurse Mgr""}",i:0#.f|membership|tjm254@multihosp.net,Lists%252fGT6%2bSURGIFLOW%2bCPPCU%252f157_.000,False,"{""Large"":null,""Medium"":null,""Small"":null}",https://ahsonline.sharepoint.com/sites/group-gt6leadershipteamgroup/_layouts/15/listform.aspx?PageType=4&ListId=b1516083%2Da63d%2D4301%2D8686%2D4bd9d64675d3&ID=157&ContentTypeID=0x01009E3859902E23B24FAFFEB1621FDA4832,6813,6813,Lists/GT6 SURGIFLOW CPPCU/,Lists/GT6 SURGIFLOW CPPCU/157_.000,"{""@odata.type"":""#Microsoft.Azure.Connectors.SharePoint.SPListExpandedContentType"",""Id"":""0x01009E3859902E23B24FAFFEB1621FDA4832"",""Name"":""Item""}",0x01009E3859902E23B24FAFFEB1621FDA4832,False,28.0,,,,,,,
"""14""",159,159,6814,Nolan,12090128,2026-07-16,"Afib
Aflut","Transfer from AHWP, S/P LHC dr. Raju. Plavix/ Asa. . Neuro s/o. 6MWT before DC. ","{""@odata.type"":""#Microsoft.Azure.Connectors.SharePoint.SPListExpandedReference"",""Id"":1,""Value"":""HHC""}",1,EP,,,[],#Collection(Microsoft.Azure.Connectors.SharePoint.SPListExpandedReference),[],#Collection(Int64),[],#Collection(Microsoft.Azure.Connectors.SharePoint.SPListExpandedReference),[],#Collection(Int64),,,[],#Collection(Microsoft.Azure.Connectors.SharePoint.SPListExpandedReference),[],#Collection(Int64),,,[],#Collection(Microsoft.Azure.Connectors.SharePoint.SPListExpandedReference),[],#Collection(Int64),,,0,2026-07-11T04:58:15Z,False,False,False,False,False,False,2026-07-10,,,,,[],#Collection(Microsoft.Azure.Connectors.SharePoint.SPListExpandedReference),[],#Collection(Int64),,,,,False,True,False,False,False,False,False,False,False,False,8.00000000000000,"{""@odata.type"":""#Microsoft.Azure.Connectors.SharePoint.SPListExpandedReference"",""Id"":3,""Value"":""Discharged""}",3,2026-07-19T01:35:34Z,2026-07-11T04:58:15Z,"{""@odata.type"":""#Microsoft.Azure.Connectors.SharePoint.SPListExpandedUser"",""Claims"":""i:0#.f|membership|rcufd6@multihosp.net"",""DisplayName"":""Cunningham, Ryan"",""Email"":""ryan.cunningham@adventhealth.com"",""Picture"":""https://ahsonline.sharepoint.com/sites/group-gt6leadershipteamgroup/_layouts/15/UserPhoto.aspx?Size=L&AccountName=ryan.cunningham@adventhealth.com"",""Department"":""ORL PCU Cardiopulmonary"",""JobTitle"":""Registered Nurse""}",i:0#.f|membership|rcufd6@multihosp.net,"{""@odata.type"":""#Microsoft.Azure.Connectors.SharePoint.SPListExpandedUser"",""Claims"":""i:0#.f|membership|tjm254@multihosp.net"",""DisplayName"":""Moyer, Ted"",""Email"":""Ted.Moyer@AdventHealth.com"",""Picture"":""https://ahsonline.sharepoint.com/sites/group-gt6leadershipteamgroup/_layouts/15/UserPhoto.aspx?Size=L&AccountName=Ted.Moyer@AdventHealth.com"",""Department"":""ORL PCU Thoracic Pulmonary"",""JobTitle"":""Asst Nurse Mgr""}",i:0#.f|membership|tjm254@multihosp.net,Lists%252fGT6%2bSURGIFLOW%2bCPPCU%252f159_.000,False,"{""Large"":null,""Medium"":null,""Small"":null}",https://ahsonline.sharepoint.com/sites/group-gt6leadershipteamgroup/_layouts/15/listform.aspx?PageType=4&ListId=b1516083%2Da63d%2D4301%2D8686%2D4bd9d64675d3&ID=159&ContentTypeID=0x01009E3859902E23B24FAFFEB1621FDA4832,6814,6814,Lists/GT6 SURGIFLOW CPPCU/,Lists/GT6 SURGIFLOW CPPCU/159_.000,"{""@odata.type"":""#Microsoft.Azure.Connectors.SharePoint.SPListExpandedContentType"",""Id"":""0x01009E3859902E23B24FAFFEB1621FDA4832"",""Name"":""Item""}",0x01009E3859902E23B24FAFFEB1621FDA4832,False,14.0,,Dr. Kwak,C. pain,,,,
"""56""",163,163,6822,Fleurejiste,505941193,2026-08-18,,New admit - CP/CTS eval. Poss LHC/PCI. CTA completed today ,"{""@odata.type"":""#Microsoft.Azure.Connectors.SharePoint.SPListExpandedReference"",""Id"":6,""Value"":""IPR-AH""}",6,,,,[],#Collection(Microsoft.Azure.Connectors.SharePoint.SPListExpandedReference),[],#Collection(Int64),[],#Collection(Microsoft.Azure.Connectors.SharePoint.SPListExpandedReference),[],#Collection(Int64),,,[],#Collection(Microsoft.Azure.Connectors.SharePoint.SPListExpandedReference),[],#Collection(Int64),,,[],#Collection(Microsoft.Azure.Connectors.SharePoint.SPListExpandedReference),[],#Collection(Int64),,,0,2026-07-11T05:13:45Z,False,False,False,False,False,False,2026-07-10,,,,,[],#Collection(Microsoft.Azure.Connectors.SharePoint.SPListExpandedReference),[],#Collection(Int64),,,,,False,True,False,False,False,False,False,False,False,False,36.0000000000000,"{""@odata.type"":""#Microsoft.Azure.Connectors.SharePoint.SPListExpandedReference"",""Id"":0,""Value"":""Progressing On Schedule""}",0,2026-08-15T19:30:49Z,2026-07-11T05:13:45Z,"{""@odata.type"":""#Microsoft.Azure.Connectors.SharePoint.SPListExpandedUser"",""Claims"":""i:0#.f|membership|rcufd6@multihosp.net"",""DisplayName"":""Cunningham, Ryan"",""Email"":""ryan.cunningham@adventhealth.com"",""Picture"":""https://ahsonline.sharepoint.com/sites/group-gt6leadershipteamgroup/_layouts/15/UserPhoto.aspx?Size=L&AccountName=ryan.cunningham@adventhealth.com"",""Department"":""ORL PCU Cardiopulmonary"",""JobTitle"":""Registered Nurse""}",i:0#.f|membership|rcufd6@multihosp.net,"{""@odata.type"":""#Microsoft.Azure.Connectors.SharePoint.SPListExpandedUser"",""Claims"":""i:0#.f|membership|jsm810@multihosp.net"",""DisplayName"":""McCormick, Jessica"",""Email"":""jessica.mccormick@adventhealth.com"",""Picture"":""https://ahsonline.sharepoint.com/sites/group-gt6leadershipteamgroup/_layouts/15/UserPhoto.aspx?Size=L&AccountName=jessica.mccormick@adventhealth.com"",""Department"":""ORL PCU Cardiopulmonary"",""JobTitle"":""Registered Nurse""}",i:0#.f|membership|jsm810@multihosp.net,Lists%252fGT6%2bSURGIFLOW%2bCPPCU%252f163_.000,False,"{""Large"":null,""Medium"":null,""Small"":null}",https://ahsonline.sharepoint.com/sites/group-gt6leadershipteamgroup/_layouts/15/listform.aspx?PageType=4&ListId=b1516083%2Da63d%2D4301%2D8686%2D4bd9d64675d3&ID=163&ContentTypeID=0x01009E3859902E23B24FAFFEB1621FDA4832,6822,6822,Lists/GT6 SURGIFLOW CPPCU/,Lists/GT6 SURGIFLOW CPPCU/163_.000,"{""@odata.type"":""#Microsoft.Azure.Connectors.SharePoint.SPListExpandedContentType"",""Id"":""0x01009E3859902E23B24FAFFEB1621FDA4832"",""Name"":""Item""}",0x01009E3859902E23B24FAFFEB1621FDA4832,False,56.0,,,RUQ Pain,,,,
"""2""",167,167,6841,,,,,,,,,,,"[{""@odata.type"":""#Microsoft.Azure.Connectors.SharePoint.SPListExpandedReference"",""Id"":4,""Value"":""None""}]",#Collection(Microsoft.Azure.Connectors.SharePoint.SPListExpandedReference),[4],#Collection(Int64),[],#Collection(Microsoft.Azure.Connectors.SharePoint.SPListExpandedReference),[],#Collection(Int64),,,[],#Collection(Microsoft.Azure.Connectors.SharePoint.SPListExpandedReference),[],#Collection(Int64),,,[],#Collection(Microsoft.Azure.Connectors.SharePoint.SPListExpandedReference),[],#Collection(Int64),,,0,2026-07-15T10:45:45Z,False,False,False,False,False,False,,,,,,[],#Collection(Microsoft.Azure.Connectors.SharePoint.SPListExpandedReference),[],#Collection(Int64),,,,,False,True,False,False,False,False,False,False,False,False,46221.0000000000,"{""@odata.type"":""#Microsoft.Azure.Connectors.SharePoint.SPListExpandedReference"",""Id"":3,""Value"":""Discharged""}",3,2026-07-19T01:35:30Z,2026-07-15T10:45:45Z,"{""@odata.type"":""#Microsoft.Azure.Connectors.SharePoint.SPListExpandedUser"",""Claims"":""i:0#.f|membership|rcufd6@multihosp.net"",""DisplayName"":""Cunningham, Ryan"",""Email"":""ryan.cunningham@adventhealth.com"",""Picture"":""https://ahsonline.sharepoint.com/sites/group-gt6leadershipteamgroup/_layouts/15/UserPhoto.aspx?Size=L&AccountName=ryan.cunningham@adventhealth.com"",""Department"":""ORL PCU Cardiopulmonary"",""JobTitle"":""Registered Nurse""}",i:0#.f|membership|rcufd6@multihosp.net,"{""@odata.type"":""#Microsoft.Azure.Connectors.SharePoint.SPListExpandedUser"",""Claims"":""i:0#.f|membership|tjm254@multihosp.net"",""DisplayName"":""Moyer, Ted"",""Email"":""Ted.Moyer@AdventHealth.com"",""Picture"":""https://ahsonline.sharepoint.com/sites/group-gt6leadershipteamgroup/_layouts/15/UserPhoto.aspx?Size=L&AccountName=Ted.Moyer@AdventHealth.com"",""Department"":""ORL PCU Thoracic Pulmonary"",""JobTitle"":""Asst Nurse Mgr""}",i:0#.f|membership|tjm254@multihosp.net,Lists%252fGT6%2bSURGIFLOW%2bCPPCU%252f167_.000,False,"{""Large"":null,""Medium"":null,""Small"":null}",https://ahsonline.sharepoint.com/sites/group-gt6leadershipteamgroup/_layouts/15/listform.aspx?PageType=4&ListId=b1516083%2Da63d%2D4301%2D8686%2D4bd9d64675d3&ID=167&ContentTypeID=0x01009E3859902E23B24FAFFEB1621FDA4832,6841,6841,Lists/GT6 SURGIFLOW CPPCU/,Lists/GT6 SURGIFLOW CPPCU/167_.000,"{""@odata.type"":""#Microsoft.Azure.Connectors.SharePoint.SPListExpandedContentType"",""Id"":""0x01009E3859902E23B24FAFFEB1621FDA4832"",""Name"":""Item""}",0x01009E3859902E23B24FAFFEB1621FDA4832,False,2.0,,,,,,,
"""73""",171,171,6836,Harold,14535095,2026-08-17,,CXR w/ pleural effusions - IV Bumex BID. IV steroids. EF 60-65% - pending further POC from cardio. fluid restriction. New PH consult-Dr. tarver,"{""@odata.type"":""#Microsoft.Azure.Connectors.SharePoint.SPListExpandedReference"",""Id"":0,""Value"":""Home No Needs""}",0,"Endo, PH, attn. ",,,[],#Collection(Microsoft.Azure.Connectors.SharePoint.SPListExpandedReference),[],#Collection(Int64),"[{""@odata.type"":""#Microsoft.Azure.Connectors.SharePoint.SPListExpandedReference"",""Id"":7,""Value"":""Dopamine""}]",#Collection(Microsoft.Azure.Connectors.SharePoint.SPListExpandedReference),[7],#Collection(Int64),,,[],#Collection(Microsoft.Azure.Connectors.SharePoint.SPListExpandedReference),[],#Collection(Int64),,,[],#Collection(Microsoft.Azure.Connectors.SharePoint.SPListExpandedReference),[],#Collection(Int64),,,0,,False,False,False,False,False,False,2026-08-13,"{""@odata.type"":""#Microsoft.Azure.Connectors.SharePoint.SPListExpandedReference"",""Id"":3,""Value"":""CVmed""}",3,,,[],#Collection(Microsoft.Azure.Connectors.SharePoint.SPListExpandedReference),[],#Collection(Int64),,,,,False,True,False,False,False,False,False,False,False,False,2.00000000000000,"{""@odata.type"":""#Microsoft.Azure.Connectors.SharePoint.SPListExpandedReference"",""Id"":0,""Value"":""Progressing On Schedule""}",0,2026-08-16T04:28:39Z,2026-07-16T05:07:14Z,"{""@odata.type"":""#Microsoft.Azure.Connectors.SharePoint.SPListExpandedUser"",""Claims"":""i:0#.f|membership|bto862@multihosp.net"",""DisplayName"":""Torres, Beatriz"",""Email"":""Beatriz.Torres1@AdventHealth.com"",""Picture"":""https://ahsonline.sharepoint.com/sites/group-gt6leadershipteamgroup/_layouts/15/UserPhoto.aspx?Size=L&AccountName=Beatriz.Torres1@AdventHealth.com"",""Department"":""ORL PCU Cardiopulmonary"",""JobTitle"":""Registered Nurse""}",i:0#.f|membership|bto862@multihosp.net,"{""@odata.type"":""#Microsoft.Azure.Connectors.SharePoint.SPListExpandedUser"",""Claims"":""i:0#.f|membership|ssmc7a@multihosp.net"",""DisplayName"":""Smith, Shayla"",""Email"":""Shayla.Smith@AdventHealth.com"",""Picture"":""https://ahsonline.sharepoint.com/sites/group-gt6leadershipteamgroup/_layouts/15/UserPhoto.aspx?Size=L&AccountName=Shayla.Smith@AdventHealth.com"",""Department"":""ORL PCU Cardiopulmonary"",""JobTitle"":""Asst Nurse Mgr""}",i:0#.f|membership|ssmc7a@multihosp.net,Lists%252fGT6%2bSURGIFLOW%2bCPPCU%252f171_.000,False,"{""Large"":null,""Medium"":null,""Small"":null}",https://ahsonline.sharepoint.com/sites/group-gt6leadershipteamgroup/_layouts/15/listform.aspx?PageType=4&ListId=b1516083%2Da63d%2D4301%2D8686%2D4bd9d64675d3&ID=171&ContentTypeID=0x01009E3859902E23B24FAFFEB1621FDA4832,6836,6836,Lists/GT6 SURGIFLOW CPPCU/,Lists/GT6 SURGIFLOW CPPCU/171_.000,"{""@odata.type"":""#Microsoft.Azure.Connectors.SharePoint.SPListExpandedContentType"",""Id"":""0x01009E3859902E23B24FAFFEB1621FDA4832"",""Name"":""Item""}",0x01009E3859902E23B24FAFFEB1621FDA4832,False,73.0,,Dr. Chaudhry,SoB/BLE swelling,,,,
"""66""",172,172,6832,Richards,501738673,2026-08-18,,"Pending stool collection to r/o C.diff. PH consulted for PH eval. Patient currently unemployed - CM to help w/ HIV medications.  PJP pneumonia, Colonoscopy on Monday 8/17. IV ABX until 8/21. ","{""@odata.type"":""#Microsoft.Azure.Connectors.SharePoint.SPListExpandedReference"",""Id"":0,""Value"":""Home No Needs""}",0,,,,[],#Collection(Microsoft.Azure.Connectors.SharePoint.SPListExpandedReference),[],#Collection(Int64),[],#Collection(Microsoft.Azure.Connectors.SharePoint.SPListExpandedReference),[],#Collection(Int64),,,[],#Collection(Microsoft.Azure.Connectors.SharePoint.SPListExpandedReference),[],#Collection(Int64),,,[],#Collection(Microsoft.Azure.Connectors.SharePoint.SPListExpandedReference),[],#Collection(Int64),,,0,2026-07-16T05:20:52Z,False,False,False,False,False,False,2026-08-01,,,,,[],#Collection(Microsoft.Azure.Connectors.SharePoint.SPListExpandedReference),[],#Collection(Int64),,,,,False,True,False,False,False,False,False,False,False,False,14.0000000000000,"{""@odata.type"":""#Microsoft.Azure.Connectors.SharePoint.SPListExpandedReference"",""Id"":0,""Value"":""Progressing On Schedule""}",0,2026-08-16T05:49:11Z,2026-07-16T05:20:52Z,"{""@odata.type"":""#Microsoft.Azure.Connectors.SharePoint.SPListExpandedUser"",""Claims"":""i:0#.f|membership|bto862@multihosp.net"",""DisplayName"":""Torres, Beatriz"",""Email"":""Beatriz.Torres1@AdventHealth.com"",""Picture"":""https://ahsonline.sharepoint.com/sites/group-gt6leadershipteamgroup/_layouts/15/UserPhoto.aspx?Size=L&AccountName=Beatriz.Torres1@AdventHealth.com"",""Department"":""ORL PCU Cardiopulmonary"",""JobTitle"":""Registered Nurse""}",i:0#.f|membership|bto862@multihosp.net,"{""@odata.type"":""#Microsoft.Azure.Connectors.SharePoint.SPListExpandedUser"",""Claims"":""i:0#.f|membership|ssmc7a@multihosp.net"",""DisplayName"":""Smith, Shayla"",""Email"":""Shayla.Smith@AdventHealth.com"",""Picture"":""https://ahsonline.sharepoint.com/sites/group-gt6leadershipteamgroup/_layouts/15/UserPhoto.aspx?Size=L&AccountName=Shayla.Smith@AdventHealth.com"",""Department"":""ORL PCU Cardiopulmonary"",""JobTitle"":""Asst Nurse Mgr""}",i:0#.f|membership|ssmc7a@multihosp.net,Lists%252fGT6%2bSURGIFLOW%2bCPPCU%252f172_.000,False,"{""Large"":null,""Medium"":null,""Small"":null}",https://ahsonline.sharepoint.com/sites/group-gt6leadershipteamgroup/_layouts/15/listform.aspx?PageType=4&ListId=b1516083%2Da63d%2D4301%2D8686%2D4bd9d64675d3&ID=172&ContentTypeID=0x01009E3859902E23B24FAFFEB1621FDA4832,6832,6832,Lists/GT6 SURGIFLOW CPPCU/,Lists/GT6 SURGIFLOW CPPCU/172_.000,"{""@odata.type"":""#Microsoft.Azure.Connectors.SharePoint.SPListExpandedContentType"",""Id"":""0x01009E3859902E23B24FAFFEB1621FDA4832"",""Name"":""Item""}",0x01009E3859902E23B24FAFFEB1621FDA4832,False,66.0,,Akram,Vtach,,,,
"""2""",173,173,6813,,,,,,,,,,,"[{""@odata.type"":""#Microsoft.Azure.Connectors.SharePoint.SPListExpandedReference"",""Id"":4,""Value"":""None""}]",#Collection(Microsoft.Azure.Connectors.SharePoint.SPListExpandedReference),[4],#Collection(Int64),[],#Collection(Microsoft.Azure.Connectors.SharePoint.SPListExpandedReference),[],#Collection(Int64),,,[],#Collection(Microsoft.Azure.Connectors.SharePoint.SPListExpandedReference),[],#Collection(Int64),,,[],#Collection(Microsoft.Azure.Connectors.SharePoint.SPListExpandedReference),[],#Collection(Int64),,,0,2026-07-16T05:24:11Z,False,False,False,False,False,False,,,,,,[],#Collection(Microsoft.Azure.Connectors.SharePoint.SPListExpandedReference),[],#Collection(Int64),,,,,False,True,False,False,False,False,False,False,False,False,46221.0000000000,"{""@odata.type"":""#Microsoft.Azure.Connectors.SharePoint.SPListExpandedReference"",""Id"":3,""Value"":""Discharged""}",3,2026-07-19T01:36:09Z,2026-07-16T05:24:11Z,"{""@odata.type"":""#Microsoft.Azure.Connectors.SharePoint.SPListExpandedUser"",""Claims"":""i:0#.f|membership|bto862@multihosp.net"",""DisplayName"":""Torres, Beatriz"",""Email"":""Beatriz.Torres1@AdventHealth.com"",""Picture"":""https://ahsonline.sharepoint.com/sites/group-gt6leadershipteamgroup/_layouts/15/UserPhoto.aspx?Size=L&AccountName=Beatriz.Torres1@AdventHealth.com"",""Department"":""ORL PCU Cardiopulmonary"",""JobTitle"":""Registered Nurse""}",i:0#.f|membership|bto862@multihosp.net,"{""@odata.type"":""#Microsoft.Azure.Connectors.SharePoint.SPListExpandedUser"",""Claims"":""i:0#.f|membership|tjm254@multihosp.net"",""DisplayName"":""Moyer, Ted"",""Email"":""Ted.Moyer@AdventHealth.com"",""Picture"":""https://ahsonline.sharepoint.com/sites/group-gt6leadershipteamgroup/_layouts/15/UserPhoto.aspx?Size=L&AccountName=Ted.Moyer@AdventHealth.com"",""Department"":""ORL PCU Thoracic Pulmonary"",""JobTitle"":""Asst Nurse Mgr""}",i:0#.f|membership|tjm254@multihosp.net,Lists%252fGT6%2bSURGIFLOW%2bCPPCU%252f173_.000,False,"{""Large"":null,""Medium"":null,""Small"":null}",https://ahsonline.sharepoint.com/sites/group-gt6leadershipteamgroup/_layouts/15/listform.aspx?PageType=4&ListId=b1516083%2Da63d%2D4301%2D8686%2D4bd9d64675d3&ID=173&ContentTypeID=0x01009E3859902E23B24FAFFEB1621FDA4832,6813,6813,Lists/GT6 SURGIFLOW CPPCU/,Lists/GT6 SURGIFLOW CPPCU/173_.000,"{""@odata.type"":""#Microsoft.Azure.Connectors.SharePoint.SPListExpandedContentType"",""Id"":""0x01009E3859902E23B24FAFFEB1621FDA4832"",""Name"":""Item""}",0x01009E3859902E23B24FAFFEB1621FDA4832,False,2.0,,,,,,,
"""2""",174,174,6814,,,,,,,,,,,"[{""@odata.type"":""#Microsoft.Azure.Connectors.SharePoint.SPListExpandedReference"",""Id"":4,""Value"":""None""}]",#Collection(Microsoft.Azure.Connectors.SharePoint.SPListExpandedReference),[4],#Collection(Int64),[],#Collection(Microsoft.Azure.Connectors.SharePoint.SPListExpandedReference),[],#Collection(Int64),,,[],#Collection(Microsoft.Azure.Connectors.SharePoint.SPListExpandedReference),[],#Collection(Int64),,,[],#Collection(Microsoft.Azure.Connectors.SharePoint.SPListExpandedReference),[],#Collection(Int64),,,0,2026-07-16T05:24:15Z,False,False,False,False,False,False,,,,,,[],#Collection(Microsoft.Azure.Connectors.SharePoint.SPListExpandedReference),[],#Collection(Int64),,,,,False,True,False,False,False,False,False,False,False,False,46221.0000000000,"{""@odata.type"":""#Microsoft.Azure.Connectors.SharePoint.SPListExpandedReference"",""Id"":3,""Value"":""Discharged""}",3,2026-07-19T01:36:08Z,2026-07-16T05:24:15Z,"{""@odata.type"":""#Microsoft.Azure.Connectors.SharePoint.SPListExpandedUser"",""Claims"":""i:0#.f|membership|bto862@multihosp.net"",""DisplayName"":""Torres, Beatriz"",""Email"":""Beatriz.Torres1@AdventHealth.com"",""Picture"":""https://ahsonline.sharepoint.com/sites/group-gt6leadershipteamgroup/_layouts/15/UserPhoto.aspx?Size=L&AccountName=Beatriz.Torres1@AdventHealth.com"",""Department"":""ORL PCU Cardiopulmonary"",""JobTitle"":""Registered Nurse""}",i:0#.f|membership|bto862@multihosp.net,"{""@odata.type"":""#Microsoft.Azure.Connectors.SharePoint.SPListExpandedUser"",""Claims"":""i:0#.f|membership|tjm254@multihosp.net"",""DisplayName"":""Moyer, Ted"",""Email"":""Ted.Moyer@AdventHealth.com"",""Picture"":""https://ahsonline.sharepoint.com/sites/group-gt6leadershipteamgroup/_layouts/15/UserPhoto.aspx?Size=L&AccountName=Ted.Moyer@AdventHealth.com"",""Department"":""ORL PCU Thoracic Pulmonary"",""JobTitle"":""Asst Nurse Mgr""}",i:0#.f|membership|tjm254@multihosp.net,Lists%252fGT6%2bSURGIFLOW%2bCPPCU%252f174_.000,False,"{""Large"":null,""Medium"":null,""Small"":null}",https://ahsonline.sharepoint.com/sites/group-gt6leadershipteamgroup/_layouts/15/listform.aspx?PageType=4&ListId=b1516083%2Da63d%2D4301%2D8686%2D4bd9d64675d3&ID=174&ContentTypeID=0x01009E3859902E23B24FAFFEB1621FDA4832,6814,6814,Lists/GT6 SURGIFLOW CPPCU/,Lists/GT6 SURGIFLOW CPPCU/174_.000,"{""@odata.type"":""#Microsoft.Azure.Connectors.SharePoint.SPListExpandedContentType"",""Id"":""0x01009E3859902E23B24FAFFEB1621FDA4832"",""Name"":""Item""}",0x01009E3859902E23B24FAFFEB1621FDA4832,False,2.0,,,,,,,
"""77""",175,175,6801,Burley,14232681,2026-08-23,,"Hep/Dob gtt. 3-4L baseline, Cpap at night.   Got letter from Att for Air Conditioning. Not a candidate for lung Tx/Heart or redo-PTE. IV lasix held. Started on Rem - now at 6ng w/ goal of 20ng. Endo consulted for weight loss to improve transplant listing. cMRI to be done tomorrow - will need to be on extender for Rem","{""@odata.type"":""#Microsoft.Azure.Connectors.SharePoint.SPListExpandedReference"",""Id"":0,""Value"":""Home No Needs""}",0,"Lung Tx, PH, pulm, attn, Endo",,,[],#Collection(Microsoft.Azure.Connectors.SharePoint.SPListExpandedReference),[],#Collection(Int64),[],#Collection(Microsoft.Azure.Connectors.SharePoint.SPListExpandedReference),[],#Collection(Int64),,,[],#Collection(Microsoft.Azure.Connectors.SharePoint.SPListExpandedReference),[],#Collection(Int64),,,[],#Collection(Microsoft.Azure.Connectors.SharePoint.SPListExpandedReference),[],#Collection(Int64),,,0,2026-07-17T03:28:00Z,False,False,False,False,False,False,2026-08-04,,,,,[],#Collection(Microsoft.Azure.Connectors.SharePoint.SPListExpandedReference),[],#Collection(Int64),,,,,False,True,False,False,False,False,False,False,False,False,12.0000000000000,"{""@odata.type"":""#Microsoft.Azure.Connectors.SharePoint.SPListExpandedReference"",""Id"":0,""Value"":""Progressing On Schedule""}",0,2026-08-16T20:41:12Z,2026-07-17T03:28:11Z,"{""@odata.type"":""#Microsoft.Azure.Connectors.SharePoint.SPListExpandedUser"",""Claims"":""i:0#.f|membership|ssmc7a@multihosp.net"",""DisplayName"":""Smith, Shayla"",""Email"":""Shayla.Smith@AdventHealth.com"",""Picture"":""https://ahsonline.sharepoint.com/sites/group-gt6leadershipteamgroup/_layouts/15/UserPhoto.aspx?Size=L&AccountName=Shayla.Smith@AdventHealth.com"",""Department"":""ORL PCU Cardiopulmonary"",""JobTitle"":""Asst Nurse Mgr""}",i:0#.f|membership|ssmc7a@multihosp.net,"{""@odata.type"":""#Microsoft.Azure.Connectors.SharePoint.SPListExpandedUser"",""Claims"":""i:0#.f|membership|jsm810@multihosp.net"",""DisplayName"":""McCormick, Jessica"",""Email"":""jessica.mccormick@adventhealth.com"",""Picture"":""https://ahsonline.sharepoint.com/sites/group-gt6leadershipteamgroup/_layouts/15/UserPhoto.aspx?Size=L&AccountName=jessica.mccormick@adventhealth.com"",""Department"":""ORL PCU Cardiopulmonary"",""JobTitle"":""Registered Nurse""}",i:0#.f|membership|jsm810@multihosp.net,Lists%252fGT6%2bSURGIFLOW%2bCPPCU%252f175_.000,False,"{""Large"":null,""Medium"":null,""Small"":null}",https://ahsonline.sharepoint.com/sites/group-gt6leadershipteamgroup/_layouts/15/listform.aspx?PageType=4&ListId=b1516083%2Da63d%2D4301%2D8686%2D4bd9d64675d3&ID=175&ContentTypeID=0x01009E3859902E23B24FAFFEB1621FDA4832,6801,6801,Lists/GT6 SURGIFLOW CPPCU/,Lists/GT6 SURGIFLOW CPPCU/175_.000,"{""@odata.type"":""#Microsoft.Azure.Connectors.SharePoint.SPListExpandedContentType"",""Id"":""0x01009E3859902E23B24FAFFEB1621FDA4832"",""Name"":""Item""}",0x01009E3859902E23B24FAFFEB1621FDA4832,False,77.0,Lung Tx team working on getting insurance for pt. to be able to follow up outpt with them.,Condron,,GLP-1 opt.. ,,,
"""2""",181,181,6820,,,,,,,,,,,"[{""@odata.type"":""#Microsoft.Azure.Connectors.SharePoint.SPListExpandedReference"",""Id"":4,""Value"":""None""}]",#Collection(Microsoft.Azure.Connectors.SharePoint.SPListExpandedReference),[4],#Collection(Int64),[],#Collection(Microsoft.Azure.Connectors.SharePoint.SPListExpandedReference),[],#Collection(Int64),,,[],#Collection(Microsoft.Azure.Connectors.SharePoint.SPListExpandedReference),[],#Collection(Int64),,,[],#Collection(Microsoft.Azure.Connectors.SharePoint.SPListExpandedReference),[],#Collection(Int64),,,0,2026-07-17T04:02:00Z,False,False,False,False,False,False,,,,,,[],#Collection(Microsoft.Azure.Connectors.SharePoint.SPListExpandedReference),[],#Collection(Int64),,,,,False,True,False,False,False,False,False,False,False,False,46221.0000000000,"{""@odata.type"":""#Microsoft.Azure.Connectors.SharePoint.SPListExpandedReference"",""Id"":3,""Value"":""Discharged""}",3,2026-07-19T01:34:17Z,2026-07-17T04:02:36Z,"{""@odata.type"":""#Microsoft.Azure.Connectors.SharePoint.SPListExpandedUser"",""Claims"":""i:0#.f|membership|ssmc7a@multihosp.net"",""DisplayName"":""Smith, Shayla"",""Email"":""Shayla.Smith@AdventHealth.com"",""Picture"":""https://ahsonline.sharepoint.com/sites/group-gt6leadershipteamgroup/_layouts/15/UserPhoto.aspx?Size=L&AccountName=Shayla.Smith@AdventHealth.com"",""Department"":""ORL PCU Cardiopulmonary"",""JobTitle"":""Asst Nurse Mgr""}",i:0#.f|membership|ssmc7a@multihosp.net,"{""@odata.type"":""#Microsoft.Azure.Connectors.SharePoint.SPListExpandedUser"",""Claims"":""i:0#.f|membership|tjm254@multihosp.net"",""DisplayName"":""Moyer, Ted"",""Email"":""Ted.Moyer@AdventHealth.com"",""Picture"":""https://ahsonline.sharepoint.com/sites/group-gt6leadershipteamgroup/_layouts/15/UserPhoto.aspx?Size=L&AccountName=Ted.Moyer@AdventHealth.com"",""Department"":""ORL PCU Thoracic Pulmonary"",""JobTitle"":""Asst Nurse Mgr""}",i:0#.f|membership|tjm254@multihosp.net,Lists%252fGT6%2bSURGIFLOW%2bCPPCU%252f181_.000,False,"{""Large"":null,""Medium"":null,""Small"":null}",https://ahsonline.sharepoint.com/sites/group-gt6leadershipteamgroup/_layouts/15/listform.aspx?PageType=4&ListId=b1516083%2Da63d%2D4301%2D8686%2D4bd9d64675d3&ID=181&ContentTypeID=0x01009E3859902E23B24FAFFEB1621FDA4832,6820,6820,Lists/GT6 SURGIFLOW CPPCU/,Lists/GT6 SURGIFLOW CPPCU/181_.000,"{""@odata.type"":""#Microsoft.Azure.Connectors.SharePoint.SPListExpandedContentType"",""Id"":""0x01009E3859902E23B24FAFFEB1621FDA4832"",""Name"":""Item""}",0x01009E3859902E23B24FAFFEB1621FDA4832,False,2.0,,,,,,,
"""61""",182,182,6826,Nathan,11742699,2026-08-17," 
","PH: SS crisis, s/p temp HD Cath placement for RBC exchange. 1st RBC exchange pending  pending labs. Monitor H&H and Hemoglobin S. Pain mgmt.  ","{""@odata.type"":""#Microsoft.Azure.Connectors.SharePoint.SPListExpandedReference"",""Id"":0,""Value"":""Home No Needs""}",0,,,,[],#Collection(Microsoft.Azure.Connectors.SharePoint.SPListExpandedReference),[],#Collection(Int64),[],#Collection(Microsoft.Azure.Connectors.SharePoint.SPListExpandedReference),[],#Collection(Int64),,,[],#Collection(Microsoft.Azure.Connectors.SharePoint.SPListExpandedReference),[],#Collection(Int64),,,[],#Collection(Microsoft.Azure.Connectors.SharePoint.SPListExpandedReference),[],#Collection(Int64),,,0,2026-07-17T04:02:00Z,False,False,False,False,False,False,2026-07-31,,,,,[],#Collection(Microsoft.Azure.Connectors.SharePoint.SPListExpandedReference),[],#Collection(Int64),,,,,False,True,False,False,False,False,False,False,False,False,15.0000000000000,"{""@odata.type"":""#Microsoft.Azure.Connectors.SharePoint.SPListExpandedReference"",""Id"":0,""Value"":""Progressing On Schedule""}",0,2026-08-16T05:43:01Z,2026-07-17T04:02:42Z,"{""@odata.type"":""#Microsoft.Azure.Connectors.SharePoint.SPListExpandedUser"",""Claims"":""i:0#.f|membership|ssmc7a@multihosp.net"",""DisplayName"":""Smith, Shayla"",""Email"":""Shayla.Smith@AdventHealth.com"",""Picture"":""https://ahsonline.sharepoint.com/sites/group-gt6leadershipteamgroup/_layouts/15/UserPhoto.aspx?Size=L&AccountName=Shayla.Smith@AdventHealth.com"",""Department"":""ORL PCU Cardiopulmonary"",""JobTitle"":""Asst Nurse Mgr""}",i:0#.f|membership|ssmc7a@multihosp.net,"{""@odata.type"":""#Microsoft.Azure.Connectors.SharePoint.SPListExpandedUser"",""Claims"":""i:0#.f|membership|ssmc7a@multihosp.net"",""DisplayName"":""Smith, Shayla"",""Email"":""Shayla.Smith@AdventHealth.com"",""Picture"":""https://ahsonline.sharepoint.com/sites/group-gt6leadershipteamgroup/_layouts/15/UserPhoto.aspx?Size=L&AccountName=Shayla.Smith@AdventHealth.com"",""Department"":""ORL PCU Cardiopulmonary"",""JobTitle"":""Asst Nurse Mgr""}",i:0#.f|membership|ssmc7a@multihosp.net,Lists%252fGT6%2bSURGIFLOW%2bCPPCU%252f182_.000,False,"{""Large"":null,""Medium"":null,""Small"":null}",https://ahsonline.sharepoint.com/sites/group-gt6leadershipteamgroup/_layouts/15/listform.aspx?PageType=4&ListId=b1516083%2Da63d%2D4301%2D8686%2D4bd9d64675d3&ID=182&ContentTypeID=0x01009E3859902E23B24FAFFEB1621FDA4832,6826,6826,Lists/GT6 SURGIFLOW CPPCU/,Lists/GT6 SURGIFLOW CPPCU/182_.000,"{""@odata.type"":""#Microsoft.Azure.Connectors.SharePoint.SPListExpandedContentType"",""Id"":""0x01009E3859902E23B24FAFFEB1621FDA4832"",""Name"":""Item""}",0x01009E3859902E23B24FAFFEB1621FDA4832,False,61.0,"Home, no needs. ", Dr. Samir ,cardiogenic shock ,,,,
"""60""",186,186,6838,Howard Whelchel,320244924,2026-08-19,,"IV antifungal until 8/19. TPN decreased to 35ml. back to clear liquid diet still 8/15. Eliquis Held. Wound Care q4days. Will need TF DME. Urine CX + - started on IV ABX until 8/19. Heparin gtt resumed w/ resolution of blood in urine. Scant amount of bleeding around PEG - 1 UPRBC yesterday. TF resumed 8/15 Goal on 70ml/hr, currently  40ml, q10hour titration. ","{""@odata.type"":""#Microsoft.Azure.Connectors.SharePoint.SPListExpandedReference"",""Id"":6,""Value"":""IPR-AH""}",6,"ID, Uro, Nephro, Transplant, Colorectal, Attn",,,[],#Collection(Microsoft.Azure.Connectors.SharePoint.SPListExpandedReference),[],#Collection(Int64),[],#Collection(Microsoft.Azure.Connectors.SharePoint.SPListExpandedReference),[],#Collection(Int64),,,[],#Collection(Microsoft.Azure.Connectors.SharePoint.SPListExpandedReference),[],#Collection(Int64),,,[],#Collection(Microsoft.Azure.Connectors.SharePoint.SPListExpandedReference),[],#Collection(Int64),,,0,2026-07-17T06:40:00Z,False,False,False,False,False,False,2026-07-28,,,,,[],#Collection(Microsoft.Azure.Connectors.SharePoint.SPListExpandedReference),[],#Collection(Int64),,,,,False,True,False,False,False,False,False,False,False,False,18.0000000000000,"{""@odata.type"":""#Microsoft.Azure.Connectors.SharePoint.SPListExpandedReference"",""Id"":0,""Value"":""Progressing On Schedule""}",0,2026-08-16T05:35:21Z,2026-07-17T06:43:31Z,"{""@odata.type"":""#Microsoft.Azure.Connectors.SharePoint.SPListExpandedUser"",""Claims"":""i:0#.f|membership|ssmc7a@multihosp.net"",""DisplayName"":""Smith, Shayla"",""Email"":""Shayla.Smith@AdventHealth.com"",""Picture"":""https://ahsonline.sharepoint.com/sites/group-gt6leadershipteamgroup/_layouts/15/UserPhoto.aspx?Size=L&AccountName=Shayla.Smith@AdventHealth.com"",""Department"":""ORL PCU Cardiopulmonary"",""JobTitle"":""Asst Nurse Mgr""}",i:0#.f|membership|ssmc7a@multihosp.net,"{""@odata.type"":""#Microsoft.Azure.Connectors.SharePoint.SPListExpandedUser"",""Claims"":""i:0#.f|membership|ssmc7a@multihosp.net"",""DisplayName"":""Smith, Shayla"",""Email"":""Shayla.Smith@AdventHealth.com"",""Picture"":""https://ahsonline.sharepoint.com/sites/group-gt6leadershipteamgroup/_layouts/15/UserPhoto.aspx?Size=L&AccountName=Shayla.Smith@AdventHealth.com"",""Department"":""ORL PCU Cardiopulmonary"",""JobTitle"":""Asst Nurse Mgr""}",i:0#.f|membership|ssmc7a@multihosp.net,Lists%252fGT6%2bSURGIFLOW%2bCPPCU%252f186_.000,False,"{""Large"":null,""Medium"":null,""Small"":null}",https://ahsonline.sharepoint.com/sites/group-gt6leadershipteamgroup/_layouts/15/listform.aspx?PageType=4&ListId=b1516083%2Da63d%2D4301%2D8686%2D4bd9d64675d3&ID=186&ContentTypeID=0x01009E3859902E23B24FAFFEB1621FDA4832,6838,6838,Lists/GT6 SURGIFLOW CPPCU/,Lists/GT6 SURGIFLOW CPPCU/186_.000,"{""@odata.type"":""#Microsoft.Azure.Connectors.SharePoint.SPListExpandedContentType"",""Id"":""0x01009E3859902E23B24FAFFEB1621FDA4832"",""Name"":""Item""}",0x01009E3859902E23B24FAFFEB1621FDA4832,False,60.0,IPR DCP w/ TF. ,Akram,Ascites,IPR- WP?,,,
"""40""",187,187,6811,Schuck,506345605,2026-08-23,Pt staying until he receives lungs.,"Lung eval. Currently on 6L HFNC, Bipap at night. blood cultures- 1x pos, other neg. Pt staying until he receives lungs.  S. Completed 8 laps. Garden Privilege can go without a RN. PO steroids. Will not leave until organ offer. On IV ABX till 8/18 for + sputum. ",,,"Lung, cardio, RRN ",,,[],#Collection(Microsoft.Azure.Connectors.SharePoint.SPListExpandedReference),[],#Collection(Int64),[],#Collection(Microsoft.Azure.Connectors.SharePoint.SPListExpandedReference),[],#Collection(Int64),,,[],#Collection(Microsoft.Azure.Connectors.SharePoint.SPListExpandedReference),[],#Collection(Int64),,,[],#Collection(Microsoft.Azure.Connectors.SharePoint.SPListExpandedReference),[],#Collection(Int64),,,0,2026-07-19T00:12:06Z,False,False,False,False,False,False,2026-07-13,,,,,[],#Collection(Microsoft.Azure.Connectors.SharePoint.SPListExpandedReference),[],#Collection(Int64),,,,,False,True,False,False,False,False,False,False,False,False,34.0000000000000,"{""@odata.type"":""#Microsoft.Azure.Connectors.SharePoint.SPListExpandedReference"",""Id"":0,""Value"":""Progressing On Schedule""}",0,2026-08-16T20:58:52Z,2026-07-19T00:12:06Z,"{""@odata.type"":""#Microsoft.Azure.Connectors.SharePoint.SPListExpandedUser"",""Claims"":""i:0#.f|membership|bto862@multihosp.net"",""DisplayName"":""Torres, Beatriz"",""Email"":""Beatriz.Torres1@AdventHealth.com"",""Picture"":""https://ahsonline.sharepoint.com/sites/group-gt6leadershipteamgroup/_layouts/15/UserPhoto.aspx?Size=L&AccountName=Beatriz.Torres1@AdventHealth.com"",""Department"":""ORL PCU Cardiopulmonary"",""JobTitle"":""Registered Nurse""}",i:0#.f|membership|bto862@multihosp.net,"{""@odata.type"":""#Microsoft.Azure.Connectors.SharePoint.SPListExpandedUser"",""Claims"":""i:0#.f|membership|jsm810@multihosp.net"",""DisplayName"":""McCormick, Jessica"",""Email"":""jessica.mccormick@adventhealth.com"",""Picture"":""https://ahsonline.sharepoint.com/sites/group-gt6leadershipteamgroup/_layouts/15/UserPhoto.aspx?Size=L&AccountName=jessica.mccormick@adventhealth.com"",""Department"":""ORL PCU Cardiopulmonary"",""JobTitle"":""Registered Nurse""}",i:0#.f|membership|jsm810@multihosp.net,Lists%252fGT6%2bSURGIFLOW%2bCPPCU%252f187_.000,False,"{""Large"":null,""Medium"":null,""Small"":null}",https://ahsonline.sharepoint.com/sites/group-gt6leadershipteamgroup/_layouts/15/listform.aspx?PageType=4&ListId=b1516083%2Da63d%2D4301%2D8686%2D4bd9d64675d3&ID=187&ContentTypeID=0x01009E3859902E23B24FAFFEB1621FDA4832,6811,6811,Lists/GT6 SURGIFLOW CPPCU/,Lists/GT6 SURGIFLOW CPPCU/187_.000,"{""@odata.type"":""#Microsoft.Azure.Connectors.SharePoint.SPListExpandedContentType"",""Id"":""0x01009E3859902E23B24FAFFEB1621FDA4832"",""Name"":""Item""}",0x01009E3859902E23B24FAFFEB1621FDA4832,False,40.0,Now 7- 10 HFNC 19 with ambulation ,Kwak ,,6MWT on 7/28,,,
"""55""",192,192,6818,Sanchez,511894919,2026-08-22,Will be listed this admission--No DC,"SOB: On heated highflow 40L 55%, baseline 6L. BC x2. IV Abx till 8/16.  Lung transplant work up. s/p Dental extraction 8/11. Pending another week to see progress. Monitoring K+. ",,,"attn, Lung, Dental",,,[],#Collection(Microsoft.Azure.Connectors.SharePoint.SPListExpandedReference),[],#Collection(Int64),[],#Collection(Microsoft.Azure.Connectors.SharePoint.SPListExpandedReference),[],#Collection(Int64),,,[],#Collection(Microsoft.Azure.Connectors.SharePoint.SPListExpandedReference),[],#Collection(Int64),,,[],#Collection(Microsoft.Azure.Connectors.SharePoint.SPListExpandedReference),[],#Collection(Int64),,,0,2026-07-20T23:24:05Z,False,False,False,False,False,False,2026-07-24,,,,,[],#Collection(Microsoft.Azure.Connectors.SharePoint.SPListExpandedReference),[],#Collection(Int64),,,,,False,True,False,False,False,False,False,False,False,False,22.0000000000000,"{""@odata.type"":""#Microsoft.Azure.Connectors.SharePoint.SPListExpandedReference"",""Id"":0,""Value"":""Progressing On Schedule""}",0,2026-08-15T19:29:22Z,2026-07-20T23:24:05Z,"{""@odata.type"":""#Microsoft.Azure.Connectors.SharePoint.SPListExpandedUser"",""Claims"":""i:0#.f|membership|jheb9a@multihosp.net"",""DisplayName"":""Henao Gaviria, Juliana"",""Email"":""juliana.henaogaviria@adventhealth.com"",""Picture"":""https://ahsonline.sharepoint.com/sites/group-gt6leadershipteamgroup/_layouts/15/UserPhoto.aspx?Size=L&AccountName=juliana.henaogaviria@adventhealth.com"",""Department"":""ORL PCU Cardiopulmonary"",""JobTitle"":""Registered Nurse""}",i:0#.f|membership|jheb9a@multihosp.net,"{""@odata.type"":""#Microsoft.Azure.Connectors.SharePoint.SPListExpandedUser"",""Claims"":""i:0#.f|membership|jsm810@multihosp.net"",""DisplayName"":""McCormick, Jessica"",""Email"":""jessica.mccormick@adventhealth.com"",""Picture"":""https://ahsonline.sharepoint.com/sites/group-gt6leadershipteamgroup/_layouts/15/UserPhoto.aspx?Size=L&AccountName=jessica.mccormick@adventhealth.com"",""Department"":""ORL PCU Cardiopulmonary"",""JobTitle"":""Registered Nurse""}",i:0#.f|membership|jsm810@multihosp.net,Lists%252fGT6%2bSURGIFLOW%2bCPPCU%252f192_.000,False,"{""Large"":null,""Medium"":null,""Small"":null}",https://ahsonline.sharepoint.com/sites/group-gt6leadershipteamgroup/_layouts/15/listform.aspx?PageType=4&ListId=b1516083%2Da63d%2D4301%2D8686%2D4bd9d64675d3&ID=192&ContentTypeID=0x01009E3859902E23B24FAFFEB1621FDA4832,6818,6818,Lists/GT6 SURGIFLOW CPPCU/,Lists/GT6 SURGIFLOW CPPCU/192_.000,"{""@odata.type"":""#Microsoft.Azure.Connectors.SharePoint.SPListExpandedContentType"",""Id"":""0x01009E3859902E23B24FAFFEB1621FDA4832"",""Name"":""Item""}",0x01009E3859902E23B24FAFFEB1621FDA4832,False,55.0,,Amawi,GIB,pending PT/OT eval ,,,
"""62""",193,193,6820,Ahluwalia,502404774,2026-08-28,s/p BOLT 6/3/26-this admission ,"Trached size 4, PEG Tube continuous 65ML, Pivot 1.5. Full liquid Diet. ","{""@odata.type"":""#Microsoft.Azure.Connectors.SharePoint.SPListExpandedReference"",""Id"":1,""Value"":""HHC""}",1,"Lung tx, ",,,[],#Collection(Microsoft.Azure.Connectors.SharePoint.SPListExpandedReference),[],#Collection(Int64),[],#Collection(Microsoft.Azure.Connectors.SharePoint.SPListExpandedReference),[],#Collection(Int64),,,[],#Collection(Microsoft.Azure.Connectors.SharePoint.SPListExpandedReference),[],#Collection(Int64),,,[],#Collection(Microsoft.Azure.Connectors.SharePoint.SPListExpandedReference),[],#Collection(Int64),,,0,,False,False,False,False,False,False,,,,,,[],#Collection(Microsoft.Azure.Connectors.SharePoint.SPListExpandedReference),[],#Collection(Int64),,,,,False,False,False,False,False,False,False,False,False,False,46249.0000000000,"{""@odata.type"":""#Microsoft.Azure.Connectors.SharePoint.SPListExpandedReference"",""Id"":0,""Value"":""Progressing On Schedule""}",0,2026-08-16T04:40:38Z,2026-07-21T04:44:33Z,"{""@odata.type"":""#Microsoft.Azure.Connectors.SharePoint.SPListExpandedUser"",""Claims"":""i:0#.f|membership|ssmc7a@multihosp.net"",""DisplayName"":""Smith, Shayla"",""Email"":""Shayla.Smith@AdventHealth.com"",""Picture"":""https://ahsonline.sharepoint.com/sites/group-gt6leadershipteamgroup/_layouts/15/UserPhoto.aspx?Size=L&AccountName=Shayla.Smith@AdventHealth.com"",""Department"":""ORL PCU Cardiopulmonary"",""JobTitle"":""Asst Nurse Mgr""}",i:0#.f|membership|ssmc7a@multihosp.net,"{""@odata.type"":""#Microsoft.Azure.Connectors.SharePoint.SPListExpandedUser"",""Claims"":""i:0#.f|membership|ssmc7a@multihosp.net"",""DisplayName"":""Smith, Shayla"",""Email"":""Shayla.Smith@AdventHealth.com"",""Picture"":""https://ahsonline.sharepoint.com/sites/group-gt6leadershipteamgroup/_layouts/15/UserPhoto.aspx?Size=L&AccountName=Shayla.Smith@AdventHealth.com"",""Department"":""ORL PCU Cardiopulmonary"",""JobTitle"":""Asst Nurse Mgr""}",i:0#.f|membership|ssmc7a@multihosp.net,Lists%252fGT6%2bSURGIFLOW%2bCPPCU%252f193_.000,False,"{""Large"":null,""Medium"":null,""Small"":null}",https://ahsonline.sharepoint.com/sites/group-gt6leadershipteamgroup/_layouts/15/listform.aspx?PageType=4&ListId=b1516083%2Da63d%2D4301%2D8686%2D4bd9d64675d3&ID=193&ContentTypeID=0x01009E3859902E23B24FAFFEB1621FDA4832,6820,6820,Lists/GT6 SURGIFLOW CPPCU/,Lists/GT6 SURGIFLOW CPPCU/193_.000,"{""@odata.type"":""#Microsoft.Azure.Connectors.SharePoint.SPListExpandedContentType"",""Id"":""0x01009E3859902E23B24FAFFEB1621FDA4832"",""Name"":""Item""}",0x01009E3859902E23B24FAFFEB1621FDA4832,False,62.0,,,,,,,
"""53""",195,195,6840,Lewis,512309546,2026-08-17,None,"bumex- gtt  metolazone added. pain mgmt. . Stress test completed.  Bumex gtt.  vasc surg signed off, clear by psych. needs CTA pending nephro clearances, Lymph wraps, Insulin adjusted.  Echo w/ 60-65% EF. ","{""@odata.type"":""#Microsoft.Azure.Connectors.SharePoint.SPListExpandedReference"",""Id"":0,""Value"":""Home No Needs""}",0,,,,[],#Collection(Microsoft.Azure.Connectors.SharePoint.SPListExpandedReference),[],#Collection(Int64),"[{""@odata.type"":""#Microsoft.Azure.Connectors.SharePoint.SPListExpandedReference"",""Id"":0,""Value"":""Heparin""}]",#Collection(Microsoft.Azure.Connectors.SharePoint.SPListExpandedReference),[0],#Collection(Int64),,,[],#Collection(Microsoft.Azure.Connectors.SharePoint.SPListExpandedReference),[],#Collection(Int64),,,[],#Collection(Microsoft.Azure.Connectors.SharePoint.SPListExpandedReference),[],#Collection(Int64),,,0,2026-07-21T04:54:00Z,False,False,False,False,False,False,2026-08-06,,,,,[],#Collection(Microsoft.Azure.Connectors.SharePoint.SPListExpandedReference),[],#Collection(Int64),,,,,False,True,False,False,False,False,False,False,False,False,9.00000000000000,"{""@odata.type"":""#Microsoft.Azure.Connectors.SharePoint.SPListExpandedReference"",""Id"":0,""Value"":""Progressing On Schedule""}",0,2026-08-16T04:53:53Z,2026-07-21T04:55:05Z,"{""@odata.type"":""#Microsoft.Azure.Connectors.SharePoint.SPListExpandedUser"",""Claims"":""i:0#.f|membership|ssmc7a@multihosp.net"",""DisplayName"":""Smith, Shayla"",""Email"":""Shayla.Smith@AdventHealth.com"",""Picture"":""https://ahsonline.sharepoint.com/sites/group-gt6leadershipteamgroup/_layouts/15/UserPhoto.aspx?Size=L&AccountName=Shayla.Smith@AdventHealth.com"",""Department"":""ORL PCU Cardiopulmonary"",""JobTitle"":""Asst Nurse Mgr""}",i:0#.f|membership|ssmc7a@multihosp.net,"{""@odata.type"":""#Microsoft.Azure.Connectors.SharePoint.SPListExpandedUser"",""Claims"":""i:0#.f|membership|ssmc7a@multihosp.net"",""DisplayName"":""Smith, Shayla"",""Email"":""Shayla.Smith@AdventHealth.com"",""Picture"":""https://ahsonline.sharepoint.com/sites/group-gt6leadershipteamgroup/_layouts/15/UserPhoto.aspx?Size=L&AccountName=Shayla.Smith@AdventHealth.com"",""Department"":""ORL PCU Cardiopulmonary"",""JobTitle"":""Asst Nurse Mgr""}",i:0#.f|membership|ssmc7a@multihosp.net,Lists%252fGT6%2bSURGIFLOW%2bCPPCU%252f195_.000,False,"{""Large"":null,""Medium"":null,""Small"":null}",https://ahsonline.sharepoint.com/sites/group-gt6leadershipteamgroup/_layouts/15/listform.aspx?PageType=4&ListId=b1516083%2Da63d%2D4301%2D8686%2D4bd9d64675d3&ID=195&ContentTypeID=0x01009E3859902E23B24FAFFEB1621FDA4832,6840,6840,Lists/GT6 SURGIFLOW CPPCU/,Lists/GT6 SURGIFLOW CPPCU/195_.000,"{""@odata.type"":""#Microsoft.Azure.Connectors.SharePoint.SPListExpandedContentType"",""Id"":""0x01009E3859902E23B24FAFFEB1621FDA4832"",""Name"":""Item""}",0x01009E3859902E23B24FAFFEB1621FDA4832,False,53.0,2L- baseline is RA/ self,,,,,,
"""34""",202,202,6809, Simpson,13228991,2026-08-29,,"CTEPH evaluation. Hep gtt. S/P L/RHC and Pulm fx test.  Cardiac rehab rec 1 week then reevaluate. Nutrition consulted. PTE on 8/25. On 10L HFNC. Adempas held due to hypoxia and diarrhea. Needs to ambulate more

*Patient type and screen pos for cold antibody - notify blood bank day of PTE ","{""@odata.type"":""#Microsoft.Azure.Connectors.SharePoint.SPListExpandedReference"",""Id"":0,""Value"":""Home No Needs""}",0,"Pulm, Cardio, CTSX, Heme",,,[],#Collection(Microsoft.Azure.Connectors.SharePoint.SPListExpandedReference),[],#Collection(Int64),[],#Collection(Microsoft.Azure.Connectors.SharePoint.SPListExpandedReference),[],#Collection(Int64),,,[],#Collection(Microsoft.Azure.Connectors.SharePoint.SPListExpandedReference),[],#Collection(Int64),,,[],#Collection(Microsoft.Azure.Connectors.SharePoint.SPListExpandedReference),[],#Collection(Int64),,,0,2026-08-01T06:34:58Z,False,False,False,False,False,False,,,,,,[],#Collection(Microsoft.Azure.Connectors.SharePoint.SPListExpandedReference),[],#Collection(Int64),,,,,False,True,False,False,False,False,False,False,False,False,46250.0000000000,"{""@odata.type"":""#Microsoft.Azure.Connectors.SharePoint.SPListExpandedReference"",""Id"":0,""Value"":""Progressing On Schedule""}",0,2026-08-16T20:58:10Z,2026-08-01T06:34:58Z,"{""@odata.type"":""#Microsoft.Azure.Connectors.SharePoint.SPListExpandedUser"",""Claims"":""i:0#.f|membership|aaaa09@multihosp.net"",""DisplayName"":""Anderson, Abigail"",""Email"":""Abigail.Anderson@AdventHealth.com"",""Picture"":""https://ahsonline.sharepoint.com/sites/group-gt6leadershipteamgroup/_layouts/15/UserPhoto.aspx?Size=L&AccountName=Abigail.Anderson@AdventHealth.com"",""Department"":""ORL PCU Cardiopulmonary"",""JobTitle"":""Registered Nurse""}",i:0#.f|membership|aaaa09@multihosp.net,"{""@odata.type"":""#Microsoft.Azure.Connectors.SharePoint.SPListExpandedUser"",""Claims"":""i:0#.f|membership|jsm810@multihosp.net"",""DisplayName"":""McCormick, Jessica"",""Email"":""jessica.mccormick@adventhealth.com"",""Picture"":""https://ahsonline.sharepoint.com/sites/group-gt6leadershipteamgroup/_layouts/15/UserPhoto.aspx?Size=L&AccountName=jessica.mccormick@adventhealth.com"",""Department"":""ORL PCU Cardiopulmonary"",""JobTitle"":""Registered Nurse""}",i:0#.f|membership|jsm810@multihosp.net,Lists%252fGT6%2bSURGIFLOW%2bCPPCU%252f202_.000,False,"{""Large"":null,""Medium"":null,""Small"":null}",https://ahsonline.sharepoint.com/sites/group-gt6leadershipteamgroup/_layouts/15/listform.aspx?PageType=4&ListId=b1516083%2Da63d%2D4301%2D8686%2D4bd9d64675d3&ID=202&ContentTypeID=0x01009E3859902E23B24FAFFEB1621FDA4832,6809,6809,Lists/GT6 SURGIFLOW CPPCU/,Lists/GT6 SURGIFLOW CPPCU/202_.000,"{""@odata.type"":""#Microsoft.Azure.Connectors.SharePoint.SPListExpandedContentType"",""Id"":""0x01009E3859902E23B24FAFFEB1621FDA4832"",""Name"":""Item""}",0x01009E3859902E23B24FAFFEB1621FDA4832,False,34.0,RA/8.,, Pacemaker placement ,,,,
"""24""",206,206,6833,Angel Valle ,511803266,2026-08-21,,From fish memorial S/P  LHC shows severe occlusion . CABG eval ongoing. Pending cMRI. Started on Heparin gtt. CT chest w/ nodules and coronary calcification. ,"{""@odata.type"":""#Microsoft.Azure.Connectors.SharePoint.SPListExpandedReference"",""Id"":1,""Value"":""HHC""}",1,"CTS, ID, attn, endo",,,[],#Collection(Microsoft.Azure.Connectors.SharePoint.SPListExpandedReference),[],#Collection(Int64),[],#Collection(Microsoft.Azure.Connectors.SharePoint.SPListExpandedReference),[],#Collection(Int64),,,[],#Collection(Microsoft.Azure.Connectors.SharePoint.SPListExpandedReference),[],#Collection(Int64),,,[],#Collection(Microsoft.Azure.Connectors.SharePoint.SPListExpandedReference),[],#Collection(Int64),,,0,2026-08-02T03:38:36Z,False,False,False,False,False,False,2026-08-13,,,,,[],#Collection(Microsoft.Azure.Connectors.SharePoint.SPListExpandedReference),[],#Collection(Int64),,,,,False,True,False,False,False,False,False,False,False,False,1.00000000000000,"{""@odata.type"":""#Microsoft.Azure.Connectors.SharePoint.SPListExpandedReference"",""Id"":0,""Value"":""Progressing On Schedule""}",0,2026-08-15T05:07:54Z,2026-08-02T03:38:36Z,"{""@odata.type"":""#Microsoft.Azure.Connectors.SharePoint.SPListExpandedUser"",""Claims"":""i:0#.f|membership|bto862@multihosp.net"",""DisplayName"":""Torres, Beatriz"",""Email"":""Beatriz.Torres1@AdventHealth.com"",""Picture"":""https://ahsonline.sharepoint.com/sites/group-gt6leadershipteamgroup/_layouts/15/UserPhoto.aspx?Size=L&AccountName=Beatriz.Torres1@AdventHealth.com"",""Department"":""ORL PCU Cardiopulmonary"",""JobTitle"":""Registered Nurse""}",i:0#.f|membership|bto862@multihosp.net,"{""@odata.type"":""#Microsoft.Azure.Connectors.SharePoint.SPListExpandedUser"",""Claims"":""i:0#.f|membership|rcufd6@multihosp.net"",""DisplayName"":""Cunningham, Ryan"",""Email"":""ryan.cunningham@adventhealth.com"",""Picture"":""https://ahsonline.sharepoint.com/sites/group-gt6leadershipteamgroup/_layouts/15/UserPhoto.aspx?Size=L&AccountName=ryan.cunningham@adventhealth.com"",""Department"":""ORL PCU Cardiopulmonary"",""JobTitle"":""Registered Nurse""}",i:0#.f|membership|rcufd6@multihosp.net,Lists%252fGT6%2bSURGIFLOW%2bCPPCU%252f206_.000,False,"{""Large"":null,""Medium"":null,""Small"":null}",https://ahsonline.sharepoint.com/sites/group-gt6leadershipteamgroup/_layouts/15/listform.aspx?PageType=4&ListId=b1516083%2Da63d%2D4301%2D8686%2D4bd9d64675d3&ID=206&ContentTypeID=0x01009E3859902E23B24FAFFEB1621FDA4832,6833,6833,Lists/GT6 SURGIFLOW CPPCU/,Lists/GT6 SURGIFLOW CPPCU/206_.000,"{""@odata.type"":""#Microsoft.Azure.Connectors.SharePoint.SPListExpandedContentType"",""Id"":""0x01009E3859902E23B24FAFFEB1621FDA4832"",""Name"":""Item""}",0x01009E3859902E23B24FAFFEB1621FDA4832,False,24.0,"HHC and HHI, pending orders. ",Dr. Amawi,,,,,
"""31""",210,210,6829,Hernandez,42617931,2026-08-17,"DMT2, BPH, CKD, GERD, HTN, HLD, BOLT 24. ","CT A/P w/ pancreatic mass. GI and transplant consulted - pending to see. MR Liver NM whole body scan, CT chest w/ contrast ordered. Possible surgical oncology consult? MRI Liver pending. EUS w bx on monday.","{""@odata.type"":""#Microsoft.Azure.Connectors.SharePoint.SPListExpandedReference"",""Id"":1,""Value"":""HHC""}",1,"GI, ",,,[],#Collection(Microsoft.Azure.Connectors.SharePoint.SPListExpandedReference),[],#Collection(Int64),[],#Collection(Microsoft.Azure.Connectors.SharePoint.SPListExpandedReference),[],#Collection(Int64),,,[],#Collection(Microsoft.Azure.Connectors.SharePoint.SPListExpandedReference),[],#Collection(Int64),,,[],#Collection(Microsoft.Azure.Connectors.SharePoint.SPListExpandedReference),[],#Collection(Int64),,,0,2026-08-03T06:17:16Z,False,False,False,False,False,False,2026-08-06,,,,,[],#Collection(Microsoft.Azure.Connectors.SharePoint.SPListExpandedReference),[],#Collection(Int64),,,,,False,True,False,False,False,False,False,False,False,False,9.00000000000000,"{""@odata.type"":""#Microsoft.Azure.Connectors.SharePoint.SPListExpandedReference"",""Id"":0,""Value"":""Progressing On Schedule""}",0,2026-08-16T05:47:03Z,2026-08-03T06:17:16Z,"{""@odata.type"":""#Microsoft.Azure.Connectors.SharePoint.SPListExpandedUser"",""Claims"":""i:0#.f|membership|bto862@multihosp.net"",""DisplayName"":""Torres, Beatriz"",""Email"":""Beatriz.Torres1@AdventHealth.com"",""Picture"":""https://ahsonline.sharepoint.com/sites/group-gt6leadershipteamgroup/_layouts/15/UserPhoto.aspx?Size=L&AccountName=Beatriz.Torres1@AdventHealth.com"",""Department"":""ORL PCU Cardiopulmonary"",""JobTitle"":""Registered Nurse""}",i:0#.f|membership|bto862@multihosp.net,"{""@odata.type"":""#Microsoft.Azure.Connectors.SharePoint.SPListExpandedUser"",""Claims"":""i:0#.f|membership|ssmc7a@multihosp.net"",""DisplayName"":""Smith, Shayla"",""Email"":""Shayla.Smith@AdventHealth.com"",""Picture"":""https://ahsonline.sharepoint.com/sites/group-gt6leadershipteamgroup/_layouts/15/UserPhoto.aspx?Size=L&AccountName=Shayla.Smith@AdventHealth.com"",""Department"":""ORL PCU Cardiopulmonary"",""JobTitle"":""Asst Nurse Mgr""}",i:0#.f|membership|ssmc7a@multihosp.net,Lists%252fGT6%2bSURGIFLOW%2bCPPCU%252f210_.000,False,"{""Large"":null,""Medium"":null,""Small"":null}",https://ahsonline.sharepoint.com/sites/group-gt6leadershipteamgroup/_layouts/15/listform.aspx?PageType=4&ListId=b1516083%2Da63d%2D4301%2D8686%2D4bd9d64675d3&ID=210&ContentTypeID=0x01009E3859902E23B24FAFFEB1621FDA4832,6829,6829,Lists/GT6 SURGIFLOW CPPCU/,Lists/GT6 SURGIFLOW CPPCU/210_.000,"{""@odata.type"":""#Microsoft.Azure.Connectors.SharePoint.SPListExpandedContentType"",""Id"":""0x01009E3859902E23B24FAFFEB1621FDA4832"",""Name"":""Item""}",0x01009E3859902E23B24FAFFEB1621FDA4832,False,31.0,,Dr. Akpeke,Abd pain,,,,
"""37""",212,212,6824,Cintron,510067717,2026-08-17,,S/p afib ablation and LAA w/ Watchman device. Kept due to bradycardia and missed beats - holding flecainide. ,"{""@odata.type"":""#Microsoft.Azure.Connectors.SharePoint.SPListExpandedReference"",""Id"":1,""Value"":""HHC""}",1,,,,[],#Collection(Microsoft.Azure.Connectors.SharePoint.SPListExpandedReference),[],#Collection(Int64),[],#Collection(Microsoft.Azure.Connectors.SharePoint.SPListExpandedReference),[],#Collection(Int64),,,[],#Collection(Microsoft.Azure.Connectors.SharePoint.SPListExpandedReference),[],#Collection(Int64),,,[],#Collection(Microsoft.Azure.Connectors.SharePoint.SPListExpandedReference),[],#Collection(Int64),,,0,,False,False,False,False,False,False,2026-08-13,,,,,[],#Collection(Microsoft.Azure.Connectors.SharePoint.SPListExpandedReference),[],#Collection(Int64),,,,,False,True,False,False,False,False,False,False,False,False,3.00000000000000,"{""@odata.type"":""#Microsoft.Azure.Connectors.SharePoint.SPListExpandedReference"",""Id"":0,""Value"":""Progressing On Schedule""}",0,2026-08-16T09:01:11Z,2026-08-03T06:31:35Z,"{""@odata.type"":""#Microsoft.Azure.Connectors.SharePoint.SPListExpandedUser"",""Claims"":""i:0#.f|membership|bto862@multihosp.net"",""DisplayName"":""Torres, Beatriz"",""Email"":""Beatriz.Torres1@AdventHealth.com"",""Picture"":""https://ahsonline.sharepoint.com/sites/group-gt6leadershipteamgroup/_layouts/15/UserPhoto.aspx?Size=L&AccountName=Beatriz.Torres1@AdventHealth.com"",""Department"":""ORL PCU Cardiopulmonary"",""JobTitle"":""Registered Nurse""}",i:0#.f|membership|bto862@multihosp.net,"{""@odata.type"":""#Microsoft.Azure.Connectors.SharePoint.SPListExpandedUser"",""Claims"":""i:0#.f|membership|ssmc7a@multihosp.net"",""DisplayName"":""Smith, Shayla"",""Email"":""Shayla.Smith@AdventHealth.com"",""Picture"":""https://ahsonline.sharepoint.com/sites/group-gt6leadershipteamgroup/_layouts/15/UserPhoto.aspx?Size=L&AccountName=Shayla.Smith@AdventHealth.com"",""Department"":""ORL PCU Cardiopulmonary"",""JobTitle"":""Asst Nurse Mgr""}",i:0#.f|membership|ssmc7a@multihosp.net,Lists%252fGT6%2bSURGIFLOW%2bCPPCU%252f212_.000,False,"{""Large"":null,""Medium"":null,""Small"":null}",https://ahsonline.sharepoint.com/sites/group-gt6leadershipteamgroup/_layouts/15/listform.aspx?PageType=4&ListId=b1516083%2Da63d%2D4301%2D8686%2D4bd9d64675d3&ID=212&ContentTypeID=0x01009E3859902E23B24FAFFEB1621FDA4832,6824,6824,Lists/GT6 SURGIFLOW CPPCU/,Lists/GT6 SURGIFLOW CPPCU/212_.000,"{""@odata.type"":""#Microsoft.Azure.Connectors.SharePoint.SPListExpandedContentType"",""Id"":""0x01009E3859902E23B24FAFFEB1621FDA4832"",""Name"":""Item""}",0x01009E3859902E23B24FAFFEB1621FDA4832,False,37.0,,Mouwad,LAA,,,,
"""30""",216,216,6839,Ryan,502414781,2026-08-16,BOLT ,S/p bronch - possible ACR - 3 days of IV steroids x3.  IVIG-done. ,"{""@odata.type"":""#Microsoft.Azure.Connectors.SharePoint.SPListExpandedReference"",""Id"":0,""Value"":""Home No Needs""}",0,"Transplant, Attn",,,[],#Collection(Microsoft.Azure.Connectors.SharePoint.SPListExpandedReference),[],#Collection(Int64),[],#Collection(Microsoft.Azure.Connectors.SharePoint.SPListExpandedReference),[],#Collection(Int64),,,[],#Collection(Microsoft.Azure.Connectors.SharePoint.SPListExpandedReference),[],#Collection(Int64),,,[],#Collection(Microsoft.Azure.Connectors.SharePoint.SPListExpandedReference),[],#Collection(Int64),,,0,2026-08-03T07:42:26Z,False,False,False,False,False,False,2026-08-14,,,,,[],#Collection(Microsoft.Azure.Connectors.SharePoint.SPListExpandedReference),[],#Collection(Int64),,,,,False,True,False,False,False,False,False,False,False,False,1.00000000000000,"{""@odata.type"":""#Microsoft.Azure.Connectors.SharePoint.SPListExpandedReference"",""Id"":0,""Value"":""Progressing On Schedule""}",0,2026-08-16T04:58:07Z,2026-08-03T07:42:26Z,"{""@odata.type"":""#Microsoft.Azure.Connectors.SharePoint.SPListExpandedUser"",""Claims"":""i:0#.f|membership|bto862@multihosp.net"",""DisplayName"":""Torres, Beatriz"",""Email"":""Beatriz.Torres1@AdventHealth.com"",""Picture"":""https://ahsonline.sharepoint.com/sites/group-gt6leadershipteamgroup/_layouts/15/UserPhoto.aspx?Size=L&AccountName=Beatriz.Torres1@AdventHealth.com"",""Department"":""ORL PCU Cardiopulmonary"",""JobTitle"":""Registered Nurse""}",i:0#.f|membership|bto862@multihosp.net,"{""@odata.type"":""#Microsoft.Azure.Connectors.SharePoint.SPListExpandedUser"",""Claims"":""i:0#.f|membership|ssmc7a@multihosp.net"",""DisplayName"":""Smith, Shayla"",""Email"":""Shayla.Smith@AdventHealth.com"",""Picture"":""https://ahsonline.sharepoint.com/sites/group-gt6leadershipteamgroup/_layouts/15/UserPhoto.aspx?Size=L&AccountName=Shayla.Smith@AdventHealth.com"",""Department"":""ORL PCU Cardiopulmonary"",""JobTitle"":""Asst Nurse Mgr""}",i:0#.f|membership|ssmc7a@multihosp.net,Lists%252fGT6%2bSURGIFLOW%2bCPPCU%252f216_.000,False,"{""Large"":null,""Medium"":null,""Small"":null}",https://ahsonline.sharepoint.com/sites/group-gt6leadershipteamgroup/_layouts/15/listform.aspx?PageType=4&ListId=b1516083%2Da63d%2D4301%2D8686%2D4bd9d64675d3&ID=216&ContentTypeID=0x01009E3859902E23B24FAFFEB1621FDA4832,6839,6839,Lists/GT6 SURGIFLOW CPPCU/,Lists/GT6 SURGIFLOW CPPCU/216_.000,"{""@odata.type"":""#Microsoft.Azure.Connectors.SharePoint.SPListExpandedContentType"",""Id"":""0x01009E3859902E23B24FAFFEB1621FDA4832"",""Name"":""Item""}",0x01009E3859902E23B24FAFFEB1621FDA4832,False,30.0,,Kwak,ACR,,,,
"""27""",220,220,6812,Simmons,13883800,2026-08-18,,pending HC 8/17 1425,"{""@odata.type"":""#Microsoft.Azure.Connectors.SharePoint.SPListExpandedReference"",""Id"":0,""Value"":""Home No Needs""}",0,"cardio, attn",,,[],#Collection(Microsoft.Azure.Connectors.SharePoint.SPListExpandedReference),[],#Collection(Int64),[],#Collection(Microsoft.Azure.Connectors.SharePoint.SPListExpandedReference),[],#Collection(Int64),,,[],#Collection(Microsoft.Azure.Connectors.SharePoint.SPListExpandedReference),[],#Collection(Int64),,,[],#Collection(Microsoft.Azure.Connectors.SharePoint.SPListExpandedReference),[],#Collection(Int64),,,0,,False,False,False,False,False,False,,,,,,[],#Collection(Microsoft.Azure.Connectors.SharePoint.SPListExpandedReference),[],#Collection(Int64),,,,,False,True,False,False,False,False,False,False,False,False,46250.0000000000,"{""@odata.type"":""#Microsoft.Azure.Connectors.SharePoint.SPListExpandedReference"",""Id"":0,""Value"":""Progressing On Schedule""}",0,2026-08-16T21:02:06Z,2026-08-09T04:44:06Z,"{""@odata.type"":""#Microsoft.Azure.Connectors.SharePoint.SPListExpandedUser"",""Claims"":""i:0#.f|membership|bto862@multihosp.net"",""DisplayName"":""Torres, Beatriz"",""Email"":""Beatriz.Torres1@AdventHealth.com"",""Picture"":""https://ahsonline.sharepoint.com/sites/group-gt6leadershipteamgroup/_layouts/15/UserPhoto.aspx?Size=L&AccountName=Beatriz.Torres1@AdventHealth.com"",""Department"":""ORL PCU Cardiopulmonary"",""JobTitle"":""Registered Nurse""}",i:0#.f|membership|bto862@multihosp.net,"{""@odata.type"":""#Microsoft.Azure.Connectors.SharePoint.SPListExpandedUser"",""Claims"":""i:0#.f|membership|jsm810@multihosp.net"",""DisplayName"":""McCormick, Jessica"",""Email"":""jessica.mccormick@adventhealth.com"",""Picture"":""https://ahsonline.sharepoint.com/sites/group-gt6leadershipteamgroup/_layouts/15/UserPhoto.aspx?Size=L&AccountName=jessica.mccormick@adventhealth.com"",""Department"":""ORL PCU Cardiopulmonary"",""JobTitle"":""Registered Nurse""}",i:0#.f|membership|jsm810@multihosp.net,Lists%252fGT6%2bSURGIFLOW%2bCPPCU%252f220_.000,False,"{""Large"":null,""Medium"":null,""Small"":null}",https://ahsonline.sharepoint.com/sites/group-gt6leadershipteamgroup/_layouts/15/listform.aspx?PageType=4&ListId=b1516083%2Da63d%2D4301%2D8686%2D4bd9d64675d3&ID=220&ContentTypeID=0x01009E3859902E23B24FAFFEB1621FDA4832,6812,6812,Lists/GT6 SURGIFLOW CPPCU/,Lists/GT6 SURGIFLOW CPPCU/220_.000,"{""@odata.type"":""#Microsoft.Azure.Connectors.SharePoint.SPListExpandedContentType"",""Id"":""0x01009E3859902E23B24FAFFEB1621FDA4832"",""Name"":""Item""}",0x01009E3859902E23B24FAFFEB1621FDA4832,False,27.0,,,,,,,
"""20""",221,221,6817,Khalil,508285312,2026-08-17,Needs CPAP delivered to the house. ,*Urdu Speaking*  PO lasix. Bleeding from nose/mouth. Xarelto resumed.  EP consulted for watchman eval - wanting OP. Nephro- Iron Iv 1x till 8/16. Pelvic US completed - pending read. Pulm + PH s/o. EP s/o. Jardiance needs added. CPAP will not be delivered until Monday - DC held ,"{""@odata.type"":""#Microsoft.Azure.Connectors.SharePoint.SPListExpandedReference"",""Id"":0,""Value"":""Home No Needs""}",0,attn. ,,,[],#Collection(Microsoft.Azure.Connectors.SharePoint.SPListExpandedReference),[],#Collection(Int64),[],#Collection(Microsoft.Azure.Connectors.SharePoint.SPListExpandedReference),[],#Collection(Int64),,,[],#Collection(Microsoft.Azure.Connectors.SharePoint.SPListExpandedReference),[],#Collection(Int64),,,[],#Collection(Microsoft.Azure.Connectors.SharePoint.SPListExpandedReference),[],#Collection(Int64),,,0,2026-08-09T04:47:53Z,False,False,False,False,False,False,,,,,,[],#Collection(Microsoft.Azure.Connectors.SharePoint.SPListExpandedReference),[],#Collection(Int64),,,,,False,True,False,False,False,False,False,False,False,False,46249.0000000000,"{""@odata.type"":""#Microsoft.Azure.Connectors.SharePoint.SPListExpandedReference"",""Id"":0,""Value"":""Progressing On Schedule""}",0,2026-08-16T04:43:12Z,2026-08-09T04:47:53Z,"{""@odata.type"":""#Microsoft.Azure.Connectors.SharePoint.SPListExpandedUser"",""Claims"":""i:0#.f|membership|bto862@multihosp.net"",""DisplayName"":""Torres, Beatriz"",""Email"":""Beatriz.Torres1@AdventHealth.com"",""Picture"":""https://ahsonline.sharepoint.com/sites/group-gt6leadershipteamgroup/_layouts/15/UserPhoto.aspx?Size=L&AccountName=Beatriz.Torres1@AdventHealth.com"",""Department"":""ORL PCU Cardiopulmonary"",""JobTitle"":""Registered Nurse""}",i:0#.f|membership|bto862@multihosp.net,"{""@odata.type"":""#Microsoft.Azure.Connectors.SharePoint.SPListExpandedUser"",""Claims"":""i:0#.f|membership|ssmc7a@multihosp.net"",""DisplayName"":""Smith, Shayla"",""Email"":""Shayla.Smith@AdventHealth.com"",""Picture"":""https://ahsonline.sharepoint.com/sites/group-gt6leadershipteamgroup/_layouts/15/UserPhoto.aspx?Size=L&AccountName=Shayla.Smith@AdventHealth.com"",""Department"":""ORL PCU Cardiopulmonary"",""JobTitle"":""Asst Nurse Mgr""}",i:0#.f|membership|ssmc7a@multihosp.net,Lists%252fGT6%2bSURGIFLOW%2bCPPCU%252f221_.000,False,"{""Large"":null,""Medium"":null,""Small"":null}",https://ahsonline.sharepoint.com/sites/group-gt6leadershipteamgroup/_layouts/15/listform.aspx?PageType=4&ListId=b1516083%2Da63d%2D4301%2D8686%2D4bd9d64675d3&ID=221&ContentTypeID=0x01009E3859902E23B24FAFFEB1621FDA4832,6817,6817,Lists/GT6 SURGIFLOW CPPCU/,Lists/GT6 SURGIFLOW CPPCU/221_.000,"{""@odata.type"":""#Microsoft.Azure.Connectors.SharePoint.SPListExpandedContentType"",""Id"":""0x01009E3859902E23B24FAFFEB1621FDA4832"",""Name"":""Item""}",0x01009E3859902E23B24FAFFEB1621FDA4832,False,20.0,DCP HHC w/ DME FWW,,,,,,
"""19""",223,223,6808,Garcia,7467672,2026-08-18,,Back pain. Arrhythmia/Fever. Sepsis workup. Blood cultures- done. IV abx completed. PO diuretic.  S/p cMRI - no indication for LV. EP consult for poss ICD - stated they will see patient Monday,"{""@odata.type"":""#Microsoft.Azure.Connectors.SharePoint.SPListExpandedReference"",""Id"":0,""Value"":""Home No Needs""}",0,"EP. Cardio, attn. ",,,[],#Collection(Microsoft.Azure.Connectors.SharePoint.SPListExpandedReference),[],#Collection(Int64),[],#Collection(Microsoft.Azure.Connectors.SharePoint.SPListExpandedReference),[],#Collection(Int64),,,[],#Collection(Microsoft.Azure.Connectors.SharePoint.SPListExpandedReference),[],#Collection(Int64),,,[],#Collection(Microsoft.Azure.Connectors.SharePoint.SPListExpandedReference),[],#Collection(Int64),,,0,2026-08-09T05:35:54Z,False,False,False,False,False,False,,,,,,[],#Collection(Microsoft.Azure.Connectors.SharePoint.SPListExpandedReference),[],#Collection(Int64),,,,,False,True,False,False,False,False,False,False,False,False,46250.0000000000,"{""@odata.type"":""#Microsoft.Azure.Connectors.SharePoint.SPListExpandedReference"",""Id"":0,""Value"":""Progressing On Schedule""}",0,2026-08-16T20:56:13Z,2026-08-09T05:35:54Z,"{""@odata.type"":""#Microsoft.Azure.Connectors.SharePoint.SPListExpandedUser"",""Claims"":""i:0#.f|membership|bto862@multihosp.net"",""DisplayName"":""Torres, Beatriz"",""Email"":""Beatriz.Torres1@AdventHealth.com"",""Picture"":""https://ahsonline.sharepoint.com/sites/group-gt6leadershipteamgroup/_layouts/15/UserPhoto.aspx?Size=L&AccountName=Beatriz.Torres1@AdventHealth.com"",""Department"":""ORL PCU Cardiopulmonary"",""JobTitle"":""Registered Nurse""}",i:0#.f|membership|bto862@multihosp.net,"{""@odata.type"":""#Microsoft.Azure.Connectors.SharePoint.SPListExpandedUser"",""Claims"":""i:0#.f|membership|jsm810@multihosp.net"",""DisplayName"":""McCormick, Jessica"",""Email"":""jessica.mccormick@adventhealth.com"",""Picture"":""https://ahsonline.sharepoint.com/sites/group-gt6leadershipteamgroup/_layouts/15/UserPhoto.aspx?Size=L&AccountName=jessica.mccormick@adventhealth.com"",""Department"":""ORL PCU Cardiopulmonary"",""JobTitle"":""Registered Nurse""}",i:0#.f|membership|jsm810@multihosp.net,Lists%252fGT6%2bSURGIFLOW%2bCPPCU%252f223_.000,False,"{""Large"":null,""Medium"":null,""Small"":null}",https://ahsonline.sharepoint.com/sites/group-gt6leadershipteamgroup/_layouts/15/listform.aspx?PageType=4&ListId=b1516083%2Da63d%2D4301%2D8686%2D4bd9d64675d3&ID=223&ContentTypeID=0x01009E3859902E23B24FAFFEB1621FDA4832,6808,6808,Lists/GT6 SURGIFLOW CPPCU/,Lists/GT6 SURGIFLOW CPPCU/223_.000,"{""@odata.type"":""#Microsoft.Azure.Connectors.SharePoint.SPListExpandedContentType"",""Id"":""0x01009E3859902E23B24FAFFEB1621FDA4832"",""Name"":""Item""}",0x01009E3859902E23B24FAFFEB1621FDA4832,False,19.0,RA; Home LV and poss HHC needs. ,,,,,,
"""20""",226,226,6827,Gonzalez,13715006,2026-08-18,,S/p LHC - unsuccessful attempt to PCI to LAD. Retry on 8/17. Heparin gtt. ,"{""@odata.type"":""#Microsoft.Azure.Connectors.SharePoint.SPListExpandedReference"",""Id"":0,""Value"":""Home No Needs""}",0,,,,[],#Collection(Microsoft.Azure.Connectors.SharePoint.SPListExpandedReference),[],#Collection(Int64),[],#Collection(Microsoft.Azure.Connectors.SharePoint.SPListExpandedReference),[],#Collection(Int64),,,[],#Collection(Microsoft.Azure.Connectors.SharePoint.SPListExpandedReference),[],#Collection(Int64),,,[],#Collection(Microsoft.Azure.Connectors.SharePoint.SPListExpandedReference),[],#Collection(Int64),,,0,2026-08-09T06:52:33Z,False,False,False,False,False,False,2026-08-14,,,,,[],#Collection(Microsoft.Azure.Connectors.SharePoint.SPListExpandedReference),[],#Collection(Int64),,,,,False,True,False,False,False,False,False,False,False,False,1.00000000000000,"{""@odata.type"":""#Microsoft.Azure.Connectors.SharePoint.SPListExpandedReference"",""Id"":0,""Value"":""Progressing On Schedule""}",0,2026-08-15T19:34:06Z,2026-08-09T06:52:33Z,"{""@odata.type"":""#Microsoft.Azure.Connectors.SharePoint.SPListExpandedUser"",""Claims"":""i:0#.f|membership|bto862@multihosp.net"",""DisplayName"":""Torres, Beatriz"",""Email"":""Beatriz.Torres1@AdventHealth.com"",""Picture"":""https://ahsonline.sharepoint.com/sites/group-gt6leadershipteamgroup/_layouts/15/UserPhoto.aspx?Size=L&AccountName=Beatriz.Torres1@AdventHealth.com"",""Department"":""ORL PCU Cardiopulmonary"",""JobTitle"":""Registered Nurse""}",i:0#.f|membership|bto862@multihosp.net,"{""@odata.type"":""#Microsoft.Azure.Connectors.SharePoint.SPListExpandedUser"",""Claims"":""i:0#.f|membership|jsm810@multihosp.net"",""DisplayName"":""McCormick, Jessica"",""Email"":""jessica.mccormick@adventhealth.com"",""Picture"":""https://ahsonline.sharepoint.com/sites/group-gt6leadershipteamgroup/_layouts/15/UserPhoto.aspx?Size=L&AccountName=jessica.mccormick@adventhealth.com"",""Department"":""ORL PCU Cardiopulmonary"",""JobTitle"":""Registered Nurse""}",i:0#.f|membership|jsm810@multihosp.net,Lists%252fGT6%2bSURGIFLOW%2bCPPCU%252f226_.000,False,"{""Large"":null,""Medium"":null,""Small"":null}",https://ahsonline.sharepoint.com/sites/group-gt6leadershipteamgroup/_layouts/15/listform.aspx?PageType=4&ListId=b1516083%2Da63d%2D4301%2D8686%2D4bd9d64675d3&ID=226&ContentTypeID=0x01009E3859902E23B24FAFFEB1621FDA4832,6827,6827,Lists/GT6 SURGIFLOW CPPCU/,Lists/GT6 SURGIFLOW CPPCU/226_.000,"{""@odata.type"":""#Microsoft.Azure.Connectors.SharePoint.SPListExpandedContentType"",""Id"":""0x01009E3859902E23B24FAFFEB1621FDA4832"",""Name"":""Item""}",0x01009E3859902E23B24FAFFEB1621FDA4832,False,20.0,"
",Dr. Raju,SoB,,,,
"""14""",227,227,6804,Malik ,31616149,2026-08-20,,Urdu speaking* BOLT 2026. SOB. IV abx completed. Bil Pleural effusion; Decortication 8/17 pending Plavix washout. RA. Needs IV abx finalized POC pending Karius. psych consulted.,"{""@odata.type"":""#Microsoft.Azure.Connectors.SharePoint.SPListExpandedReference"",""Id"":1,""Value"":""HHC""}",1,"lung tx, ID, CTS, Psych. ",,,[],#Collection(Microsoft.Azure.Connectors.SharePoint.SPListExpandedReference),[],#Collection(Int64),[],#Collection(Microsoft.Azure.Connectors.SharePoint.SPListExpandedReference),[],#Collection(Int64),,,[],#Collection(Microsoft.Azure.Connectors.SharePoint.SPListExpandedReference),[],#Collection(Int64),,,[],#Collection(Microsoft.Azure.Connectors.SharePoint.SPListExpandedReference),[],#Collection(Int64),,,0,2026-08-10T02:37:40Z,False,False,False,False,False,False,2026-08-09,"{""@odata.type"":""#Microsoft.Azure.Connectors.SharePoint.SPListExpandedReference"",""Id"":1,""Value"":""Transplant""}",1,,,[],#Collection(Microsoft.Azure.Connectors.SharePoint.SPListExpandedReference),[],#Collection(Int64),,,,,False,True,False,False,False,False,False,False,False,False,7.00000000000000,"{""@odata.type"":""#Microsoft.Azure.Connectors.SharePoint.SPListExpandedReference"",""Id"":0,""Value"":""Progressing On Schedule""}",0,2026-08-16T20:52:36Z,2026-08-10T02:37:40Z,"{""@odata.type"":""#Microsoft.Azure.Connectors.SharePoint.SPListExpandedUser"",""Claims"":""i:0#.f|membership|bto862@multihosp.net"",""DisplayName"":""Torres, Beatriz"",""Email"":""Beatriz.Torres1@AdventHealth.com"",""Picture"":""https://ahsonline.sharepoint.com/sites/group-gt6leadershipteamgroup/_layouts/15/UserPhoto.aspx?Size=L&AccountName=Beatriz.Torres1@AdventHealth.com"",""Department"":""ORL PCU Cardiopulmonary"",""JobTitle"":""Registered Nurse""}",i:0#.f|membership|bto862@multihosp.net,"{""@odata.type"":""#Microsoft.Azure.Connectors.SharePoint.SPListExpandedUser"",""Claims"":""i:0#.f|membership|jsm810@multihosp.net"",""DisplayName"":""McCormick, Jessica"",""Email"":""jessica.mccormick@adventhealth.com"",""Picture"":""https://ahsonline.sharepoint.com/sites/group-gt6leadershipteamgroup/_layouts/15/UserPhoto.aspx?Size=L&AccountName=jessica.mccormick@adventhealth.com"",""Department"":""ORL PCU Cardiopulmonary"",""JobTitle"":""Registered Nurse""}",i:0#.f|membership|jsm810@multihosp.net,Lists%252fGT6%2bSURGIFLOW%2bCPPCU%252f227_.000,False,"{""Large"":null,""Medium"":null,""Small"":null}",https://ahsonline.sharepoint.com/sites/group-gt6leadershipteamgroup/_layouts/15/listform.aspx?PageType=4&ListId=b1516083%2Da63d%2D4301%2D8686%2D4bd9d64675d3&ID=227&ContentTypeID=0x01009E3859902E23B24FAFFEB1621FDA4832,6804,6804,Lists/GT6 SURGIFLOW CPPCU/,Lists/GT6 SURGIFLOW CPPCU/227_.000,"{""@odata.type"":""#Microsoft.Azure.Connectors.SharePoint.SPListExpandedContentType"",""Id"":""0x01009E3859902E23B24FAFFEB1621FDA4832"",""Name"":""Item""}",0x01009E3859902E23B24FAFFEB1621FDA4832,False,14.0,,Akram ,,,,,
"""22""",229,229,6813,,,2026-08-16,,,,,cardio. attn,,,[],#Collection(Microsoft.Azure.Connectors.SharePoint.SPListExpandedReference),[],#Collection(Int64),[],#Collection(Microsoft.Azure.Connectors.SharePoint.SPListExpandedReference),[],#Collection(Int64),,,[],#Collection(Microsoft.Azure.Connectors.SharePoint.SPListExpandedReference),[],#Collection(Int64),,,[],#Collection(Microsoft.Azure.Connectors.SharePoint.SPListExpandedReference),[],#Collection(Int64),,,0,2026-08-11T04:58:01Z,False,False,False,False,False,False,,,,,,[],#Collection(Microsoft.Azure.Connectors.SharePoint.SPListExpandedReference),[],#Collection(Int64),,,,,False,True,False,False,False,False,False,False,False,False,46250.0000000000,"{""@odata.type"":""#Microsoft.Azure.Connectors.SharePoint.SPListExpandedReference"",""Id"":0,""Value"":""Progressing On Schedule""}",0,2026-08-16T21:02:14Z,2026-08-11T04:58:01Z,"{""@odata.type"":""#Microsoft.Azure.Connectors.SharePoint.SPListExpandedUser"",""Claims"":""i:0#.f|membership|bto862@multihosp.net"",""DisplayName"":""Torres, Beatriz"",""Email"":""Beatriz.Torres1@AdventHealth.com"",""Picture"":""https://ahsonline.sharepoint.com/sites/group-gt6leadershipteamgroup/_layouts/15/UserPhoto.aspx?Size=L&AccountName=Beatriz.Torres1@AdventHealth.com"",""Department"":""ORL PCU Cardiopulmonary"",""JobTitle"":""Registered Nurse""}",i:0#.f|membership|bto862@multihosp.net,"{""@odata.type"":""#Microsoft.Azure.Connectors.SharePoint.SPListExpandedUser"",""Claims"":""i:0#.f|membership|jsm810@multihosp.net"",""DisplayName"":""McCormick, Jessica"",""Email"":""jessica.mccormick@adventhealth.com"",""Picture"":""https://ahsonline.sharepoint.com/sites/group-gt6leadershipteamgroup/_layouts/15/UserPhoto.aspx?Size=L&AccountName=jessica.mccormick@adventhealth.com"",""Department"":""ORL PCU Cardiopulmonary"",""JobTitle"":""Registered Nurse""}",i:0#.f|membership|jsm810@multihosp.net,Lists%252fGT6%2bSURGIFLOW%2bCPPCU%252f229_.000,False,"{""Large"":null,""Medium"":null,""Small"":null}",https://ahsonline.sharepoint.com/sites/group-gt6leadershipteamgroup/_layouts/15/listform.aspx?PageType=4&ListId=b1516083%2Da63d%2D4301%2D8686%2D4bd9d64675d3&ID=229&ContentTypeID=0x01009E3859902E23B24FAFFEB1621FDA4832,6813,6813,Lists/GT6 SURGIFLOW CPPCU/,Lists/GT6 SURGIFLOW CPPCU/229_.000,"{""@odata.type"":""#Microsoft.Azure.Connectors.SharePoint.SPListExpandedContentType"",""Id"":""0x01009E3859902E23B24FAFFEB1621FDA4832"",""Name"":""Item""}",0x01009E3859902E23B24FAFFEB1621FDA4832,False,22.0,RA/ self ,,,,,,
"""18""",230,230,6825,Knowles Jr. ,14224920,2026-08-17,," LHC w/ PCI. Amio gtt d/c. Echo resulted as 'abnormal' per cardio - will see patient tomorrow. EF 20-25%, ","{""@odata.type"":""#Microsoft.Azure.Connectors.SharePoint.SPListExpandedReference"",""Id"":0,""Value"":""Home No Needs""}",0,"cardio, attn ",,,[],#Collection(Microsoft.Azure.Connectors.SharePoint.SPListExpandedReference),[],#Collection(Int64),[],#Collection(Microsoft.Azure.Connectors.SharePoint.SPListExpandedReference),[],#Collection(Int64),,,[],#Collection(Microsoft.Azure.Connectors.SharePoint.SPListExpandedReference),[],#Collection(Int64),,,[],#Collection(Microsoft.Azure.Connectors.SharePoint.SPListExpandedReference),[],#Collection(Int64),,,0,2026-08-11T05:06:10Z,False,False,False,False,False,False,2026-08-13,,,,,[],#Collection(Microsoft.Azure.Connectors.SharePoint.SPListExpandedReference),[],#Collection(Int64),,,,,False,True,False,False,False,False,False,False,False,False,2.00000000000000,"{""@odata.type"":""#Microsoft.Azure.Connectors.SharePoint.SPListExpandedReference"",""Id"":0,""Value"":""Progressing On Schedule""}",0,2026-08-16T04:45:48Z,2026-08-11T05:06:10Z,"{""@odata.type"":""#Microsoft.Azure.Connectors.SharePoint.SPListExpandedUser"",""Claims"":""i:0#.f|membership|bto862@multihosp.net"",""DisplayName"":""Torres, Beatriz"",""Email"":""Beatriz.Torres1@AdventHealth.com"",""Picture"":""https://ahsonline.sharepoint.com/sites/group-gt6leadershipteamgroup/_layouts/15/UserPhoto.aspx?Size=L&AccountName=Beatriz.Torres1@AdventHealth.com"",""Department"":""ORL PCU Cardiopulmonary"",""JobTitle"":""Registered Nurse""}",i:0#.f|membership|bto862@multihosp.net,"{""@odata.type"":""#Microsoft.Azure.Connectors.SharePoint.SPListExpandedUser"",""Claims"":""i:0#.f|membership|ssmc7a@multihosp.net"",""DisplayName"":""Smith, Shayla"",""Email"":""Shayla.Smith@AdventHealth.com"",""Picture"":""https://ahsonline.sharepoint.com/sites/group-gt6leadershipteamgroup/_layouts/15/UserPhoto.aspx?Size=L&AccountName=Shayla.Smith@AdventHealth.com"",""Department"":""ORL PCU Cardiopulmonary"",""JobTitle"":""Asst Nurse Mgr""}",i:0#.f|membership|ssmc7a@multihosp.net,Lists%252fGT6%2bSURGIFLOW%2bCPPCU%252f230_.000,False,"{""Large"":null,""Medium"":null,""Small"":null}",https://ahsonline.sharepoint.com/sites/group-gt6leadershipteamgroup/_layouts/15/listform.aspx?PageType=4&ListId=b1516083%2Da63d%2D4301%2D8686%2D4bd9d64675d3&ID=230&ContentTypeID=0x01009E3859902E23B24FAFFEB1621FDA4832,6825,6825,Lists/GT6 SURGIFLOW CPPCU/,Lists/GT6 SURGIFLOW CPPCU/230_.000,"{""@odata.type"":""#Microsoft.Azure.Connectors.SharePoint.SPListExpandedContentType"",""Id"":""0x01009E3859902E23B24FAFFEB1621FDA4832"",""Name"":""Item""}",0x01009E3859902E23B24FAFFEB1621FDA4832,False,18.0,,Desai,STEMI,,,,
"""24""",231,231,6805,Rivera-Gomez,506050188,2026-08-19,,"HD MWF, Abx, PO steroids. TAVR evl, s/p HC. 3L NC (BL), ","{""@odata.type"":""#Microsoft.Azure.Connectors.SharePoint.SPListExpandedReference"",""Id"":0,""Value"":""Home No Needs""}",0,"pulm, nephro, cardio ",,,[],#Collection(Microsoft.Azure.Connectors.SharePoint.SPListExpandedReference),[],#Collection(Int64),[],#Collection(Microsoft.Azure.Connectors.SharePoint.SPListExpandedReference),[],#Collection(Int64),,,[],#Collection(Microsoft.Azure.Connectors.SharePoint.SPListExpandedReference),[],#Collection(Int64),,,[],#Collection(Microsoft.Azure.Connectors.SharePoint.SPListExpandedReference),[],#Collection(Int64),,,0,,False,False,False,False,False,False,,,,,,[],#Collection(Microsoft.Azure.Connectors.SharePoint.SPListExpandedReference),[],#Collection(Int64),,,,,False,False,False,False,False,False,False,False,False,False,46250.0000000000,"{""@odata.type"":""#Microsoft.Azure.Connectors.SharePoint.SPListExpandedReference"",""Id"":0,""Value"":""Progressing On Schedule""}",0,2026-08-16T20:54:25Z,2026-08-11T05:08:23Z,"{""@odata.type"":""#Microsoft.Azure.Connectors.SharePoint.SPListExpandedUser"",""Claims"":""i:0#.f|membership|bto862@multihosp.net"",""DisplayName"":""Torres, Beatriz"",""Email"":""Beatriz.Torres1@AdventHealth.com"",""Picture"":""https://ahsonline.sharepoint.com/sites/group-gt6leadershipteamgroup/_layouts/15/UserPhoto.aspx?Size=L&AccountName=Beatriz.Torres1@AdventHealth.com"",""Department"":""ORL PCU Cardiopulmonary"",""JobTitle"":""Registered Nurse""}",i:0#.f|membership|bto862@multihosp.net,"{""@odata.type"":""#Microsoft.Azure.Connectors.SharePoint.SPListExpandedUser"",""Claims"":""i:0#.f|membership|jsm810@multihosp.net"",""DisplayName"":""McCormick, Jessica"",""Email"":""jessica.mccormick@adventhealth.com"",""Picture"":""https://ahsonline.sharepoint.com/sites/group-gt6leadershipteamgroup/_layouts/15/UserPhoto.aspx?Size=L&AccountName=jessica.mccormick@adventhealth.com"",""Department"":""ORL PCU Cardiopulmonary"",""JobTitle"":""Registered Nurse""}",i:0#.f|membership|jsm810@multihosp.net,Lists%252fGT6%2bSURGIFLOW%2bCPPCU%252f231_.000,False,"{""Large"":null,""Medium"":null,""Small"":null}",https://ahsonline.sharepoint.com/sites/group-gt6leadershipteamgroup/_layouts/15/listform.aspx?PageType=4&ListId=b1516083%2Da63d%2D4301%2D8686%2D4bd9d64675d3&ID=231&ContentTypeID=0x01009E3859902E23B24FAFFEB1621FDA4832,6805,6805,Lists/GT6 SURGIFLOW CPPCU/,Lists/GT6 SURGIFLOW CPPCU/231_.000,"{""@odata.type"":""#Microsoft.Azure.Connectors.SharePoint.SPListExpandedContentType"",""Id"":""0x01009E3859902E23B24FAFFEB1621FDA4832"",""Name"":""Item""}",0x01009E3859902E23B24FAFFEB1621FDA4832,False,24.0,,,,,,,
"""21""",233,233,6821,Lanier,11921188,,,"s/p PTE 8/10. IV abx 8/22, IV Bumex TID, 3 CT Ysite to one atrium. ",,,"CTS, ID, cardio. ",,,[],#Collection(Microsoft.Azure.Connectors.SharePoint.SPListExpandedReference),[],#Collection(Int64),[],#Collection(Microsoft.Azure.Connectors.SharePoint.SPListExpandedReference),[],#Collection(Int64),,,[],#Collection(Microsoft.Azure.Connectors.SharePoint.SPListExpandedReference),[],#Collection(Int64),,,[],#Collection(Microsoft.Azure.Connectors.SharePoint.SPListExpandedReference),[],#Collection(Int64),,,0,2026-08-11T05:26:16Z,False,False,False,False,False,False,,,,,,[],#Collection(Microsoft.Azure.Connectors.SharePoint.SPListExpandedReference),[],#Collection(Int64),,,,,False,True,False,False,False,False,False,False,False,False,46249.0000000000,"{""@odata.type"":""#Microsoft.Azure.Connectors.SharePoint.SPListExpandedReference"",""Id"":0,""Value"":""Progressing On Schedule""}",0,2026-08-16T05:42:11Z,2026-08-11T05:26:16Z,"{""@odata.type"":""#Microsoft.Azure.Connectors.SharePoint.SPListExpandedUser"",""Claims"":""i:0#.f|membership|bto862@multihosp.net"",""DisplayName"":""Torres, Beatriz"",""Email"":""Beatriz.Torres1@AdventHealth.com"",""Picture"":""https://ahsonline.sharepoint.com/sites/group-gt6leadershipteamgroup/_layouts/15/UserPhoto.aspx?Size=L&AccountName=Beatriz.Torres1@AdventHealth.com"",""Department"":""ORL PCU Cardiopulmonary"",""JobTitle"":""Registered Nurse""}",i:0#.f|membership|bto862@multihosp.net,"{""@odata.type"":""#Microsoft.Azure.Connectors.SharePoint.SPListExpandedUser"",""Claims"":""i:0#.f|membership|ssmc7a@multihosp.net"",""DisplayName"":""Smith, Shayla"",""Email"":""Shayla.Smith@AdventHealth.com"",""Picture"":""https://ahsonline.sharepoint.com/sites/group-gt6leadershipteamgroup/_layouts/15/UserPhoto.aspx?Size=L&AccountName=Shayla.Smith@AdventHealth.com"",""Department"":""ORL PCU Cardiopulmonary"",""JobTitle"":""Asst Nurse Mgr""}",i:0#.f|membership|ssmc7a@multihosp.net,Lists%252fGT6%2bSURGIFLOW%2bCPPCU%252f233_.000,False,"{""Large"":null,""Medium"":null,""Small"":null}",https://ahsonline.sharepoint.com/sites/group-gt6leadershipteamgroup/_layouts/15/listform.aspx?PageType=4&ListId=b1516083%2Da63d%2D4301%2D8686%2D4bd9d64675d3&ID=233&ContentTypeID=0x01009E3859902E23B24FAFFEB1621FDA4832,6821,6821,Lists/GT6 SURGIFLOW CPPCU/,Lists/GT6 SURGIFLOW CPPCU/233_.000,"{""@odata.type"":""#Microsoft.Azure.Connectors.SharePoint.SPListExpandedContentType"",""Id"":""0x01009E3859902E23B24FAFFEB1621FDA4832"",""Name"":""Item""}",0x01009E3859902E23B24FAFFEB1621FDA4832,False,21.0,,Dr. Amawi,,,,,
"""15""",234,234,6815,sullens ,28516923,2026-08-23,,Calcium score elevated from AHWG .   S/p LHC w/ multivessel sx - CTSX consulted CABG 8/18. Hep gtt. Carotid US and BLE duplex completed.,"{""@odata.type"":""#Microsoft.Azure.Connectors.SharePoint.SPListExpandedReference"",""Id"":0,""Value"":""Home No Needs""}",0,,,,[],#Collection(Microsoft.Azure.Connectors.SharePoint.SPListExpandedReference),[],#Collection(Int64),[],#Collection(Microsoft.Azure.Connectors.SharePoint.SPListExpandedReference),[],#Collection(Int64),,,[],#Collection(Microsoft.Azure.Connectors.SharePoint.SPListExpandedReference),[],#Collection(Int64),,,[],#Collection(Microsoft.Azure.Connectors.SharePoint.SPListExpandedReference),[],#Collection(Int64),,,0,2026-08-11T05:30:33Z,False,False,False,False,False,False,,,,,,[],#Collection(Microsoft.Azure.Connectors.SharePoint.SPListExpandedReference),[],#Collection(Int64),,,,,False,True,False,False,False,False,False,False,False,False,46250.0000000000,"{""@odata.type"":""#Microsoft.Azure.Connectors.SharePoint.SPListExpandedReference"",""Id"":0,""Value"":""Progressing On Schedule""}",0,2026-08-16T21:02:51Z,2026-08-11T05:30:33Z,"{""@odata.type"":""#Microsoft.Azure.Connectors.SharePoint.SPListExpandedUser"",""Claims"":""i:0#.f|membership|bto862@multihosp.net"",""DisplayName"":""Torres, Beatriz"",""Email"":""Beatriz.Torres1@AdventHealth.com"",""Picture"":""https://ahsonline.sharepoint.com/sites/group-gt6leadershipteamgroup/_layouts/15/UserPhoto.aspx?Size=L&AccountName=Beatriz.Torres1@AdventHealth.com"",""Department"":""ORL PCU Cardiopulmonary"",""JobTitle"":""Registered Nurse""}",i:0#.f|membership|bto862@multihosp.net,"{""@odata.type"":""#Microsoft.Azure.Connectors.SharePoint.SPListExpandedUser"",""Claims"":""i:0#.f|membership|jsm810@multihosp.net"",""DisplayName"":""McCormick, Jessica"",""Email"":""jessica.mccormick@adventhealth.com"",""Picture"":""https://ahsonline.sharepoint.com/sites/group-gt6leadershipteamgroup/_layouts/15/UserPhoto.aspx?Size=L&AccountName=jessica.mccormick@adventhealth.com"",""Department"":""ORL PCU Cardiopulmonary"",""JobTitle"":""Registered Nurse""}",i:0#.f|membership|jsm810@multihosp.net,Lists%252fGT6%2bSURGIFLOW%2bCPPCU%252f234_.000,False,"{""Large"":null,""Medium"":null,""Small"":null}",https://ahsonline.sharepoint.com/sites/group-gt6leadershipteamgroup/_layouts/15/listform.aspx?PageType=4&ListId=b1516083%2Da63d%2D4301%2D8686%2D4bd9d64675d3&ID=234&ContentTypeID=0x01009E3859902E23B24FAFFEB1621FDA4832,6815,6815,Lists/GT6 SURGIFLOW CPPCU/,Lists/GT6 SURGIFLOW CPPCU/234_.000,"{""@odata.type"":""#Microsoft.Azure.Connectors.SharePoint.SPListExpandedContentType"",""Id"":""0x01009E3859902E23B24FAFFEB1621FDA4832"",""Name"":""Item""}",0x01009E3859902E23B24FAFFEB1621FDA4832,False,15.0,RA/ self. ,,Chest Pain ,,,,
"""18""",235,235,6819,Harris,505385980,2026-08-18,"Cystic fibrosis
",ID and Pulm consulted - pending to see.  Respiratory panel negative. CT chest w/ mucus plugging. IV abx 8/22. ,"{""@odata.type"":""#Microsoft.Azure.Connectors.SharePoint.SPListExpandedReference"",""Id"":0,""Value"":""Home No Needs""}",0,,,,[],#Collection(Microsoft.Azure.Connectors.SharePoint.SPListExpandedReference),[],#Collection(Int64),[],#Collection(Microsoft.Azure.Connectors.SharePoint.SPListExpandedReference),[],#Collection(Int64),,,[],#Collection(Microsoft.Azure.Connectors.SharePoint.SPListExpandedReference),[],#Collection(Int64),,,[],#Collection(Microsoft.Azure.Connectors.SharePoint.SPListExpandedReference),[],#Collection(Int64),,,0,2026-08-11T05:34:00Z,False,False,False,False,False,False,2026-08-14,,,,,[],#Collection(Microsoft.Azure.Connectors.SharePoint.SPListExpandedReference),[],#Collection(Int64),,,,,False,True,False,False,False,False,False,False,False,False,1.00000000000000,"{""@odata.type"":""#Microsoft.Azure.Connectors.SharePoint.SPListExpandedReference"",""Id"":0,""Value"":""Progressing On Schedule""}",0,2026-08-16T05:39:59Z,2026-08-11T05:34:00Z,"{""@odata.type"":""#Microsoft.Azure.Connectors.SharePoint.SPListExpandedUser"",""Claims"":""i:0#.f|membership|bto862@multihosp.net"",""DisplayName"":""Torres, Beatriz"",""Email"":""Beatriz.Torres1@AdventHealth.com"",""Picture"":""https://ahsonline.sharepoint.com/sites/group-gt6leadershipteamgroup/_layouts/15/UserPhoto.aspx?Size=L&AccountName=Beatriz.Torres1@AdventHealth.com"",""Department"":""ORL PCU Cardiopulmonary"",""JobTitle"":""Registered Nurse""}",i:0#.f|membership|bto862@multihosp.net,"{""@odata.type"":""#Microsoft.Azure.Connectors.SharePoint.SPListExpandedUser"",""Claims"":""i:0#.f|membership|ssmc7a@multihosp.net"",""DisplayName"":""Smith, Shayla"",""Email"":""Shayla.Smith@AdventHealth.com"",""Picture"":""https://ahsonline.sharepoint.com/sites/group-gt6leadershipteamgroup/_layouts/15/UserPhoto.aspx?Size=L&AccountName=Shayla.Smith@AdventHealth.com"",""Department"":""ORL PCU Cardiopulmonary"",""JobTitle"":""Asst Nurse Mgr""}",i:0#.f|membership|ssmc7a@multihosp.net,Lists%252fGT6%2bSURGIFLOW%2bCPPCU%252f235_.000,False,"{""Large"":null,""Medium"":null,""Small"":null}",https://ahsonline.sharepoint.com/sites/group-gt6leadershipteamgroup/_layouts/15/listform.aspx?PageType=4&ListId=b1516083%2Da63d%2D4301%2D8686%2D4bd9d64675d3&ID=235&ContentTypeID=0x01009E3859902E23B24FAFFEB1621FDA4832,6819,6819,Lists/GT6 SURGIFLOW CPPCU/,Lists/GT6 SURGIFLOW CPPCU/235_.000,"{""@odata.type"":""#Microsoft.Azure.Connectors.SharePoint.SPListExpandedContentType"",""Id"":""0x01009E3859902E23B24FAFFEB1621FDA4832"",""Name"":""Item""}",0x01009E3859902E23B24FAFFEB1621FDA4832,False,18.0,,Desai,Cough/Chills,,,,
"""16""",236,236,6830,Johnson ,32026138,2026-08-17,,"IV abx until 8/17. Palliative consulted - new DNR. 3008 needs signed by MD.  Rapid yesterday due to lethargy and hypotension - now HHF 60 LT 60%. Pending swallow study.

**AH hospice completed bedside assessment. Patient will be inpatient hospice. Patients sister does not feel comfortable completing the consents online and will be here Monday to complete Hospice consents. ",,,,,,[],#Collection(Microsoft.Azure.Connectors.SharePoint.SPListExpandedReference),[],#Collection(Int64),[],#Collection(Microsoft.Azure.Connectors.SharePoint.SPListExpandedReference),[],#Collection(Int64),,,[],#Collection(Microsoft.Azure.Connectors.SharePoint.SPListExpandedReference),[],#Collection(Int64),,,[],#Collection(Microsoft.Azure.Connectors.SharePoint.SPListExpandedReference),[],#Collection(Int64),,,0,2026-08-11T06:30:05Z,False,False,False,False,False,False,2026-08-13,,,,,[],#Collection(Microsoft.Azure.Connectors.SharePoint.SPListExpandedReference),[],#Collection(Int64),,,,,False,True,False,False,False,False,False,False,False,False,2.00000000000000,"{""@odata.type"":""#Microsoft.Azure.Connectors.SharePoint.SPListExpandedReference"",""Id"":0,""Value"":""Progressing On Schedule""}",0,2026-08-16T05:47:40Z,2026-08-11T06:30:05Z,"{""@odata.type"":""#Microsoft.Azure.Connectors.SharePoint.SPListExpandedUser"",""Claims"":""i:0#.f|membership|bto862@multihosp.net"",""DisplayName"":""Torres, Beatriz"",""Email"":""Beatriz.Torres1@AdventHealth.com"",""Picture"":""https://ahsonline.sharepoint.com/sites/group-gt6leadershipteamgroup/_layouts/15/UserPhoto.aspx?Size=L&AccountName=Beatriz.Torres1@AdventHealth.com"",""Department"":""ORL PCU Cardiopulmonary"",""JobTitle"":""Registered Nurse""}",i:0#.f|membership|bto862@multihosp.net,"{""@odata.type"":""#Microsoft.Azure.Connectors.SharePoint.SPListExpandedUser"",""Claims"":""i:0#.f|membership|ssmc7a@multihosp.net"",""DisplayName"":""Smith, Shayla"",""Email"":""Shayla.Smith@AdventHealth.com"",""Picture"":""https://ahsonline.sharepoint.com/sites/group-gt6leadershipteamgroup/_layouts/15/UserPhoto.aspx?Size=L&AccountName=Shayla.Smith@AdventHealth.com"",""Department"":""ORL PCU Cardiopulmonary"",""JobTitle"":""Asst Nurse Mgr""}",i:0#.f|membership|ssmc7a@multihosp.net,Lists%252fGT6%2bSURGIFLOW%2bCPPCU%252f236_.000,False,"{""Large"":null,""Medium"":null,""Small"":null}",https://ahsonline.sharepoint.com/sites/group-gt6leadershipteamgroup/_layouts/15/listform.aspx?PageType=4&ListId=b1516083%2Da63d%2D4301%2D8686%2D4bd9d64675d3&ID=236&ContentTypeID=0x01009E3859902E23B24FAFFEB1621FDA4832,6830,6830,Lists/GT6 SURGIFLOW CPPCU/,Lists/GT6 SURGIFLOW CPPCU/236_.000,"{""@odata.type"":""#Microsoft.Azure.Connectors.SharePoint.SPListExpandedContentType"",""Id"":""0x01009E3859902E23B24FAFFEB1621FDA4832"",""Name"":""Item""}",0x01009E3859902E23B24FAFFEB1621FDA4832,False,16.0,"HD, established.  sister in law HCS",,Sepsis work up,,,,
"""13""",237,237,6810,Ingram ,501077634,2026-08-18,,cMRI completed -mass seen - CTSX consulted. MRI Chest completed - CTS aware of completion - pending further POC from their team ,,,,,,[],#Collection(Microsoft.Azure.Connectors.SharePoint.SPListExpandedReference),[],#Collection(Int64),[],#Collection(Microsoft.Azure.Connectors.SharePoint.SPListExpandedReference),[],#Collection(Int64),,,[],#Collection(Microsoft.Azure.Connectors.SharePoint.SPListExpandedReference),[],#Collection(Int64),,,[],#Collection(Microsoft.Azure.Connectors.SharePoint.SPListExpandedReference),[],#Collection(Int64),,,0,2026-08-11T06:44:15Z,False,False,False,False,False,False,2026-08-09,,,,,[],#Collection(Microsoft.Azure.Connectors.SharePoint.SPListExpandedReference),[],#Collection(Int64),,,,,False,True,False,False,False,False,False,False,False,False,7.00000000000000,"{""@odata.type"":""#Microsoft.Azure.Connectors.SharePoint.SPListExpandedReference"",""Id"":0,""Value"":""Progressing On Schedule""}",0,2026-08-16T20:58:45Z,2026-08-11T06:44:15Z,"{""@odata.type"":""#Microsoft.Azure.Connectors.SharePoint.SPListExpandedUser"",""Claims"":""i:0#.f|membership|bto862@multihosp.net"",""DisplayName"":""Torres, Beatriz"",""Email"":""Beatriz.Torres1@AdventHealth.com"",""Picture"":""https://ahsonline.sharepoint.com/sites/group-gt6leadershipteamgroup/_layouts/15/UserPhoto.aspx?Size=L&AccountName=Beatriz.Torres1@AdventHealth.com"",""Department"":""ORL PCU Cardiopulmonary"",""JobTitle"":""Registered Nurse""}",i:0#.f|membership|bto862@multihosp.net,"{""@odata.type"":""#Microsoft.Azure.Connectors.SharePoint.SPListExpandedUser"",""Claims"":""i:0#.f|membership|jsm810@multihosp.net"",""DisplayName"":""McCormick, Jessica"",""Email"":""jessica.mccormick@adventhealth.com"",""Picture"":""https://ahsonline.sharepoint.com/sites/group-gt6leadershipteamgroup/_layouts/15/UserPhoto.aspx?Size=L&AccountName=jessica.mccormick@adventhealth.com"",""Department"":""ORL PCU Cardiopulmonary"",""JobTitle"":""Registered Nurse""}",i:0#.f|membership|jsm810@multihosp.net,Lists%252fGT6%2bSURGIFLOW%2bCPPCU%252f237_.000,False,"{""Large"":null,""Medium"":null,""Small"":null}",https://ahsonline.sharepoint.com/sites/group-gt6leadershipteamgroup/_layouts/15/listform.aspx?PageType=4&ListId=b1516083%2Da63d%2D4301%2D8686%2D4bd9d64675d3&ID=237&ContentTypeID=0x01009E3859902E23B24FAFFEB1621FDA4832,6810,6810,Lists/GT6 SURGIFLOW CPPCU/,Lists/GT6 SURGIFLOW CPPCU/237_.000,"{""@odata.type"":""#Microsoft.Azure.Connectors.SharePoint.SPListExpandedContentType"",""Id"":""0x01009E3859902E23B24FAFFEB1621FDA4832"",""Name"":""Item""}",0x01009E3859902E23B24FAFFEB1621FDA4832,False,13.0,Declined HHC. ,Mirander,,,,,
"""9""",238,238,6831,Menendez,15829323,2026-08-22,,"Chest pain. NSTEMI. Hep gtt. S/P LHC w/ multivessel dx. CTSX consulted for CABG - possibly 8/18. Echo done - pending read.  Blood cx negative, Lactic improved. IV abx till 8/15.  PFT pending. ",,,"CTS, cardio",,,[],#Collection(Microsoft.Azure.Connectors.SharePoint.SPListExpandedReference),[],#Collection(Int64),[],#Collection(Microsoft.Azure.Connectors.SharePoint.SPListExpandedReference),[],#Collection(Int64),,,[],#Collection(Microsoft.Azure.Connectors.SharePoint.SPListExpandedReference),[],#Collection(Int64),,,[],#Collection(Microsoft.Azure.Connectors.SharePoint.SPListExpandedReference),[],#Collection(Int64),,,0,2026-08-12T02:55:09Z,False,False,False,False,False,False,,,,,,[],#Collection(Microsoft.Azure.Connectors.SharePoint.SPListExpandedReference),[],#Collection(Int64),,,,,False,True,False,False,False,False,False,False,False,False,46249.0000000000,"{""@odata.type"":""#Microsoft.Azure.Connectors.SharePoint.SPListExpandedReference"",""Id"":0,""Value"":""Progressing On Schedule""}",0,2026-08-16T04:55:16Z,2026-08-12T02:55:09Z,"{""@odata.type"":""#Microsoft.Azure.Connectors.SharePoint.SPListExpandedUser"",""Claims"":""i:0#.f|membership|bto862@multihosp.net"",""DisplayName"":""Torres, Beatriz"",""Email"":""Beatriz.Torres1@AdventHealth.com"",""Picture"":""https://ahsonline.sharepoint.com/sites/group-gt6leadershipteamgroup/_layouts/15/UserPhoto.aspx?Size=L&AccountName=Beatriz.Torres1@AdventHealth.com"",""Department"":""ORL PCU Cardiopulmonary"",""JobTitle"":""Registered Nurse""}",i:0#.f|membership|bto862@multihosp.net,"{""@odata.type"":""#Microsoft.Azure.Connectors.SharePoint.SPListExpandedUser"",""Claims"":""i:0#.f|membership|ssmc7a@multihosp.net"",""DisplayName"":""Smith, Shayla"",""Email"":""Shayla.Smith@AdventHealth.com"",""Picture"":""https://ahsonline.sharepoint.com/sites/group-gt6leadershipteamgroup/_layouts/15/UserPhoto.aspx?Size=L&AccountName=Shayla.Smith@AdventHealth.com"",""Department"":""ORL PCU Cardiopulmonary"",""JobTitle"":""Asst Nurse Mgr""}",i:0#.f|membership|ssmc7a@multihosp.net,Lists%252fGT6%2bSURGIFLOW%2bCPPCU%252f238_.000,False,"{""Large"":null,""Medium"":null,""Small"":null}",https://ahsonline.sharepoint.com/sites/group-gt6leadershipteamgroup/_layouts/15/listform.aspx?PageType=4&ListId=b1516083%2Da63d%2D4301%2D8686%2D4bd9d64675d3&ID=238&ContentTypeID=0x01009E3859902E23B24FAFFEB1621FDA4832,6831,6831,Lists/GT6 SURGIFLOW CPPCU/,Lists/GT6 SURGIFLOW CPPCU/238_.000,"{""@odata.type"":""#Microsoft.Azure.Connectors.SharePoint.SPListExpandedContentType"",""Id"":""0x01009E3859902E23B24FAFFEB1621FDA4832"",""Name"":""Item""}",0x01009E3859902E23B24FAFFEB1621FDA4832,False,9.0,,Dobson ,,,,,
"""11""",239,239,6828,Merida,14010167,2026-08-16,,Cardio wanted to keep overnight to diuresis w/ IV lasix. Possible d/c per Cardio if improved ID consulted for possible cellulitis -  rocephin 1 dose given. ID s/o ,"{""@odata.type"":""#Microsoft.Azure.Connectors.SharePoint.SPListExpandedReference"",""Id"":0,""Value"":""Home No Needs""}",0,cardio,,,[],#Collection(Microsoft.Azure.Connectors.SharePoint.SPListExpandedReference),[],#Collection(Int64),[],#Collection(Microsoft.Azure.Connectors.SharePoint.SPListExpandedReference),[],#Collection(Int64),,,[],#Collection(Microsoft.Azure.Connectors.SharePoint.SPListExpandedReference),[],#Collection(Int64),,,[],#Collection(Microsoft.Azure.Connectors.SharePoint.SPListExpandedReference),[],#Collection(Int64),,,0,2026-08-12T02:58:10Z,False,False,False,False,False,False,,,,,,[],#Collection(Microsoft.Azure.Connectors.SharePoint.SPListExpandedReference),[],#Collection(Int64),,,,,False,True,False,False,False,False,False,False,False,False,46249.0000000000,"{""@odata.type"":""#Microsoft.Azure.Connectors.SharePoint.SPListExpandedReference"",""Id"":0,""Value"":""Progressing On Schedule""}",0,2026-08-16T05:46:00Z,2026-08-12T02:58:10Z,"{""@odata.type"":""#Microsoft.Azure.Connectors.SharePoint.SPListExpandedUser"",""Claims"":""i:0#.f|membership|bto862@multihosp.net"",""DisplayName"":""Torres, Beatriz"",""Email"":""Beatriz.Torres1@AdventHealth.com"",""Picture"":""https://ahsonline.sharepoint.com/sites/group-gt6leadershipteamgroup/_layouts/15/UserPhoto.aspx?Size=L&AccountName=Beatriz.Torres1@AdventHealth.com"",""Department"":""ORL PCU Cardiopulmonary"",""JobTitle"":""Registered Nurse""}",i:0#.f|membership|bto862@multihosp.net,"{""@odata.type"":""#Microsoft.Azure.Connectors.SharePoint.SPListExpandedUser"",""Claims"":""i:0#.f|membership|ssmc7a@multihosp.net"",""DisplayName"":""Smith, Shayla"",""Email"":""Shayla.Smith@AdventHealth.com"",""Picture"":""https://ahsonline.sharepoint.com/sites/group-gt6leadershipteamgroup/_layouts/15/UserPhoto.aspx?Size=L&AccountName=Shayla.Smith@AdventHealth.com"",""Department"":""ORL PCU Cardiopulmonary"",""JobTitle"":""Asst Nurse Mgr""}",i:0#.f|membership|ssmc7a@multihosp.net,Lists%252fGT6%2bSURGIFLOW%2bCPPCU%252f239_.000,False,"{""Large"":null,""Medium"":null,""Small"":null}",https://ahsonline.sharepoint.com/sites/group-gt6leadershipteamgroup/_layouts/15/listform.aspx?PageType=4&ListId=b1516083%2Da63d%2D4301%2D8686%2D4bd9d64675d3&ID=239&ContentTypeID=0x01009E3859902E23B24FAFFEB1621FDA4832,6828,6828,Lists/GT6 SURGIFLOW CPPCU/,Lists/GT6 SURGIFLOW CPPCU/239_.000,"{""@odata.type"":""#Microsoft.Azure.Connectors.SharePoint.SPListExpandedContentType"",""Id"":""0x01009E3859902E23B24FAFFEB1621FDA4832"",""Name"":""Item""}",0x01009E3859902E23B24FAFFEB1621FDA4832,False,11.0,RA/ self ,,,,,,
"""9""",240,240,6823,Amato ,512367959,2026-08-18,PH ,Downgrade from ACSU. S/P PTE 8/4. 2-CTS removed. Eliquis/ Adempas PO. Pending echo. EP consulted for bradycardia - not able to be on Amio. PPM Monday -May not need per Vanessa CTS. IVP diuretics increased. Heme consulted - pending to see (Escalated placed 8/14),"{""@odata.type"":""#Microsoft.Azure.Connectors.SharePoint.SPListExpandedReference"",""Id"":1,""Value"":""HHC""}",1,"PH, ID",,,[],#Collection(Microsoft.Azure.Connectors.SharePoint.SPListExpandedReference),[],#Collection(Int64),[],#Collection(Microsoft.Azure.Connectors.SharePoint.SPListExpandedReference),[],#Collection(Int64),,,[],#Collection(Microsoft.Azure.Connectors.SharePoint.SPListExpandedReference),[],#Collection(Int64),,,[],#Collection(Microsoft.Azure.Connectors.SharePoint.SPListExpandedReference),[],#Collection(Int64),,,0,2026-08-12T03:06:42Z,False,False,False,False,False,False,2026-07-18,"{""@odata.type"":""#Microsoft.Azure.Connectors.SharePoint.SPListExpandedReference"",""Id"":2,""Value"":""CTsx""}",2,,,"[{""@odata.type"":""#Microsoft.Azure.Connectors.SharePoint.SPListExpandedReference"",""Id"":6,""Value"":""NO Leak""}]",#Collection(Microsoft.Azure.Connectors.SharePoint.SPListExpandedReference),[6],#Collection(Int64),"{""@odata.type"":""#Microsoft.Azure.Connectors.SharePoint.SPListExpandedReference"",""Id"":1,""Value"":""Eliquis""}",1,,,False,True,False,False,False,False,False,False,False,False,28.0000000000000,"{""@odata.type"":""#Microsoft.Azure.Connectors.SharePoint.SPListExpandedReference"",""Id"":0,""Value"":""Progressing On Schedule""}",0,2026-08-15T19:32:53Z,2026-08-12T03:06:42Z,"{""@odata.type"":""#Microsoft.Azure.Connectors.SharePoint.SPListExpandedUser"",""Claims"":""i:0#.f|membership|bto862@multihosp.net"",""DisplayName"":""Torres, Beatriz"",""Email"":""Beatriz.Torres1@AdventHealth.com"",""Picture"":""https://ahsonline.sharepoint.com/sites/group-gt6leadershipteamgroup/_layouts/15/UserPhoto.aspx?Size=L&AccountName=Beatriz.Torres1@AdventHealth.com"",""Department"":""ORL PCU Cardiopulmonary"",""JobTitle"":""Registered Nurse""}",i:0#.f|membership|bto862@multihosp.net,"{""@odata.type"":""#Microsoft.Azure.Connectors.SharePoint.SPListExpandedUser"",""Claims"":""i:0#.f|membership|jsm810@multihosp.net"",""DisplayName"":""McCormick, Jessica"",""Email"":""jessica.mccormick@adventhealth.com"",""Picture"":""https://ahsonline.sharepoint.com/sites/group-gt6leadershipteamgroup/_layouts/15/UserPhoto.aspx?Size=L&AccountName=jessica.mccormick@adventhealth.com"",""Department"":""ORL PCU Cardiopulmonary"",""JobTitle"":""Registered Nurse""}",i:0#.f|membership|jsm810@multihosp.net,Lists%252fGT6%2bSURGIFLOW%2bCPPCU%252f240_.000,False,"{""Large"":null,""Medium"":null,""Small"":null}",https://ahsonline.sharepoint.com/sites/group-gt6leadershipteamgroup/_layouts/15/listform.aspx?PageType=4&ListId=b1516083%2Da63d%2D4301%2D8686%2D4bd9d64675d3&ID=240&ContentTypeID=0x01009E3859902E23B24FAFFEB1621FDA4832,6823,6823,Lists/GT6 SURGIFLOW CPPCU/,Lists/GT6 SURGIFLOW CPPCU/240_.000,"{""@odata.type"":""#Microsoft.Azure.Connectors.SharePoint.SPListExpandedContentType"",""Id"":""0x01009E3859902E23B24FAFFEB1621FDA4832"",""Name"":""Item""}",0x01009E3859902E23B24FAFFEB1621FDA4832,False,9.0," HHC - walker front well, bedside commode",,,,2026-08-04,,
"""8""",242,242,6816,Morales,135300796,2026-08-17,Kidney tx ,Came in for fall. Transferred from 4S. Eliquis PO. NPO for surg? Nephro/Opthamology consulted . HC week before- no intervention. UA cx + - ID consulted - IV abx until 8/18. IV lasix increased. ,,,"Nephro, Opthamology ",,,[],#Collection(Microsoft.Azure.Connectors.SharePoint.SPListExpandedReference),[],#Collection(Int64),[],#Collection(Microsoft.Azure.Connectors.SharePoint.SPListExpandedReference),[],#Collection(Int64),,,[],#Collection(Microsoft.Azure.Connectors.SharePoint.SPListExpandedReference),[],#Collection(Int64),,,[],#Collection(Microsoft.Azure.Connectors.SharePoint.SPListExpandedReference),[],#Collection(Int64),,,0,2026-08-12T03:09:31Z,False,False,False,False,False,False,2026-08-11,,,,,[],#Collection(Microsoft.Azure.Connectors.SharePoint.SPListExpandedReference),[],#Collection(Int64),,,,,False,True,False,False,False,False,False,False,False,False,5.00000000000000,"{""@odata.type"":""#Microsoft.Azure.Connectors.SharePoint.SPListExpandedReference"",""Id"":0,""Value"":""Progressing On Schedule""}",0,2026-08-16T09:00:50Z,2026-08-12T03:09:31Z,"{""@odata.type"":""#Microsoft.Azure.Connectors.SharePoint.SPListExpandedUser"",""Claims"":""i:0#.f|membership|bto862@multihosp.net"",""DisplayName"":""Torres, Beatriz"",""Email"":""Beatriz.Torres1@AdventHealth.com"",""Picture"":""https://ahsonline.sharepoint.com/sites/group-gt6leadershipteamgroup/_layouts/15/UserPhoto.aspx?Size=L&AccountName=Beatriz.Torres1@AdventHealth.com"",""Department"":""ORL PCU Cardiopulmonary"",""JobTitle"":""Registered Nurse""}",i:0#.f|membership|bto862@multihosp.net,"{""@odata.type"":""#Microsoft.Azure.Connectors.SharePoint.SPListExpandedUser"",""Claims"":""i:0#.f|membership|ssmc7a@multihosp.net"",""DisplayName"":""Smith, Shayla"",""Email"":""Shayla.Smith@AdventHealth.com"",""Picture"":""https://ahsonline.sharepoint.com/sites/group-gt6leadershipteamgroup/_layouts/15/UserPhoto.aspx?Size=L&AccountName=Shayla.Smith@AdventHealth.com"",""Department"":""ORL PCU Cardiopulmonary"",""JobTitle"":""Asst Nurse Mgr""}",i:0#.f|membership|ssmc7a@multihosp.net,Lists%252fGT6%2bSURGIFLOW%2bCPPCU%252f242_.000,False,"{""Large"":null,""Medium"":null,""Small"":null}",https://ahsonline.sharepoint.com/sites/group-gt6leadershipteamgroup/_layouts/15/listform.aspx?PageType=4&ListId=b1516083%2Da63d%2D4301%2D8686%2D4bd9d64675d3&ID=242&ContentTypeID=0x01009E3859902E23B24FAFFEB1621FDA4832,6816,6816,Lists/GT6 SURGIFLOW CPPCU/,Lists/GT6 SURGIFLOW CPPCU/242_.000,"{""@odata.type"":""#Microsoft.Azure.Connectors.SharePoint.SPListExpandedContentType"",""Id"":""0x01009E3859902E23B24FAFFEB1621FDA4832"",""Name"":""Item""}",0x01009E3859902E23B24FAFFEB1621FDA4832,False,8.0,RA/ 2- assist,Stevens ,,,,,
"""13""",243,243,6806,Conners ,508833507,2026-08-17,,"BOLT 2022. HD MWF. Fistula. Eye swab negative. CT chest completed w/ new nodules. Oxygen concentrator taken home.  MR Brain pending 0400. Bronch completed, US gall bladder completed. Per lung poss DC tomorrow  ","{""@odata.type"":""#Microsoft.Azure.Connectors.SharePoint.SPListExpandedReference"",""Id"":1,""Value"":""HHC""}",1,,,,[],#Collection(Microsoft.Azure.Connectors.SharePoint.SPListExpandedReference),[],#Collection(Int64),[],#Collection(Microsoft.Azure.Connectors.SharePoint.SPListExpandedReference),[],#Collection(Int64),,,[],#Collection(Microsoft.Azure.Connectors.SharePoint.SPListExpandedReference),[],#Collection(Int64),,,[],#Collection(Microsoft.Azure.Connectors.SharePoint.SPListExpandedReference),[],#Collection(Int64),,,0,2026-08-12T04:38:24Z,False,False,False,False,False,False,2026-08-11,"{""@odata.type"":""#Microsoft.Azure.Connectors.SharePoint.SPListExpandedReference"",""Id"":1,""Value"":""Transplant""}",1,,,[],#Collection(Microsoft.Azure.Connectors.SharePoint.SPListExpandedReference),[],#Collection(Int64),,,,,False,True,False,False,False,False,False,False,False,False,5.00000000000000,"{""@odata.type"":""#Microsoft.Azure.Connectors.SharePoint.SPListExpandedReference"",""Id"":0,""Value"":""Progressing On Schedule""}",0,2026-08-16T20:54:42Z,2026-08-12T04:38:24Z,"{""@odata.type"":""#Microsoft.Azure.Connectors.SharePoint.SPListExpandedUser"",""Claims"":""i:0#.f|membership|bto862@multihosp.net"",""DisplayName"":""Torres, Beatriz"",""Email"":""Beatriz.Torres1@AdventHealth.com"",""Picture"":""https://ahsonline.sharepoint.com/sites/group-gt6leadershipteamgroup/_layouts/15/UserPhoto.aspx?Size=L&AccountName=Beatriz.Torres1@AdventHealth.com"",""Department"":""ORL PCU Cardiopulmonary"",""JobTitle"":""Registered Nurse""}",i:0#.f|membership|bto862@multihosp.net,"{""@odata.type"":""#Microsoft.Azure.Connectors.SharePoint.SPListExpandedUser"",""Claims"":""i:0#.f|membership|jsm810@multihosp.net"",""DisplayName"":""McCormick, Jessica"",""Email"":""jessica.mccormick@adventhealth.com"",""Picture"":""https://ahsonline.sharepoint.com/sites/group-gt6leadershipteamgroup/_layouts/15/UserPhoto.aspx?Size=L&AccountName=jessica.mccormick@adventhealth.com"",""Department"":""ORL PCU Cardiopulmonary"",""JobTitle"":""Registered Nurse""}",i:0#.f|membership|jsm810@multihosp.net,Lists%252fGT6%2bSURGIFLOW%2bCPPCU%252f243_.000,False,"{""Large"":null,""Medium"":null,""Small"":null}",https://ahsonline.sharepoint.com/sites/group-gt6leadershipteamgroup/_layouts/15/listform.aspx?PageType=4&ListId=b1516083%2Da63d%2D4301%2D8686%2D4bd9d64675d3&ID=243&ContentTypeID=0x01009E3859902E23B24FAFFEB1621FDA4832,6806,6806,Lists/GT6 SURGIFLOW CPPCU/,Lists/GT6 SURGIFLOW CPPCU/243_.000,"{""@odata.type"":""#Microsoft.Azure.Connectors.SharePoint.SPListExpandedContentType"",""Id"":""0x01009E3859902E23B24FAFFEB1621FDA4832"",""Name"":""Item""}",0x01009E3859902E23B24FAFFEB1621FDA4832,False,13.0,1-assist/ Baseline is RA ,Kwak,,,,,
"""13""",244,244,6814,Whitman. ,14208976,2026-08-19,,Afib- RVR.  Echo completed - stress test completed today. LHC Tues 8/18.  ,"{""@odata.type"":""#Microsoft.Azure.Connectors.SharePoint.SPListExpandedReference"",""Id"":0,""Value"":""Home No Needs""}",0,"cardio, attn ",,,[],#Collection(Microsoft.Azure.Connectors.SharePoint.SPListExpandedReference),[],#Collection(Int64),[],#Collection(Microsoft.Azure.Connectors.SharePoint.SPListExpandedReference),[],#Collection(Int64),,,[],#Collection(Microsoft.Azure.Connectors.SharePoint.SPListExpandedReference),[],#Collection(Int64),,,[],#Collection(Microsoft.Azure.Connectors.SharePoint.SPListExpandedReference),[],#Collection(Int64),,,0,2026-08-12T05:11:52Z,False,False,False,False,False,False,,,,,,[],#Collection(Microsoft.Azure.Connectors.SharePoint.SPListExpandedReference),[],#Collection(Int64),,,,,False,True,False,False,False,False,False,False,False,False,46250.0000000000,"{""@odata.type"":""#Microsoft.Azure.Connectors.SharePoint.SPListExpandedReference"",""Id"":0,""Value"":""Progressing On Schedule""}",0,2026-08-16T21:02:38Z,2026-08-12T05:11:52Z,"{""@odata.type"":""#Microsoft.Azure.Connectors.SharePoint.SPListExpandedUser"",""Claims"":""i:0#.f|membership|bto862@multihosp.net"",""DisplayName"":""Torres, Beatriz"",""Email"":""Beatriz.Torres1@AdventHealth.com"",""Picture"":""https://ahsonline.sharepoint.com/sites/group-gt6leadershipteamgroup/_layouts/15/UserPhoto.aspx?Size=L&AccountName=Beatriz.Torres1@AdventHealth.com"",""Department"":""ORL PCU Cardiopulmonary"",""JobTitle"":""Registered Nurse""}",i:0#.f|membership|bto862@multihosp.net,"{""@odata.type"":""#Microsoft.Azure.Connectors.SharePoint.SPListExpandedUser"",""Claims"":""i:0#.f|membership|jsm810@multihosp.net"",""DisplayName"":""McCormick, Jessica"",""Email"":""jessica.mccormick@adventhealth.com"",""Picture"":""https://ahsonline.sharepoint.com/sites/group-gt6leadershipteamgroup/_layouts/15/UserPhoto.aspx?Size=L&AccountName=jessica.mccormick@adventhealth.com"",""Department"":""ORL PCU Cardiopulmonary"",""JobTitle"":""Registered Nurse""}",i:0#.f|membership|jsm810@multihosp.net,Lists%252fGT6%2bSURGIFLOW%2bCPPCU%252f244_.000,False,"{""Large"":null,""Medium"":null,""Small"":null}",https://ahsonline.sharepoint.com/sites/group-gt6leadershipteamgroup/_layouts/15/listform.aspx?PageType=4&ListId=b1516083%2Da63d%2D4301%2D8686%2D4bd9d64675d3&ID=244&ContentTypeID=0x01009E3859902E23B24FAFFEB1621FDA4832,6814,6814,Lists/GT6 SURGIFLOW CPPCU/,Lists/GT6 SURGIFLOW CPPCU/244_.000,"{""@odata.type"":""#Microsoft.Azure.Connectors.SharePoint.SPListExpandedContentType"",""Id"":""0x01009E3859902E23B24FAFFEB1621FDA4832"",""Name"":""Item""}",0x01009E3859902E23B24FAFFEB1621FDA4832,False,13.0,RA/ standby,,,,,,
"""10""",245,245,6807,Badillo ,501464233,2026-08-17,,s/p LHC w/ PCI. Brillinta/ASA. Heparin gtt d/c. Ranexa and Lopressor added. No plan for PCI - medical management. Pain mgt for shoulder/neck pain- MRI spine completed. Nephro/Cardio s/o. Escalated read for MRI -- ,"{""@odata.type"":""#Microsoft.Azure.Connectors.SharePoint.SPListExpandedReference"",""Id"":1,""Value"":""HHC""}",1,,,,[],#Collection(Microsoft.Azure.Connectors.SharePoint.SPListExpandedReference),[],#Collection(Int64),[],#Collection(Microsoft.Azure.Connectors.SharePoint.SPListExpandedReference),[],#Collection(Int64),,,[],#Collection(Microsoft.Azure.Connectors.SharePoint.SPListExpandedReference),[],#Collection(Int64),,,[],#Collection(Microsoft.Azure.Connectors.SharePoint.SPListExpandedReference),[],#Collection(Int64),,,0,2026-08-12T06:16:01Z,False,False,False,False,False,False,,,,,,[],#Collection(Microsoft.Azure.Connectors.SharePoint.SPListExpandedReference),[],#Collection(Int64),,,,,False,True,False,False,False,False,False,False,False,False,46250.0000000000,"{""@odata.type"":""#Microsoft.Azure.Connectors.SharePoint.SPListExpandedReference"",""Id"":0,""Value"":""Progressing On Schedule""}",0,2026-08-16T20:55:36Z,2026-08-12T06:16:01Z,"{""@odata.type"":""#Microsoft.Azure.Connectors.SharePoint.SPListExpandedUser"",""Claims"":""i:0#.f|membership|bto862@multihosp.net"",""DisplayName"":""Torres, Beatriz"",""Email"":""Beatriz.Torres1@AdventHealth.com"",""Picture"":""https://ahsonline.sharepoint.com/sites/group-gt6leadershipteamgroup/_layouts/15/UserPhoto.aspx?Size=L&AccountName=Beatriz.Torres1@AdventHealth.com"",""Department"":""ORL PCU Cardiopulmonary"",""JobTitle"":""Registered Nurse""}",i:0#.f|membership|bto862@multihosp.net,"{""@odata.type"":""#Microsoft.Azure.Connectors.SharePoint.SPListExpandedUser"",""Claims"":""i:0#.f|membership|jsm810@multihosp.net"",""DisplayName"":""McCormick, Jessica"",""Email"":""jessica.mccormick@adventhealth.com"",""Picture"":""https://ahsonline.sharepoint.com/sites/group-gt6leadershipteamgroup/_layouts/15/UserPhoto.aspx?Size=L&AccountName=jessica.mccormick@adventhealth.com"",""Department"":""ORL PCU Cardiopulmonary"",""JobTitle"":""Registered Nurse""}",i:0#.f|membership|jsm810@multihosp.net,Lists%252fGT6%2bSURGIFLOW%2bCPPCU%252f245_.000,False,"{""Large"":null,""Medium"":null,""Small"":null}",https://ahsonline.sharepoint.com/sites/group-gt6leadershipteamgroup/_layouts/15/listform.aspx?PageType=4&ListId=b1516083%2Da63d%2D4301%2D8686%2D4bd9d64675d3&ID=245&ContentTypeID=0x01009E3859902E23B24FAFFEB1621FDA4832,6807,6807,Lists/GT6 SURGIFLOW CPPCU/,Lists/GT6 SURGIFLOW CPPCU/245_.000,"{""@odata.type"":""#Microsoft.Azure.Connectors.SharePoint.SPListExpandedContentType"",""Id"":""0x01009E3859902E23B24FAFFEB1621FDA4832"",""Name"":""Item""}",0x01009E3859902E23B24FAFFEB1621FDA4832,False,10.0,"RA/self
",Clarke,,,,,
"""9""",246,246,6803,Gilbert ,6984107,2026-08-18,,"from Alt CP x Week, pending PCI on 8/17. 

4L, baseline RA ","{""@odata.type"":""#Microsoft.Azure.Connectors.SharePoint.SPListExpandedReference"",""Id"":0,""Value"":""Home No Needs""}",0,cardio attn,,,[],#Collection(Microsoft.Azure.Connectors.SharePoint.SPListExpandedReference),[],#Collection(Int64),[],#Collection(Microsoft.Azure.Connectors.SharePoint.SPListExpandedReference),[],#Collection(Int64),,,[],#Collection(Microsoft.Azure.Connectors.SharePoint.SPListExpandedReference),[],#Collection(Int64),,,[],#Collection(Microsoft.Azure.Connectors.SharePoint.SPListExpandedReference),[],#Collection(Int64),,,0,,False,False,False,False,False,False,2026-08-13,,,,,[],#Collection(Microsoft.Azure.Connectors.SharePoint.SPListExpandedReference),[],#Collection(Int64),,,,,False,True,False,False,False,False,False,False,False,False,3.00000000000000,"{""@odata.type"":""#Microsoft.Azure.Connectors.SharePoint.SPListExpandedReference"",""Id"":0,""Value"":""Progressing On Schedule""}",0,2026-08-16T20:52:26Z,2026-08-13T04:43:19Z,"{""@odata.type"":""#Microsoft.Azure.Connectors.SharePoint.SPListExpandedUser"",""Claims"":""i:0#.f|membership|aaaa09@multihosp.net"",""DisplayName"":""Anderson, Abigail"",""Email"":""Abigail.Anderson@AdventHealth.com"",""Picture"":""https://ahsonline.sharepoint.com/sites/group-gt6leadershipteamgroup/_layouts/15/UserPhoto.aspx?Size=L&AccountName=Abigail.Anderson@AdventHealth.com"",""Department"":""ORL PCU Cardiopulmonary"",""JobTitle"":""Registered Nurse""}",i:0#.f|membership|aaaa09@multihosp.net,"{""@odata.type"":""#Microsoft.Azure.Connectors.SharePoint.SPListExpandedUser"",""Claims"":""i:0#.f|membership|jsm810@multihosp.net"",""DisplayName"":""McCormick, Jessica"",""Email"":""jessica.mccormick@adventhealth.com"",""Picture"":""https://ahsonline.sharepoint.com/sites/group-gt6leadershipteamgroup/_layouts/15/UserPhoto.aspx?Size=L&AccountName=jessica.mccormick@adventhealth.com"",""Department"":""ORL PCU Cardiopulmonary"",""JobTitle"":""Registered Nurse""}",i:0#.f|membership|jsm810@multihosp.net,Lists%252fGT6%2bSURGIFLOW%2bCPPCU%252f246_.000,False,"{""Large"":null,""Medium"":null,""Small"":null}",https://ahsonline.sharepoint.com/sites/group-gt6leadershipteamgroup/_layouts/15/listform.aspx?PageType=4&ListId=b1516083%2Da63d%2D4301%2D8686%2D4bd9d64675d3&ID=246&ContentTypeID=0x01009E3859902E23B24FAFFEB1621FDA4832,6803,6803,Lists/GT6 SURGIFLOW CPPCU/,Lists/GT6 SURGIFLOW CPPCU/246_.000,"{""@odata.type"":""#Microsoft.Azure.Connectors.SharePoint.SPListExpandedContentType"",""Id"":""0x01009E3859902E23B24FAFFEB1621FDA4832"",""Name"":""Item""}",0x01009E3859902E23B24FAFFEB1621FDA4832,False,9.0,,Siddique ,Cough/Dyspnea ,,,,
"""9""",247,247,6837,Herron ,502414167,2026-08-22,BOLT 2014. ,"BL wounds, Ext Edema, can not walk as well. 2L NC, BC sent, IV abx x1. elevated BP. ",,,,,,[],#Collection(Microsoft.Azure.Connectors.SharePoint.SPListExpandedReference),[],#Collection(Int64),[],#Collection(Microsoft.Azure.Connectors.SharePoint.SPListExpandedReference),[],#Collection(Int64),,,[],#Collection(Microsoft.Azure.Connectors.SharePoint.SPListExpandedReference),[],#Collection(Int64),,,[],#Collection(Microsoft.Azure.Connectors.SharePoint.SPListExpandedReference),[],#Collection(Int64),,,0,2026-08-13T22:42:07Z,False,False,False,False,False,False,2026-08-12,,,,,[],#Collection(Microsoft.Azure.Connectors.SharePoint.SPListExpandedReference),[],#Collection(Int64),,,,,False,True,False,False,False,False,False,False,False,False,3.00000000000000,"{""@odata.type"":""#Microsoft.Azure.Connectors.SharePoint.SPListExpandedReference"",""Id"":0,""Value"":""Progressing On Schedule""}",0,2026-08-16T05:33:29Z,2026-08-13T22:42:07Z,"{""@odata.type"":""#Microsoft.Azure.Connectors.SharePoint.SPListExpandedUser"",""Claims"":""i:0#.f|membership|rcufd6@multihosp.net"",""DisplayName"":""Cunningham, Ryan"",""Email"":""ryan.cunningham@adventhealth.com"",""Picture"":""https://ahsonline.sharepoint.com/sites/group-gt6leadershipteamgroup/_layouts/15/UserPhoto.aspx?Size=L&AccountName=ryan.cunningham@adventhealth.com"",""Department"":""ORL PCU Cardiopulmonary"",""JobTitle"":""Registered Nurse""}",i:0#.f|membership|rcufd6@multihosp.net,"{""@odata.type"":""#Microsoft.Azure.Connectors.SharePoint.SPListExpandedUser"",""Claims"":""i:0#.f|membership|ssmc7a@multihosp.net"",""DisplayName"":""Smith, Shayla"",""Email"":""Shayla.Smith@AdventHealth.com"",""Picture"":""https://ahsonline.sharepoint.com/sites/group-gt6leadershipteamgroup/_layouts/15/UserPhoto.aspx?Size=L&AccountName=Shayla.Smith@AdventHealth.com"",""Department"":""ORL PCU Cardiopulmonary"",""JobTitle"":""Asst Nurse Mgr""}",i:0#.f|membership|ssmc7a@multihosp.net,Lists%252fGT6%2bSURGIFLOW%2bCPPCU%252f247_.000,False,"{""Large"":null,""Medium"":null,""Small"":null}",https://ahsonline.sharepoint.com/sites/group-gt6leadershipteamgroup/_layouts/15/listform.aspx?PageType=4&ListId=b1516083%2Da63d%2D4301%2D8686%2D4bd9d64675d3&ID=247&ContentTypeID=0x01009E3859902E23B24FAFFEB1621FDA4832,6837,6837,Lists/GT6 SURGIFLOW CPPCU/,Lists/GT6 SURGIFLOW CPPCU/247_.000,"{""@odata.type"":""#Microsoft.Azure.Connectors.SharePoint.SPListExpandedContentType"",""Id"":""0x01009E3859902E23B24FAFFEB1621FDA4832"",""Name"":""Item""}",0x01009E3859902E23B24FAFFEB1621FDA4832,False,9.0,,Conti,Hyperglycemia/AMS,,,,
